place_id,name,address,lat,lng,rating,user_ratings_total,price_level,types,phone,website,opening_hours,business_status,anchor_area,search_type,primary_category,popularity_tier,is_tourist_area
ChIJy9b-v6Zz4ToRugWnWhLsGj8,Pedlar's Inn Cafe and Restaurant,"92 Pedlar's Street, Galle 80000, Sri Lanka",6.026106,80.2164153,4.5,,2.0,"establishment, food, point_of_interest, restaurant",0912 225 333,http://pedlarsinncafe.com/,"Monday: 9:00 AM – 10:00 PM | Tuesday: 9:00 AM – 10:00 PM | Wednesday: 9:00 AM – 10:00 PM | Thursday: 9:00 AM – 10:00 PM | Friday: 9:00 AM – 12:00 PM, 1:30 – 10:00 PM | Saturday: 9:00 AM – 10:00 PM | Sunday: 9:00 AM – 10:00 PM",OPERATIONAL,Galle Fort,restaurant,restaurant,Top,True
ChIJ2TqOXaZz4ToRMjcYKMO60gE,Fort Fifty Inn Guest House & Restaurant,"50 Leyn Baan St, Galle 80000, Sri Lanka",6.026026,80.2186897,3.7,,,"establishment, food, lodging, point_of_interest, restaurant",074 123 2377,,Monday: Open 24 hours | Tuesday: Open 24 hours | Wednesday: Open 24 hours | Thursday: Open 24 hours | Friday: Open 24 hours | Saturday: Open 24 hours | Sunday: Open 24 hours,OPERATIONAL,Galle Fort,restaurant,restaurant,Top,True
ChIJCZZdp7tz4ToRUU82jjTGM68,KFC - Galle,"10 Wakwella Rd, Galle 80000, Sri Lanka",6.035171399999999,80.2171281,3.5,,2.0,"establishment, food, point_of_interest, restaurant",0912 233 247,,Monday: 10:00 AM – 10:00 PM | Tuesday: 10:00 AM – 10:00 PM | Wednesday: 10:00 AM – 10:00 PM | Thursday: 10:00 AM – 10:00 PM | Friday: 10:00 AM – 10:00 PM | Saturday: 10:00 AM – 10:00 PM | Sunday: 10:00 AM – 10:00 PM,OPERATIONAL,Galle Fort,restaurant,restaurant,Top,True
ChIJj1KrhaZz4ToRCIdXqUVnpig,Fort Bazaar,"Fort Bazaar, 26 පල්ලිය පාර, ගාල්ල 80000, Sri Lanka",6.026844,80.217685,4.6,,,"establishment, food, lodging, point_of_interest, restaurant, spa",077 363 8381,https://www.teardrop-hotels.com/fort-bazaar/?utm_source=google&utm_medium=GMB&utm_campaign=FortBazaar,,OPERATIONAL,Galle Fort,restaurant,restaurant,Top,True
ChIJIVCshaZz4ToRzoBLr_F2SXs,"Church Street Social, Galle Fort","26 Church St, Galle 80000, Sri Lanka",6.026832,80.21769599999999,4.2,,,"bar, establishment, food, point_of_interest, restaurant",077 007 2597,https://www.teardrop-hotels.com/fort-bazaar/church-street-social/?utm_source=google&utm_medium=GMB&utm_campaign=church+street+social,Monday: 7:00 AM – 10:00 PM | Tuesday: 7:00 AM – 10:00 PM | Wednesday: 7:00 AM – 10:00 PM | Thursday: 7:00 AM – 10:00 PM | Friday: 7:00 AM – 10:00 PM | Saturday: 7:00 AM – 10:00 PM | Sunday: 7:00 AM – 10:00 PM,OPERATIONAL,Galle Fort,restaurant,bar,Top,True
ChIJq6qqqsZz4ToR0AKTSKoYiNc,The Heritage Cafe & Bistro,"54 Pedlar St, Galle 80000, Sri Lanka",6.0260373,80.217112,4.2,,2.0,"cafe, establishment, food, point_of_interest, restaurant",0912 239 907,https://www.heritagecafeandbistro.com/,Monday: 8:00 AM – 10:30 PM | Tuesday: 8:00 AM – 10:30 PM | Wednesday: 8:00 AM – 10:30 PM | Thursday: 8:00 AM – 10:30 PM | Friday: 8:00 AM – 10:30 PM | Saturday: 8:00 AM – 10:30 PM | Sunday: 8:00 AM – 10:30 PM,OPERATIONAL,Galle Fort,restaurant,cafe,Top,True
ChIJ-eGck6Zz4ToRewWhWUmfEAc,Secret Garden Fort,"66 Pedlar St, Galle 80000, Sri Lanka",6.0260604,80.2172363,3.8,,,"establishment, food, lodging, point_of_interest, restaurant",076 682 5359,,Monday: 8:00 AM – 6:00 PM | Tuesday: 8:00 AM – 6:00 PM | Wednesday: 8:00 AM – 6:00 PM | Thursday: 8:00 AM – 6:00 PM | Friday: 8:00 AM – 6:00 PM | Saturday: 8:00 AM – 6:00 PM | Sunday: 8:00 AM – 6:00 PM,OPERATIONAL,Galle Fort,restaurant,restaurant,Top,True
ChIJXQZBsKZz4ToR_v-FTu9f6Z0,Lucky Fort Restaurant And Cooking Class And Boat Rides,"07 Parawa St, Galle 80000, Sri Lanka",6.026376,80.216021,4.7,,1.0,"establishment, food, point_of_interest, restaurant",0912 242 922,https://luckyfortgalle.com/,Monday: 12:00 – 9:00 PM | Tuesday: 12:00 – 9:00 PM | Wednesday: 12:00 – 9:00 PM | Thursday: 12:00 – 9:00 PM | Friday: 12:00 – 9:00 PM | Saturday: Closed | Sunday: Closed,OPERATIONAL,Galle Fort,restaurant,restaurant,Top,True
ChIJ-1jJTqZz4ToRN8Sbynkney4,Elita Restaurant,"34 Middle St, Galle 80000, Sri Lanka",6.028275499999999,80.2157027,4.2,,2.0,"establishment, food, point_of_interest, restaurant",077 242 3442,https://m.facebook.com/elita.restaurant/,Monday: 8:00 AM – 11:00 PM | Tuesday: 8:00 AM – 11:00 PM | Wednesday: 8:00 AM – 11:00 PM | Thursday: 8:00 AM – 11:00 PM | Friday: 8:00 AM – 11:00 PM | Saturday: 11:00 AM – 11:00 PM | Sunday: 11:00 AM – 11:00 PM,OPERATIONAL,Galle Fort,restaurant,restaurant,Top,True
ChIJSV94ZaZz4ToRQqI58ChJqDo,Italian food Resturent & Cafe,"26G9+JG9, Galle 80000, Sri Lanka",6.026545899999999,80.2188699,3.5,,,"establishment, food, point_of_interest, restaurant",077 684 8006,,Monday: 9:30 AM – 10:00 PM | Tuesday: 9:30 AM – 10:00 PM | Wednesday: 9:30 AM – 10:00 PM | Thursday: 9:30 AM – 10:00 PM | Friday: 9:30 AM – 10:00 PM | Saturday: 9:30 AM – 10:00 PM | Sunday: 9:30 AM – 10:00 PM,OPERATIONAL,Galle Fort,restaurant,restaurant,Top,True
ChIJI64g_6Zz4ToR8QIkt4riKT0,coconut sambol,"59 Church St, Galle 80000, Sri Lanka",6.025025299999999,80.2180673,4.6,,1.0,"establishment, food, point_of_interest, restaurant",077 797 1199,https://www.facebook.com/Coconut-sambol-415106015489001/,"Monday: 10:00 AM – 10:00 PM | Tuesday: 10:00 AM – 10:00 PM | Wednesday: 10:00 AM – 10:00 PM | Thursday: 10:00 AM – 10:00 PM | Friday: 10:00 AM – 12:00 PM, 1:30 – 10:00 PM | Saturday: 10:00 AM – 10:00 PM | Sunday: 10:00 AM – 10:00 PM",OPERATIONAL,Galle Fort,restaurant,restaurant,Top,True
ChIJLzwv_6Zz4ToRJjP0p1i61As,Dairy King - Homemade Ice Cream,"69 Church St, Galle 80000, Sri Lanka",6.0246283,80.218142,4.6,,1.0,"cafe, establishment, food, point_of_interest, restaurant, store",076 846 3763,,Monday: 8:30 AM – 10:00 PM | Tuesday: 8:30 AM – 10:00 PM | Wednesday: 8:30 AM – 10:00 PM | Thursday: 8:30 AM – 10:00 PM | Friday: 8:30 AM – 10:00 PM | Saturday: 8:30 AM – 10:00 PM | Sunday: 8:30 AM – 10:00 PM,OPERATIONAL,Galle Fort,restaurant,cafe,Top,True
ChIJFROaDKZz4ToRgl04LCXllmQ,A Minute by Tuk Tuk Restaurant,"Shop # U-12, Old Dutch Hospita, Hospital St, Galle 80000, Sri Lanka",6.0269179,80.2196668,4.1,,2.0,"establishment, food, point_of_interest, restaurant",0914 945 000,https://aminutebytuktuk.com/,Monday: 11:30 AM – 11:00 PM | Tuesday: 11:30 AM – 11:00 PM | Wednesday: 11:30 AM – 11:00 PM | Thursday: 11:30 AM – 11:00 PM | Friday: 11:30 AM – 11:00 PM | Saturday: 11:30 AM – 11:00 PM | Sunday: 11:30 AM – 11:00 PM,OPERATIONAL,Galle Fort,restaurant,restaurant,Top,True
ChIJ21EYpLxz4ToR2DNBXJmJExM,P&S (Perera & Sons) - Galle Town,"36 Gamini Mawatha, Galle 80000, Sri Lanka",6.0335319,80.21503899999999,4.0,,2.0,"bakery, cafe, establishment, food, point_of_interest, restaurant, store",0914 943 054,http://www.pereraandsons.com/,Monday: 6:00 AM – 7:30 PM | Tuesday: 6:00 AM – 7:30 PM | Wednesday: 6:00 AM – 7:30 PM | Thursday: 6:00 AM – 7:30 PM | Friday: 6:00 AM – 7:30 PM | Saturday: 6:00 AM – 7:30 PM | Sunday: 6:00 AM – 7:30 PM,OPERATIONAL,Galle Fort,restaurant,cafe,Top,True
ChIJzckiGr1z4ToRMcEYnH8V9Ss,Domino's Pizza - Galle,"No.43 Colombo Main Rd, Galle 80000, Sri Lanka",6.0341081,80.212034,4.3,,2.0,"establishment, food, meal_delivery, meal_takeaway, point_of_interest, restaurant",0117 777 888,,Monday: 11:00 AM – 11:00 PM | Tuesday: 11:00 AM – 11:00 PM | Wednesday: 11:00 AM – 11:00 PM | Thursday: 11:00 AM – 11:00 PM | Friday: 11:00 AM – 11:00 PM | Saturday: 11:00 AM – 11:00 PM | Sunday: 11:00 AM – 11:00 PM,OPERATIONAL,Galle Fort,restaurant,takeaway,Top,True
ChIJGSArhr1z4ToRGQnqPhd9lCk,Pizza Hut,"No.70A Galle - Colombo Rd, Galle 80000, Sri Lanka",6.035667200000001,80.2099612,4.3,,2.0,"establishment, food, point_of_interest, restaurant",0117 729 729,https://www.pizzahut.lk/,Monday: 11:00 AM – 11:00 PM | Tuesday: 11:00 AM – 11:00 PM | Wednesday: 11:00 AM – 11:00 PM | Thursday: 11:00 AM – 11:00 PM | Friday: 11:00 AM – 11:00 PM | Saturday: 11:00 AM – 11:00 PM | Sunday: 11:00 AM – 11:00 PM,OPERATIONAL,Galle Fort,restaurant,restaurant,Top,True
ChIJt8ptRr9z4ToRW0_BJDeaezM,Little Lanka Bakers,"26R7+QRH, Wakwella Rd, Galle 80000, Sri Lanka",6.0419268,80.2146151,3.9,,,"establishment, food, point_of_interest, restaurant",0914 946 946,,Monday: 7:00 AM – 6:30 PM | Tuesday: 7:00 AM – 6:30 PM | Wednesday: 7:00 AM – 6:30 PM | Thursday: 7:00 AM – 6:30 PM | Friday: 7:00 AM – 6:30 PM | Saturday: 7:00 AM – 6:30 PM | Sunday: 7:00 AM – 6:30 PM,OPERATIONAL,Galle Fort,restaurant,restaurant,Top,True
ChIJH9jG4FFy4ToRdRd98jyyY80,The Shack Beach Cafe,"472 Matara Rd, Galle 80000, Sri Lanka",6.03294,80.238676,4.7,,2.0,"bar, cafe, establishment, food, point_of_interest, restaurant",077 541 5117,http://theshackbeachcafe.com/,Monday: 8:00 AM – 10:00 PM | Tuesday: 8:00 AM – 10:00 PM | Wednesday: 8:00 AM – 10:00 PM | Thursday: 8:00 AM – 11:00 PM | Friday: 8:00 AM – 11:00 PM | Saturday: 8:00 AM – 11:00 PM | Sunday: 8:00 AM – 10:00 PM,OPERATIONAL,Galle Fort,restaurant,cafe,Top,True
ChIJ60drkMVz4ToRjZorVar28A8,Malee's Restaurant,"No: 93 1/1 Steel Road Dangedara, Galle 80000, Sri Lanka",6.050172,80.22019,4.3,,,"establishment, food, point_of_interest, restaurant",0913 911 380,,Monday: 10:30 AM – 10:30 PM | Tuesday: 10:30 AM – 10:30 PM | Wednesday: 10:30 AM – 10:30 PM | Thursday: 10:30 AM – 10:30 PM | Friday: 10:30 AM – 10:30 PM | Saturday: 10:30 AM – 10:30 PM | Sunday: 10:30 AM – 10:30 PM,OPERATIONAL,Galle Fort,restaurant,restaurant,Top,True
ChIJEYXBbOlz4ToR7fSVWvklv8g,Hotel Hasara,"1 Wakunugoda Road, ගාල්ල 80000, Sri Lanka",6.0494794,80.20641379999999,3.8,,,"bar, establishment, food, lodging, point_of_interest, restaurant, tourist_attraction",0912 232 177,https://www.booking.com/hotel/lk/hasara-guest-house.html?aid=1132732,Monday: Open 24 hours | Tuesday: Open 24 hours | Wednesday: Open 24 hours | Thursday: Open 24 hours | Friday: Open 24 hours | Saturday: Open 24 hours | Sunday: Open 24 hours,OPERATIONAL,Galle Fort,restaurant,bar,Top,True
ChIJxTkX-FBy4ToRTD_JmHiN8PQ,La Mer Beach Restaurant & Lounge Bar,"26GV+X2W, A2, Galle, Sri Lanka",6.0274874,80.2425914,4.4,,,"establishment, food, point_of_interest, restaurant",077 194 7957,http://www.cocobayunawatuna.com/,Monday: 7:00 AM – 11:00 PM | Tuesday: 7:00 AM – 11:00 PM | Wednesday: 7:00 AM – 11:00 PM | Thursday: 7:00 AM – 11:00 PM | Friday: 7:00 AM – 11:00 PM | Saturday: 7:00 AM – 11:00 PM | Sunday: 7:00 AM – 11:00 PM,OPERATIONAL,Galle Fort,restaurant,restaurant,Top,True
ChIJD1xwl1By4ToRZCUZ-SE9aAQ,Mintage Restaurant and Bar - Galle,"No: 449, Matara Road, Deveta, Galle, Sri Lanka",6.0290541,80.24258209999999,4.1,,2.0,"establishment, food, point_of_interest, restaurant",0912 244 499,https://mintage.lk/,Monday: 11:00 AM – 11:00 PM | Tuesday: 11:00 AM – 11:00 PM | Wednesday: 11:00 AM – 11:00 PM | Thursday: 11:00 AM – 11:00 PM | Friday: 11:00 AM – 11:00 PM | Saturday: 11:00 AM – 11:00 PM | Sunday: 11:00 AM – 11:00 PM,OPERATIONAL,Galle Fort,restaurant,restaurant,Top,True
ChIJWRdQmrlz4ToRlyzdxPW_KVA,The Lady Hill Hotel,"29 Upper Dickson Rd, Galle 80000, Sri Lanka",6.038573299999999,80.2187684,4.5,,,"bar, establishment, food, health, lodging, point_of_interest, restaurant",,http://www.ladyhill.lk/,Monday: Open 24 hours | Tuesday: Open 24 hours | Wednesday: Open 24 hours | Thursday: Open 24 hours | Friday: Open 24 hours | Saturday: Open 24 hours | Sunday: Open 24 hours,OPERATIONAL,Galle Fort,restaurant,bar,Top,True
ChIJzxnijKZz4ToRDBgvb_I7Xqw,Fort Dew Guest House and Restaurant,"22 Sri Sudharmalaya Road, Galle 80000, Sri Lanka",6.027167299999999,80.2152041,4.3,,,"establishment, food, lodging, point_of_interest, restaurant, tourist_attraction",0912 224 365,http://fortdew.com/,,OPERATIONAL,Galle Fort,restaurant,restaurant,Top,True
ChIJ5aX7w2Zz4ToRqsTIAMEWm9g,Riku Kai,"44 Lighthouse St, Galle 80000, Sri Lanka",6.0268096,80.2165667,4.9,,,"establishment, food, point_of_interest, restaurant",0117 770 300,,Monday: 11:00 AM – 11:00 PM | Tuesday: 11:00 AM – 11:00 PM | Wednesday: 11:00 AM – 11:00 PM | Thursday: 11:00 AM – 11:00 PM | Friday: 11:00 AM – 11:00 PM | Saturday: 11:00 AM – 11:00 PM | Sunday: 11:00 AM – 11:00 PM,OPERATIONAL,Galle Fort,restaurant,restaurant,Top,True
ChIJpyXIfQBz4ToR0wHBoN5f0nE,Flavours Restaurant,"05 Church Cross St, Galle 80000, Sri Lanka",6.0272396,80.216883,4.5,,,"establishment, food, point_of_interest, restaurant",077 784 2005,,Monday: 10:00 AM – 9:30 PM | Tuesday: 10:00 AM – 9:30 PM | Wednesday: 10:00 AM – 9:30 PM | Thursday: 10:00 AM – 9:30 PM | Friday: 10:00 AM – 9:30 PM | Saturday: 10:00 AM – 9:30 PM | Sunday: 10:00 AM – 9:30 PM,OPERATIONAL,Galle Fort,restaurant,restaurant,Top,True
ChIJW9kkIaRz4ToRW_HsUcYW7Ms,The Bungalow Galle Fort - Restaurant & Cocktail Bar.,"3 Church Cross St, Galle 80212, Sri Lanka",6.0272606,80.2167415,4.8,,,"bar, establishment, food, point_of_interest, restaurant",,https://www.instagram.com/thebungalowgallefort/,Monday: 11:00 AM – 10:00 PM | Tuesday: 11:00 AM – 10:00 PM | Wednesday: 11:00 AM – 10:00 PM | Thursday: 11:00 AM – 10:00 PM | Friday: 11:00 AM – 10:00 PM | Saturday: 11:00 AM – 10:00 PM | Sunday: 11:00 AM – 10:00 PM,OPERATIONAL,Galle Fort,restaurant,bar,Top,True
ChIJd2OafwBz4ToRuaCldsxKZ_Y,Anods Cafe and Restaurant,"Lighthouse St, Galle 80000, Sri Lanka",6.027135599999999,80.2165471,4.9,,,"cafe, establishment, food, point_of_interest, restaurant",077 325 7248,https://anodzcafe.com/,Monday: 9:00 AM – 10:00 PM | Tuesday: 9:00 AM – 10:00 PM | Wednesday: 9:00 AM – 10:00 PM | Thursday: 9:00 AM – 10:00 PM | Friday: 9:00 AM – 10:00 PM | Saturday: 9:00 AM – 10:00 PM | Sunday: 9:00 AM – 10:00 PM,OPERATIONAL,Galle Fort,restaurant,cafe,Top,True
ChIJlyLHCgBz4ToRTgYb0n3ALUk,AR H,"Galle Dutch Fort, Galle 80000, Sri Lanka",6.0273081,80.21722919999999,,,,"establishment, food, point_of_interest, restaurant",,,,OPERATIONAL,Galle Fort,restaurant,restaurant,Top,True
ChIJ1dPY5Zhz4ToR_HOt0mvVZhQ,The Arch Restaurant - Galle Fort,"01 A Church Cross St, Galle 80000, Sri Lanka",6.0274326,80.2170929,4.7,,,"establishment, food, point_of_interest, restaurant",0912 238 053,http://www.thearch.lk/,Monday: 10:00 AM – 10:00 PM | Tuesday: 10:00 AM – 10:00 PM | Wednesday: 10:00 AM – 10:00 PM | Thursday: 10:00 AM – 10:00 PM | Friday: 10:00 AM – 10:00 PM | Saturday: 10:00 AM – 10:00 PM | Sunday: 10:00 AM – 10:00 PM,OPERATIONAL,Galle Fort,restaurant,restaurant,Top,True
ChIJ7-qpShtz4ToRH3vxw-d08ao,Spice chest,"35 Pedlar St, Galle 80000, Sri Lanka",6.026273,80.2172847,5.0,,,"establishment, food, point_of_interest, restaurant",,,,OPERATIONAL,Galle Fort,restaurant,restaurant,Top,True
ChIJE6kXK1Bz4ToRyrG4dAFCrwo,Amma Nissa Galle Fort,"12 Parawa St, Galle 80000, Sri Lanka",6.0267675,80.2161692,4.7,,,"establishment, food, point_of_interest, restaurant",077 666 7303,https://www.ammanissa.com/,Monday: 12:00 – 10:00 PM | Tuesday: 12:00 – 10:00 PM | Wednesday: 12:00 – 10:00 PM | Thursday: 12:00 – 10:00 PM | Friday: 12:00 – 10:00 PM | Saturday: 12:00 – 10:00 PM | Sunday: 12:00 – 10:00 PM,OPERATIONAL,Galle Fort,restaurant,restaurant,Top,True
ChIJ8czUHaRz4ToRE76rl3FRtKI,Imals Restaurant,"36 Lighthouse St, Galle 80000, Sri Lanka",6.0274712,80.2164154,4.7,,1.0,"establishment, food, point_of_interest, restaurant",070 303 6338,,Monday: 11:30 AM – 9:30 PM | Tuesday: 11:30 AM – 9:30 PM | Wednesday: 11:30 AM – 9:30 PM | Thursday: 11:30 AM – 9:30 PM | Friday: 11:30 AM – 9:30 PM | Saturday: 11:30 AM – 9:30 PM | Sunday: Closed,OPERATIONAL,Galle Fort,restaurant,restaurant,Top,True
ChIJ-U-06pZz4ToRJXb7e3MCqZg,1710,"64A Pedlar St, Galle 80000, Sri Lanka",6.0262333,80.21729780000001,4.7,,,"establishment, food, point_of_interest, restaurant",0912 229 223,http://www.themerchantgallefort.com/,Monday: 8:00 AM – 9:00 PM | Tuesday: 8:00 AM – 9:00 PM | Wednesday: 8:00 AM – 9:00 PM | Thursday: 8:00 AM – 9:00 PM | Friday: 8:00 AM – 9:00 PM | Saturday: 8:00 AM – 10:00 PM | Sunday: 8:00 AM – 10:00 PM,OPERATIONAL,Galle Fort,restaurant,restaurant,Top,True
ChIJDec_bGRz4ToRRikz8Ww-HVI,Y.M.B.A. Canteen,"36 Lighthouse St, Galle 80000, Sri Lanka",6.0275094,80.2163959,3.9,,,"establishment, food, point_of_interest, restaurant",,,Monday: 5:30 AM – 10:00 PM | Tuesday: 5:30 AM – 10:00 PM | Wednesday: 5:30 AM – 10:00 PM | Thursday: 5:30 AM – 10:00 PM | Friday: 5:30 AM – 10:00 PM | Saturday: 5:30 AM – 10:00 PM | Sunday: 5:30 AM – 10:00 PM,OPERATIONAL,Galle Fort,restaurant,restaurant,Top,True
ChIJG3EMMQBz4ToROdWHeoeCERc,Secret Garden Restaurant,"66 Pedlar St, Galle 80000, Sri Lanka",6.0260548,80.2171616,4.1,,,"establishment, food, point_of_interest, restaurant",,,,OPERATIONAL,Galle Fort,restaurant,restaurant,Top,True
ChIJHwO7HgBz4ToRvo2yaszC0g4,Sugar Bistro,"53 Lighthouse St, Galle 80000, Sri Lanka",6.026036299999999,80.2171207,4.3,,,"establishment, food, point_of_interest, restaurant",,,Monday: 9:00 AM – 11:00 PM | Tuesday: 9:00 AM – 11:00 PM | Wednesday: 9:00 AM – 11:00 PM | Thursday: 9:00 AM – 11:00 PM | Friday: 9:00 AM – 11:00 PM | Saturday: 9:00 AM – 11:00 PM | Sunday: 9:00 AM – 11:00 PM,OPERATIONAL,Galle Fort,restaurant,restaurant,Top,True
ChIJfUK7dgBz4ToR9IbtG1WAXYo,Nisala Food,"62, 10 Pedlar St, Galle 80000, Sri Lanka",6.0262297,80.21753079999999,4.7,,,"establishment, food, point_of_interest, restaurant",077 578 5955,,Monday: 5:00 AM – 10:00 PM | Tuesday: 5:00 AM – 10:00 PM | Wednesday: 5:00 AM – 10:00 PM | Thursday: 5:00 AM – 10:00 PM | Friday: 5:00 AM – 10:00 PM | Saturday: 5:00 AM – 10:00 PM | Sunday: 5:00 AM – 10:00 PM,OPERATIONAL,Galle Fort,restaurant,restaurant,Top,True
ChIJQWJ6jaZz4ToRgqp3a-W9Qsk,Isle of Gelato,"60A Pedlar St, Galle 80000, Sri Lanka",6.026230099999999,80.2176535,4.7,,2.0,"cafe, establishment, food, point_of_interest, restaurant, store",0912 241 687,,Monday: 10:00 AM – 11:00 PM | Tuesday: 10:00 AM – 11:00 PM | Wednesday: 10:00 AM – 11:00 PM | Thursday: 10:00 AM – 11:00 PM | Friday: 10:00 AM – 11:00 PM | Saturday: 10:00 AM – 11:00 PM | Sunday: 10:00 AM – 11:00 PM,OPERATIONAL,Galle Fort,restaurant,cafe,Top,True
ChIJw9JCj6Zz4ToRH__ycF0kZtM,Chambers,"40 Church St, Galle 80000, Sri Lanka",6.0263453,80.21774409999999,4.6,,2.0,"establishment, food, point_of_interest, restaurant",0912 244 320,,Monday: 12:00 – 9:30 PM | Tuesday: 12:00 – 9:30 PM | Wednesday: 12:00 – 9:30 PM | Thursday: 12:00 – 9:30 PM | Friday: 4:00 – 9:30 PM | Saturday: 12:00 – 9:30 PM | Sunday: 12:00 – 9:30 PM,OPERATIONAL,Galle Fort,restaurant,restaurant,Top,True
ChIJixqQ6qZz4ToRXmridFOlCEQ,56 by Deco,"fort, 56 Lighthouse St, Galle 80000, Sri Lanka",6.0258929,80.2168411,4.1,,,"establishment, food, lodging, point_of_interest, restaurant",0912 232 774,,Monday: 7:00 AM – 10:00 PM | Tuesday: 7:00 AM – 10:30 PM | Wednesday: 7:00 AM – 10:00 PM | Thursday: 7:00 AM – 10:00 PM | Friday: 7:00 AM – 10:00 PM | Saturday: 7:00 AM – 10:00 PM | Sunday: 7:00 AM – 10:00 PM,OPERATIONAL,Galle Fort,restaurant,restaurant,Top,True
ChIJt4PXsE9z4ToRdwxy9oNYGbo,Coffee Brunch Galle Fort,"63 Pedlar St, Galle 80000, Sri Lanka",6.02591,80.21661499999999,4.7,,,"establishment, food, point_of_interest, restaurant",077 674 7052,http://www.coffeebrunch.lk/,Monday: 8:30 AM – 5:00 PM | Tuesday: Closed | Wednesday: 8:30 AM – 6:30 PM | Thursday: 8:30 AM – 6:30 PM | Friday: 8:30 AM – 6:30 PM | Saturday: 8:30 AM – 6:30 PM | Sunday: 8:30 AM – 6:30 PM,OPERATIONAL,Galle Fort,restaurant,restaurant,Top,True
ChIJhwfKgKZz4ToR27ir4dvR7ak,The Pasta Factory,"Leyn Baan, Cross Street, Galle 80000, Sri Lanka",6.0270331,80.2179343,4.6,,2.0,"cafe, establishment, food, point_of_interest, restaurant, store",077 714 7736,,Monday: 12:00 – 8:30 PM | Tuesday: 12:00 – 8:30 PM | Wednesday: 12:00 – 8:30 PM | Thursday: 12:00 – 8:30 PM | Friday: 12:00 – 8:30 PM | Saturday: 12:00 – 8:30 PM | Sunday: 12:00 – 8:30 PM,OPERATIONAL,Galle Fort,restaurant,cafe,Top,True
ChIJc7OwQJtz4ToRzQNbXLWVWqo,TrEATS @ FORT GALLE,"No:67 Pedlar St, Galle 80000, Sri Lanka",6.025936799999999,80.21638709999999,3.9,,,"cafe, establishment, food, point_of_interest, restaurant",076 191 7051,http://www.treatsgallefort.com/,Monday: 7:00 AM – 10:30 PM | Tuesday: 7:00 AM – 10:30 PM | Wednesday: 7:00 AM – 10:30 PM | Thursday: 7:00 AM – 10:30 PM | Friday: 7:00 AM – 10:00 PM | Saturday: 7:00 AM – 10:00 PM | Sunday: 7:00 AM – 10:30 PM,OPERATIONAL,Galle Fort,restaurant,cafe,Top,True
ChIJhfdSqytz4ToRYYzDLBkQZF8,Dutch Fortress Hotel and Bakery,"45 Pedlar St, Galle 80000, Sri Lanka",6.0259655,80.2176003,,,,"establishment, food, point_of_interest, restaurant",077 690 4617,,Monday: 7:00 AM – 10:00 PM | Tuesday: 7:00 AM – 10:00 PM | Wednesday: 7:00 AM – 10:00 PM | Thursday: 7:00 AM – 10:00 PM | Friday: 7:00 AM – 10:00 PM | Saturday: 7:00 AM – 10:00 PM | Sunday: 7:00 AM – 10:00 PM,OPERATIONAL,Galle Fort,restaurant,restaurant,Top,True
ChIJd4vqQ1xz4ToRCejDubslFpY,The Boutique Galle Fort,"54 Pedlar St, Galle 80000, Sri Lanka",6.0262364,80.2180355,4.9,,,"cafe, establishment, food, point_of_interest, restaurant, store",077 799 9393,https://www.instagram.com/theboutique.gallefort?igsh=eGk2dXdiNWVvaWYz&utm_source=qr,Monday: 8:30 AM – 7:30 PM | Tuesday: 8:30 AM – 7:30 PM | Wednesday: 8:30 AM – 7:30 PM | Thursday: 8:30 AM – 7:30 PM | Friday: 8:30 AM – 7:30 PM | Saturday: 8:30 AM – 7:30 PM | Sunday: 8:30 AM – 7:30 PM,OPERATIONAL,Galle Fort,restaurant,cafe,Top,True
ChIJ_TslIuJz4ToRAvo3oKyBySg,Double Happy Chinese restaurant (双喜中餐厅）,"62b Lighthouse St, Galle 80000, Sri Lanka",6.0255629,80.2168825,4.7,,,"establishment, food, point_of_interest, restaurant",076 664 0401,,Monday: 10:30 AM – 9:30 PM | Tuesday: 10:30 AM – 9:30 PM | Wednesday: 10:30 AM – 9:30 PM | Thursday: 10:30 AM – 9:30 PM | Friday: 10:30 AM – 9:30 PM | Saturday: 10:30 AM – 9:30 PM | Sunday: 10:30 AM – 9:30 PM,OPERATIONAL,Galle Fort,restaurant,restaurant,Top,True
ChIJx5iI1llz4ToRmf4e2FmVF0g,VOC Restaurant & Espresso Bar,"104 Pedlar St, Galle 80000, Sri Lanka",6.0259719,80.21591389999999,4.5,,,"bar, cafe, establishment, food, point_of_interest, restaurant, store",0912 222 650,https://instagram.com/voc_restaurant,Monday: 8:00 AM – 9:30 PM | Tuesday: 8:00 AM – 9:30 PM | Wednesday: 8:00 AM – 9:30 PM | Thursday: 8:00 AM – 9:29 PM | Friday: 8:00 AM – 9:30 PM | Saturday: 8:00 AM – 10:00 PM | Sunday: 8:00 AM – 10:00 PM,OPERATIONAL,Galle Fort,restaurant,cafe,Top,True
ChIJ2SftL1Jz4ToR5h4FHRMH_8U,"39, Bistro & Wine Bar","39 Pedlar St, Galle 80000, Sri Lanka",6.0261179,80.2180174,5.0,,,"establishment, food, point_of_interest, restaurant",077 780 7776,https://www.thefortprinters.com/,Monday: 8:00 AM – 10:00 PM | Tuesday: 8:00 AM – 10:00 PM | Wednesday: 8:00 AM – 10:00 PM | Thursday: 8:00 AM – 10:00 PM | Friday: 8:00 AM – 10:00 PM | Saturday: 8:00 AM – 10:00 PM | Sunday: 8:00 AM – 10:00 PM,OPERATIONAL,Galle Fort,restaurant,restaurant,Top,True
ChIJQ_4qi6Zz4ToRzz7CX4_xBuE,The Fort Printers,"39 Pedlar St, Galle 80000, Sri Lanka",6.0261179,80.2180174,4.5,,,"establishment, food, lodging, point_of_interest, restaurant",0912 247 977,http://www.thefortprinters.com/,Monday: Open 24 hours | Tuesday: Open 24 hours | Wednesday: Open 24 hours | Thursday: Open 24 hours | Friday: Open 24 hours | Saturday: Open 24 hours | Sunday: Open 24 hours,OPERATIONAL,Galle Fort,restaurant,restaurant,Top,True
ChIJheBlsqZz4ToRyFDy3P6Zfxs,Pearl Nest,"16 Chando St, Galle 80000, Sri Lanka",6.0265515,80.2155769,4.7,,,"establishment, food, lodging, point_of_interest, restaurant",0912 224 363,,Monday: 9:00 AM – 11:00 PM | Tuesday: 9:00 AM – 11:00 PM | Wednesday: 9:00 AM – 11:00 PM | Thursday: 9:00 AM – 11:00 PM | Friday: 9:00 AM – 11:00 PM | Saturday: 9:00 AM – 11:00 PM | Sunday: 9:00 AM – 11:00 PM,OPERATIONAL,Galle Fort,restaurant,restaurant,Top,True
ChIJr2nijVBz4ToRNlin9KBcRyg,The Ivy by Frangipani,"No:52 Pedlar St, Galle 80000, Sri Lanka",6.026258299999999,80.2181306,3.8,,,"establishment, food, point_of_interest, restaurant",077 807 9543,https://www.facebook.com/The-Ivy-by-Frangipani-106579327536075/,Monday: 11:00 AM – 11:00 PM | Tuesday: 11:00 AM – 11:00 PM | Wednesday: 11:00 AM – 11:00 PM | Thursday: 11:00 AM – 11:00 PM | Friday: 11:00 AM – 11:00 PM | Saturday: 11:00 AM – 11:00 PM | Sunday: 11:00 AM – 11:00 PM,OPERATIONAL,Galle Fort,restaurant,restaurant,Top,True
ChIJsUg_RORz4ToRgyk2-_1WWBA,El Taco,"46 Pedlar St, Galle 80000, Sri Lanka",6.0262495,80.2181311,3.5,,,"establishment, food, point_of_interest, restaurant",076 985 0684,,Monday: 11:00 AM – 10:00 PM | Tuesday: 11:00 AM – 10:00 PM | Wednesday: 11:00 AM – 10:00 PM | Thursday: 11:00 AM – 10:00 PM | Friday: 11:00 AM – 10:00 PM | Saturday: 11:00 AM – 10:00 PM | Sunday: 11:00 AM – 10:00 PM,OPERATIONAL,Galle Fort,restaurant,restaurant,Top,True
ChIJ9_P97E1z4ToR_8vo41wvkVI,Jcool,"28 Church St, Galle 80000, Sri Lanka",6.0266741,80.2174617,,,,"cafe, establishment, food, point_of_interest, store",,,,OPERATIONAL,Galle Fort,cafe,cafe,Top,True
ChIJDyGblKZz4ToRQLU1epYsNq4,Kurundu Cafe,"74, 68 Pedlar St, Galle 80000, Sri Lanka",6.026136,80.217111,1.0,,,"cafe, establishment, food, point_of_interest",,,Monday: 8:00 AM – 8:30 PM | Tuesday: 8:00 AM – 8:30 PM | Wednesday: 8:00 AM – 8:30 PM | Thursday: 8:00 AM – 8:30 PM | Friday: 8:00 AM – 8:30 PM | Saturday: 8:00 AM – 8:30 PM | Sunday: 8:00 AM – 8:30 PM,OPERATIONAL,Galle Fort,cafe,cafe,Top,True
ChIJeWQEZM1z4ToR6-g9BJQuECc,Brew bar Galle fort,"12 Parawa St, Galle 80000, Sri Lanka",6.0267032,80.2161263,5.0,,,"cafe, establishment, food, point_of_interest",077 766 6310,https://www.theresidencegallefort.com/,Monday: Closed | Tuesday: 8:00 AM – 6:00 PM | Wednesday: 8:00 AM – 6:00 PM | Thursday: 8:00 AM – 6:00 PM | Friday: 8:00 AM – 6:00 PM | Saturday: 8:00 AM – 6:00 PM | Sunday: 8:00 AM – 6:00 PM,OPERATIONAL,Galle Fort,cafe,cafe,Top,True
ChIJd-SQOSVz4ToRLgGin7aM0eE,Barista Galle Fort,"53 Pedlar St, Street 80000, Sri Lanka",6.026009,80.21697089999999,4.4,,2.0,"cafe, establishment, food, point_of_interest, store",0912 238 725,http://www.barista.lk/,Monday: 8:00 AM – 10:00 PM | Tuesday: 8:00 AM – 10:00 PM | Wednesday: 8:00 AM – 10:00 PM | Thursday: 8:00 AM – 10:00 PM | Friday: 8:00 AM – 10:00 PM | Saturday: 8:00 AM – 10:00 PM | Sunday: 8:00 AM – 10:00 PM,OPERATIONAL,Galle Fort,cafe,cafe,Top,True
ChIJYfi4HABz4ToRoMiibWzTex8,Hideout Juice Bar,"no 62, 2 Pedlar St, Galle 80000, Sri Lanka",6.0262196,80.21757219999999,5.0,,,"cafe, establishment, food, point_of_interest, store",,,,OPERATIONAL,Galle Fort,cafe,cafe,Top,True
ChIJo6pbdwBz4ToR-9XvOhrH-sY,ArtNEST Gallery Cafe & Stay - Galle Fort,"no 47, 1 Pedlar St, Galle 80000, Sri Lanka",6.026059900000001,80.21752029999999,5.0,,,"cafe, establishment, food, lodging, point_of_interest",071 847 2636,,,OPERATIONAL,Galle Fort,cafe,cafe,Top,True
ChIJY_2cAgBz4ToRsVEaLPDD7wg,rams cafe,"47 Pedlar St, Galle 80000, Sri Lanka",6.0259326,80.21748699999999,4.7,,,"cafe, establishment, food, point_of_interest, store",077 581 7607,https://www.instagram.com/explore/locations/375891245/pedlar-street-galle-fort/,Monday: 9:00 AM – 8:00 PM | Tuesday: 9:00 AM – 8:00 PM | Wednesday: 9:00 AM – 8:00 PM | Thursday: 9:00 AM – 8:00 PM | Friday: 9:00 AM – 8:00 PM | Saturday: 9:00 AM – 8:00 PM | Sunday: 9:00 AM – 8:00 PM,OPERATIONAL,Galle Fort,cafe,cafe,Top,True
ChIJZWthl7Nz4ToRoglMjpGn4cI,CURRY FORT by TUTELA,"01 Parawa St, Galle 80000, Sri Lanka",6.026110399999999,80.2160767,,,,"cafe, establishment, food, point_of_interest",,,Monday: 10:00 AM – 9:00 PM | Tuesday: 10:00 AM – 9:00 PM | Wednesday: 10:00 AM – 9:00 PM | Thursday: 10:00 AM – 9:00 PM | Friday: 10:00 AM – 9:00 PM | Saturday: 10:00 AM – 9:00 PM | Sunday: 10:00 AM – 9:00 PM,OPERATIONAL,Galle Fort,cafe,cafe,Top,True
ChIJL2syq6Zz4ToRPxgMYTrobMw,Prince of Galle,"Sri Sudharmalaya Street 3A, Galle 80002, Sri Lanka",6.027056000000001,80.215677,4.8,,,"cafe, establishment, food, lodging, point_of_interest, spa",076 609 8880,http://www.princeofgalle.com/,,OPERATIONAL,Galle Fort,cafe,cafe,Top,True
ChIJO7b0jKZz4ToRhxnwy1x1NJM,Dumplings Cafe,"54 Church St, Galle 80000, Sri Lanka",6.0256772,80.2178881,4.5,,,"cafe, establishment, food, point_of_interest, restaurant, store",076 624 4832,,Monday: 9:00 AM – 9:00 PM | Tuesday: 9:00 AM – 9:00 PM | Wednesday: 9:00 AM – 9:00 PM | Thursday: 9:00 AM – 9:00 PM | Friday: 9:00 AM – 9:00 PM | Saturday: 9:00 AM – 9:00 PM | Sunday: 9:00 AM – 9:00 PM,OPERATIONAL,Galle Fort,cafe,cafe,Top,True
ChIJP2Z8IQBz4ToRgqLKyZg_bj0,PGS Food van,"26G8+973, Rampart St, Galle 80000, Sri Lanka",6.025882699999999,80.2156597,,,,"cafe, establishment, food, point_of_interest, store",077 535 3923,,,OPERATIONAL,Galle Fort,cafe,cafe,Top,True
ChIJh1j3TKFz4ToRPL_Y9Z20-vk,Rampart Cafe,"26G8+H4M, Galle 80000, Sri Lanka",6.0264744,80.2152928,3.2,,,"cafe, establishment, food, point_of_interest",,,Monday: 8:00 AM – 9:00 PM | Tuesday: 8:00 AM – 9:00 PM | Wednesday: 8:00 AM – 9:00 PM | Thursday: 8:00 AM – 9:00 PM | Friday: 8:00 AM – 9:00 PM | Saturday: 8:00 AM – 9:00 PM | Sunday: 8:00 AM – 9:00 PM,OPERATIONAL,Galle Fort,cafe,cafe,Top,True
ChIJiza6pCtz4ToRexBDd04dwGI,Eats & Treats,"Ground Floor, 58 Church St, Galle 80000, Sri Lanka",6.025517199999999,80.21791859999999,5.0,,,"bakery, cafe, establishment, food, point_of_interest, restaurant, store",076 690 4161,,Monday: 8:00 AM – 10:00 PM | Tuesday: 8:00 AM – 10:00 PM | Wednesday: 8:00 AM – 10:00 PM | Thursday: 8:00 AM – 10:00 PM | Friday: 8:00 AM – 10:00 PM | Saturday: 8:00 AM – 10:00 PM | Sunday: 8:00 AM – 10:30 PM,OPERATIONAL,Galle Fort,cafe,cafe,Top,True
ChIJz2NiMgBz4ToRiy6xba-5azs,Kaffi Galle Fort,"10 Leyn Baan St, Galle 80000, Sri Lanka",6.0272495,80.2186461,4.9,,,"cafe, establishment, food, point_of_interest, store",,,Monday: 8:00 AM – 5:00 PM | Tuesday: 8:00 AM – 5:00 PM | Wednesday: 8:00 AM – 5:00 PM | Thursday: 8:00 AM – 5:00 PM | Friday: 8:00 AM – 5:00 PM | Saturday: 8:00 AM – 5:00 PM | Sunday: 8:00 AM – 5:00 PM,OPERATIONAL,Galle Fort,cafe,cafe,Top,True
ChIJJ_-xeaZz4ToRZzhkVoVDR1Y,New Riyadh Cafe,"26G9+VF7, Leyn Baan St, Galle 80000, Sri Lanka",6.0271652,80.2186775,,,,"cafe, establishment, food, point_of_interest",,,,OPERATIONAL,Galle Fort,cafe,cafe,Top,True
ChIJK8g7_Gxz4ToR7WgOZwZChDM,Garrison Coffee House,"26G8+4C5, Rampart St, Galle 80000, Sri Lanka",6.0252614,80.2160961,4.4,,,"cafe, establishment, food, point_of_interest, store",077 840 6101,,Monday: 8:30 AM – 8:00 PM | Tuesday: 8:30 AM – 8:00 PM | Wednesday: 8:30 AM – 8:00 PM | Thursday: 8:30 AM – 8:00 PM | Friday: 8:30 AM – 8:00 PM | Saturday: 8:30 AM – 8:00 PM | Sunday: 8:30 AM – 8:00 PM,OPERATIONAL,Galle Fort,cafe,cafe,Top,True
ChIJ0YQBw6dz4ToR87Ti3CpzT2w,Coco And Date,"53/1 Church St, Galle 80000, Sri Lanka",6.0253552,80.21822139999999,5.0,,,"cafe, establishment, food, point_of_interest",071 134 6460,https://www.instagram.com/cocoanddate?igsh=cGU4aHJuOXhhdnp4,Monday: 8:30 AM – 6:00 PM | Tuesday: 8:30 AM – 6:00 PM | Wednesday: 8:30 AM – 6:00 PM | Thursday: 8:30 AM – 6:00 PM | Friday: 8:30 AM – 6:00 PM | Saturday: 8:30 AM – 6:00 PM | Sunday: 8:30 AM – 6:00 PM,OPERATIONAL,Galle Fort,cafe,cafe,Top,True
ChIJhVlEXz9z4ToRuBbvsUHEHKQ,AQUA Forno,"53 Church St, Galle 80000, Sri Lanka",6.0253158,80.2181755,4.5,,,"bakery, cafe, establishment, food, point_of_interest, restaurant, store",076 369 0750,https://www.aquafornobakery.com/,Monday: 8:00 AM – 8:00 PM | Tuesday: 8:00 AM – 8:00 PM | Wednesday: 8:00 AM – 8:00 PM | Thursday: 8:00 AM – 8:00 PM | Friday: 8:00 AM – 8:00 PM | Saturday: 8:00 AM – 8:00 PM | Sunday: 8:00 AM – 8:00 PM,OPERATIONAL,Galle Fort,cafe,cafe,Top,True
ChIJLRLMLalz4ToRE0S23ZDsztk,Priyamithra TeaRoom,"26H9+2G8, Galle 80000, Sri Lanka",6.027537,80.218836,5.0,,,"cafe, establishment, food, point_of_interest",077 404 8999,,,OPERATIONAL,Galle Fort,cafe,cafe,Top,True
ChIJc_eiAadz4ToR7AAc4eWcubs,Moi Galle Fort by DBI,"50 Leyn Baan St, Galle 80000, Sri Lanka",6.0260519,80.2187819,4.4,,,"cafe, establishment, food, lodging, point_of_interest",074 123 2377,https://moihotels.com/,,OPERATIONAL,Galle Fort,cafe,cafe,Top,True
ChIJg_HfBiBz4ToRWJ03NV83xUg,PUPPETS RESTAURANT & CAFE,"52 Leyn Baan St, Galle 80000, Sri Lanka",6.0259927,80.2187972,4.8,,,"cafe, establishment, food, point_of_interest, restaurant",076 811 4215,http://www.lejardindufort.com/,Monday: 8:00 AM – 9:00 PM | Tuesday: 8:00 AM – 9:00 PM | Wednesday: 8:00 AM – 9:00 PM | Thursday: 8:00 AM – 9:00 PM | Friday: 8:00 AM – 9:00 PM | Saturday: 8:00 AM – 9:00 PM | Sunday: 8:00 AM – 9:00 PM,OPERATIONAL,Galle Fort,cafe,cafe,Top,True
ChIJsQRBXaZz4ToRgh20_xeRLOM,"Le Jardin du Fort - A Romantic Hotel de Charme in Galle Fort, Sri Lanka","52 Leyn Baan St, Galle 80000, Sri Lanka",6.0259927,80.2187972,4.7,,,"cafe, establishment, food, lodging, point_of_interest, restaurant",074 377 8498,http://lejardindufort.com/,Monday: Open 24 hours | Tuesday: Open 24 hours | Wednesday: Open 24 hours | Thursday: Open 24 hours | Friday: Open 24 hours | Saturday: Open 24 hours | Sunday: Open 24 hours,OPERATIONAL,Galle Fort,cafe,cafe,Top,True
ChIJ_YxFjqBz4ToR1xAItP-8Bto,"Moi Galle Fort Restaurant, Bar & Cafe.","50 Leyn Baan St, Galle 80000, Sri Lanka",6.0260399,80.21882149999999,4.8,,,"bar, cafe, establishment, food, point_of_interest, restaurant",074 123 2377,https://www.moihotels.com/,Monday: 8:00 AM – 10:00 PM | Tuesday: 8:00 AM – 10:00 PM | Wednesday: 8:00 AM – 10:00 PM | Thursday: 8:00 AM – 10:00 PM | Friday: 8:00 AM – 10:00 PM | Saturday: 8:00 AM – 10:00 PM | Sunday: 8:00 AM – 10:30 PM,OPERATIONAL,Galle Fort,cafe,cafe,Top,True
ChIJD9BxppJz4ToRcNtvs-iolZs,Island Tea Co.& Ceylon Coffee Club - Galle fort,"33 Leyn Baan St, Galle 80000, Sri Lanka",6.0266148,80.2189973,4.6,,,"cafe, establishment, food, point_of_interest, store",077 917 1584,,Monday: 7:00 AM – 8:00 PM | Tuesday: 7:00 AM – 8:00 PM | Wednesday: 7:00 AM – 8:00 PM | Thursday: 7:00 AM – 8:00 PM | Friday: 7:00 AM – 8:00 PM | Saturday: 7:00 AM – 8:00 PM | Sunday: 7:00 AM – 8:00 PM,OPERATIONAL,Galle Fort,cafe,cafe,Top,True
ChIJK86IT3Zz4ToRDXl2C7SWImU,Cafe Yesara gallefort,"16 New Lane I, Galle 80000, Sri Lanka",6.0254378,80.2184848,4.7,,,"art_gallery, cafe, establishment, food, point_of_interest, restaurant",077 341 4179,https://www.tripadvisor.com/Restaurant_Review-g297896-d33068106-Reviews-Cafe_Yesara_Gallefort-Galle_Galle_District_Southern_Province.html?m=69573,Monday: 8:30 AM – 9:30 PM | Tuesday: 8:30 AM – 9:30 PM | Wednesday: 8:30 AM – 9:30 PM | Thursday: 8:30 AM – 9:30 PM | Friday: 8:30 AM – 9:30 PM | Saturday: 8:30 AM – 9:30 PM | Sunday: 8:30 AM – 9:30 PM,OPERATIONAL,Galle Fort,cafe,cafe,Top,True
ChIJNUY1-71z4ToRee-O5lPR0MA,KiXi Fort Galle,"3A Lighthouse St, Galle 80000, Sri Lanka",6.0290062,80.21627579999999,4.7,,,"cafe, establishment, food, point_of_interest",076 046 4227,https://kixi.lk/,Monday: 7:30 AM – 1:00 PM | Tuesday: 7:30 AM – 9:30 PM | Wednesday: 7:30 AM – 9:30 PM | Thursday: 7:30 AM – 9:30 PM | Friday: 7:30 AM – 9:30 PM | Saturday: 7:30 AM – 9:30 PM | Sunday: 7:30 AM – 9:00 PM,OPERATIONAL,Galle Fort,cafe,cafe,Top,True
ChIJFVE5OgBz4ToRy1rSxrQSNjQ,Ameen hotel,"26G9+5CP, New Lane I, Galle 80000, Sri Lanka",6.0254509,80.2185828,,,,"cafe, establishment, food, point_of_interest, store",,,,OPERATIONAL,Galle Fort,cafe,cafe,Top,True
ChIJu5_4oV1z4ToRzPRNYCSOe30,FortYard Cafe by Yara,"40 Middle St, Galle 80000, Sri Lanka",6.0288444,80.2155329,4.6,,,"cafe, establishment, food, point_of_interest",0912 228 830,https://yarahotels.lk/,Monday: 7:00 AM – 10:00 PM | Tuesday: 7:00 AM – 10:00 PM | Wednesday: 7:00 AM – 10:00 PM | Thursday: 7:30 AM – 10:00 PM | Friday: 7:00 AM – 10:00 PM | Saturday: 7:00 AM – 10:00 PM | Sunday: 7:00 AM – 10:00 PM,OPERATIONAL,Galle Fort,cafe,cafe,Top,True
ChIJgU1bvB9z4ToR1AqRIpAJG0U,Le Bella1912,"12 Hospital St, Galle 80000, Sri Lanka",6.0265439,80.2192831,4.7,,,"cafe, establishment, food, lodging, point_of_interest, restaurant",076 633 8028,,Monday: 8:00 AM – 10:00 PM | Tuesday: 8:00 AM – 10:00 PM | Wednesday: 8:00 AM – 10:00 PM | Thursday: 8:00 AM – 10:00 PM | Friday: 8:00 AM – 10:00 PM | Saturday: 8:00 AM – 10:00 PM | Sunday: 8:00 AM – 10:00 PM,OPERATIONAL,Galle Fort,cafe,cafe,Top,True
ChIJ3TMYb25z4ToR9yYQ3o4vV-I,Orion XO Tea & Café,"67 Church St, Galle 80000, Sri Lanka",6.0247527,80.2181227,4.8,,,"cafe, establishment, food, point_of_interest, restaurant",0912 249 230,https://www.celestialteaco.com/,Monday: 8:30 AM – 7:30 PM | Tuesday: 8:30 AM – 7:30 PM | Wednesday: 8:30 AM – 7:30 PM | Thursday: 8:30 AM – 7:30 PM | Friday: 8:00 AM – 8:00 PM | Saturday: 8:00 AM – 8:00 PM | Sunday: 8:00 AM – 8:00 PM,OPERATIONAL,Galle Fort,cafe,cafe,Top,True
ChIJ_3TFIwlz4ToRCCiKLA-oZmQ,FASHION FRUIT,"65 Leyn Baan St, Galle 80000, Sri Lanka",6.025640699999999,80.2190814,5.0,,,"cafe, establishment, food, point_of_interest",,,Monday: 9:00 AM – 6:00 PM | Tuesday: 9:00 AM – 6:00 PM | Wednesday: 9:00 AM – 6:00 PM | Thursday: 9:00 AM – 6:00 PM | Friday: 9:00 AM – 6:00 PM | Saturday: 9:00 AM – 6:00 PM | Sunday: 9:00 AM – 6:00 PM,OPERATIONAL,Galle Fort,cafe,cafe,Top,True
ChIJFZqXWwBz4ToRC2HEXmmgMJQ,Point de Galle,"14 Hospital St, Galle 80000, Sri Lanka",6.0263041,80.2193678,4.1,,,"cafe, establishment, food, point_of_interest, store",070 649 0000,http://www.briocaffeina.com/,Monday: 7:30 AM – 8:30 PM | Tuesday: 7:30 AM – 8:30 PM | Wednesday: 7:30 AM – 8:30 PM | Thursday: 7:30 AM – 8:30 PM | Friday: 7:30 AM – 8:30 PM | Saturday: 7:30 AM – 8:30 PM | Sunday: 7:30 AM – 8:30 PM,OPERATIONAL,Galle Fort,cafe,cafe,Top,True
ChIJXw8ErLFz4ToRR5BqhoxpNEE,Simply Strawberries by Jagro - Galle Fort,"24 Hospital St, Galle 80000, Sri Lanka",6.0259545,80.21925619999999,4.6,,2.0,"cafe, establishment, food, point_of_interest",076 962 6292,http://www.jagrofresh.lk/,Monday: 10:00 AM – 10:00 PM | Tuesday: 10:00 AM – 10:00 PM | Wednesday: 10:00 AM – 10:00 PM | Thursday: 10:00 AM – 10:00 PM | Friday: 10:00 AM – 10:00 PM | Saturday: 10:00 AM – 10:00 PM | Sunday: 10:00 AM – 10:00 PM,OPERATIONAL,Galle Fort,cafe,cafe,Top,True
ChIJ98nIUaZz4ToR3oZCEjhQQvo,Royal Dutch Cafe,"72 Leyn Baan St, Galle 80000, Sri Lanka",6.025282199999999,80.218865,3.9,,,"cafe, establishment, food, point_of_interest, restaurant",077 177 4949,,Monday: 8:00 AM – 7:00 PM | Tuesday: 8:00 AM – 7:00 PM | Wednesday: 8:00 AM – 7:00 PM | Thursday: 8:00 AM – 7:00 PM | Friday: 1:00 – 7:00 PM | Saturday: 8:00 AM – 7:00 PM | Sunday: 8:00 AM – 7:00 PM,OPERATIONAL,Galle Fort,cafe,cafe,Top,True
ChIJ6z5cbaZz4ToRX5Nw7R1ufWg,Ocean Bistro by Starbeans,"Dutch Hospital, Galle Dutch Fort, Hospital St, Galle 80000, Sri Lanka",6.0266895,80.2195112,4.7,,,"bakery, cafe, establishment, food, meal_delivery, meal_takeaway, point_of_interest, restaurant, store",0912 235 500,https://starbeansceylon.com/,Monday: 10:00 AM – 10:30 PM | Tuesday: 10:00 AM – 10:30 PM | Wednesday: 10:00 AM – 10:30 PM | Thursday: 10:00 AM – 10:30 PM | Friday: 10:00 AM – 10:30 PM | Saturday: 10:00 AM – 10:30 PM | Sunday: 10:00 AM – 10:30 PM,OPERATIONAL,Galle Fort,cafe,cafe,Top,True
ChIJp1p58qNz4ToR6XOIbTCUvRo,සුභ සාධක වෙළඳ සැල,"26H7+9V9, Rampart St, Galle 80000, Sri Lanka",6.028400599999999,80.21472179999999,4.6,,1.0,"cafe, establishment, food, point_of_interest",,,,OPERATIONAL,Galle Fort,cafe,cafe,Top,True
ChIJyfEPXtJz4ToRFw36RRvco98,Bubbluscious Bubble Tea - Galle Fort Outlet,"26F8+PX9, Rampart St, Galle 80000, Sri Lanka",6.0242818,80.2174805,4.1,,,"cafe, establishment, food, point_of_interest, store",,,Monday: 10:00 AM – 7:00 PM | Tuesday: 10:00 AM – 7:00 PM | Wednesday: 10:00 AM – 7:00 PM | Thursday: 10:00 AM – 7:00 PM | Friday: 10:00 AM – 7:00 PM | Saturday: 10:00 AM – 7:00 PM | Sunday: 10:00 AM – 7:00 PM,OPERATIONAL,Galle Fort,cafe,cafe,Top,True
ChIJ89XC_uNz4ToRnYprMXq8Tds,Galle Heritage Emporium,"Galle Police Residential Building, Church St, Galle 80000, Sri Lanka",6.029632599999999,80.2167157,5.0,,,"cafe, establishment, food, point_of_interest, store",,,,OPERATIONAL,Galle Fort,cafe,cafe,Top,True
ChIJU5qtaQBz4ToR6FbqaGA47ww,Koffieholic,"12 Rampart St, Galle 80000, Sri Lanka",6.0296786,80.21672339999999,4.6,,,"cafe, establishment, food, point_of_interest",,,Monday: 10:00 AM – 10:00 PM | Tuesday: 10:00 AM – 10:00 PM | Wednesday: 10:00 AM – 10:00 PM | Thursday: 10:00 AM – 10:00 PM | Friday: 10:00 AM – 10:00 PM | Saturday: 10:00 AM – 10:00 PM | Sunday: 10:00 AM – 10:00 PM,OPERATIONAL,Galle Fort,cafe,cafe,Top,True
ChIJPeVI99Bz4ToRClUCmwzxR4A,Dutch Cafe شربنا قهوه ١٢/٦/٢٠٢٥,"55 Rampart St, Galle 80000, Sri Lanka",6.024245199999999,80.2178137,4.3,,,"cafe, establishment, food, point_of_interest",076 250 9695,,Monday: 8:00 AM – 8:00 PM | Tuesday: 8:00 AM – 8:00 PM | Wednesday: 8:00 AM – 8:00 PM | Thursday: 8:00 AM – 8:00 PM | Friday: 8:00 AM – 8:00 PM | Saturday: 8:00 AM – 8:00 PM | Sunday: 8:00 AM – 8:00 PM,OPERATIONAL,Galle Fort,cafe,cafe,Top,True
ChIJuUuxCQBz4ToRzJSKrts6Z94,Banana Drama,"7b Rampart St, Galle 80000, Sri Lanka",6.0294275,80.21523839999999,4.8,,,"cafe, clothing_store, establishment, food, point_of_interest, store",,https://bananadrama.shop/,Monday: 10:30 AM – 7:30 PM | Tuesday: 10:30 AM – 7:30 PM | Wednesday: 10:30 AM – 7:30 PM | Thursday: 10:30 AM – 7:30 PM | Friday: 10:30 AM – 7:30 PM | Saturday: 10:30 AM – 7:30 PM | Sunday: 10:30 AM – 7:30 PM,OPERATIONAL,Galle Fort,cafe,cafe,Top,True
ChIJ9bIFTABz4ToRlh4JoSPwRg0,Kandos shop,"7b Rampart St, Galle 80000, Sri Lanka",6.0294292,80.21521740000001,,,,"cafe, establishment, food, point_of_interest, store",,,,OPERATIONAL,Galle Fort,cafe,cafe,Top,True
ChIJT27MDu9y4ToRb-wWd9CGqnw,Thaproban Beach House,"Yaddehimulla Rd, Unawatuna 80600, Sri Lanka",6.0095535,80.2454614,4.3,,,"establishment, food, lodging, point_of_interest, restaurant",0914 381 722,https://www.thambapannileisure.com/,,OPERATIONAL,Unawatuna,restaurant,restaurant,Top,True
ChIJyWMQfO5y4ToRd2aRFmn-mBs,Tartaruga Beach Unawatuna,"Yaddehimulla Rd, Unawatuna 80600, Sri Lanka",6.010013499999999,80.24847969999999,4.1,,,"bar, establishment, food, lodging, point_of_interest, restaurant",0914 944 263,http://www.tartarugahotel.com/,Monday: Open 24 hours | Tuesday: Open 24 hours | Wednesday: Open 24 hours | Thursday: Open 24 hours | Friday: Open 24 hours | Saturday: Open 24 hours | Sunday: Open 24 hours,OPERATIONAL,Unawatuna,restaurant,bar,Top,True
ChIJG3ievPZy4ToRDTiigBFOLvg,Nature Trails Boutique Hotel & Fish Market Restaurant,"114B A2, Unawatuna, Sri Lanka",6.018483199999999,80.2479917,4.5,,,"establishment, food, lodging, point_of_interest, restaurant",071 867 6086,http://www.naturetrailsunawatuna.com/,Monday: 7:30 AM – 10:00 PM | Tuesday: 7:30 AM – 10:00 PM | Wednesday: 7:30 AM – 10:00 PM | Thursday: 7:30 AM – 10:00 PM | Friday: 7:30 AM – 10:00 PM | Saturday: 7:30 AM – 10:00 PM | Sunday: 7:30 AM – 10:00 PM,OPERATIONAL,Unawatuna,restaurant,restaurant,Top,True
ChIJ-4gV0O1y4ToRqLh3j5dZ1r4,Love Bar Unawatuna,"52 Yaddehimulla Rd, Unawatuna 80000, Sri Lanka",6.012341699999999,80.2481851,3.6,,,"bar, establishment, food, point_of_interest, restaurant",,https://www.facebook.com/BrothersKitchengalle?mibextid=ZbWKwL,Monday: 8:00 AM – 1:00 AM | Tuesday: 8:00 AM – 1:00 AM | Wednesday: 8:00 AM – 1:00 AM | Thursday: 8:00 AM – 1:00 AM | Friday: 8:00 AM – 1:00 AM | Saturday: 8:00 AM – 1:00 AM | Sunday: 8:00 AM – 1:00 AM,OPERATIONAL,Unawatuna,restaurant,bar,Top,True
ChIJY57ese9y4ToRh5dyWc696WI,Cafe Cinema,"266W+36X, Wallaye Deywala Rd, Unawatuna, Sri Lanka",6.010227,80.245621,4.0,,,"bar, cafe, establishment, food, point_of_interest, restaurant",077 277 1158,,,OPERATIONAL,Unawatuna,restaurant,cafe,Top,True
ChIJyce17fNy4ToRIPcGhow6iKQ,Pipels House,"Pelakeitya , 55 b, Unawatuna 80600, Sri Lanka",6.011871699999999,80.247982,3.9,,,"establishment, food, lodging, point_of_interest, restaurant",077 299 4069,,,OPERATIONAL,Unawatuna,restaurant,restaurant,Top,True
ChIJW2_9oexy4ToRfgHn5SelauQ,Dilena Beach Resort - Unawatuna,"A2, Unawatuna, Sri Lanka",6.0059,80.254718,3.5,,,"establishment, food, lodging, point_of_interest, restaurant",077 714 4172,https://www.booking.com/hotel/lk/dilena-beach-resort-unawatuna.en-gb.html?aid=304142&label=gen173nr-1FCAEoggI46AdIM1gEaIUBiAEBmAEJuAEYyAEM2AEB6AEB-AEMiAIBqAIEuAKk8Jm8BsACAdICJDRhM2Q1YmVlLTY4ZGQtNDYzNy04MDY0LWVmOWNkNmJlZjJlNdgCBuACAQ&sid=e7d0c0703529ac64eb7a1946543af192&dest_id=13383662&dest_type=hotel&dist=0&group_adults=2&group_children=0&hapos=1&hpos=1&no_rooms=1&req_adults=2&req_children=0&room1=A%2CA&sb_price_type=total&sr_order=popularity&srepoch=1736865863&srpvid=e98267a0ce8d06ea&type=total&ucfs=1&,,OPERATIONAL,Unawatuna,restaurant,restaurant,Top,True
ChIJr_d_Q-xy4ToRfREecMcHPF0,New Summer Garden,"Unawatuna, Sri Lanka",6.008810899999999,80.2508316,4.3,,2.0,"establishment, food, point_of_interest, restaurant",077 790 7616,https://www.newsummergarden.com/,Monday: 7:00 AM – 11:00 PM | Tuesday: 7:00 AM – 11:00 PM | Wednesday: 7:00 AM – 11:00 PM | Thursday: 7:00 AM – 11:00 PM | Friday: 7:00 AM – 11:00 PM | Saturday: 7:00 AM – 11:00 PM | Sunday: 7:00 AM – 11:00 PM,OPERATIONAL,Unawatuna,restaurant,restaurant,Top,True
ChIJq5saEu5y4ToReMNboGMKup0,South Ceylon Restaurant,"65 Yaddehimulla Rd, Unawatuna, Sri Lanka",6.0110332,80.24787429999999,4.3,,,"establishment, food, point_of_interest, restaurant",077 437 8808,,,OPERATIONAL,Unawatuna,restaurant,restaurant,Top,True
ChIJDW_Iguxy4ToRp0M28-pPMSo,Sun N Sea Hotel & Restaurant,"324 Matara Rd, Unawatuna 60800, Sri Lanka",6.007335299999999,80.2521436,4.5,,,"establishment, food, lodging, point_of_interest, restaurant",0912 283 200,http://www.sunnsea.net/,Monday: 8:00 AM – 11:00 PM | Tuesday: 8:00 AM – 11:00 PM | Wednesday: 8:00 AM – 11:00 PM | Thursday: 8:00 AM – 11:00 PM | Friday: 8:00 AM – 11:00 PM | Saturday: 8:00 AM – 11:00 PM | Sunday: 8:00 AM – 11:00 PM,OPERATIONAL,Unawatuna,restaurant,restaurant,Top,True
ChIJFzv9IvJy4ToRPINp_2HDpD0,Unawatuna Guest,"202 A2, Unawatuna, Sri Lanka",6.0136955,80.2494222,3.9,,,"cafe, establishment, food, lodging, point_of_interest, restaurant, store",076 873 3388,,Monday: Open 24 hours | Tuesday: Open 24 hours | Wednesday: Open 24 hours | Thursday: Open 24 hours | Friday: Open 24 hours | Saturday: Open 24 hours | Sunday: Open 24 hours,OPERATIONAL,Unawatuna,restaurant,cafe,Top,True
ChIJUamRa-9y4ToRE0es1oaznaI,The Rock,"Yaddehimulla Rd, Unawatuna, Sri Lanka",6.0085171,80.24445949999999,4.2,,,"establishment, food, point_of_interest, restaurant",077 795 1969,,Monday: 7:00 AM – 12:00 AM | Tuesday: 7:00 AM – 12:00 AM | Wednesday: 7:00 AM – 11:30 PM | Thursday: 7:00 AM – 12:00 AM | Friday: 7:00 AM – 12:00 AM | Saturday: 7:00 AM – 12:00 AM | Sunday: 7:00 AM – 12:00 AM,OPERATIONAL,Unawatuna,restaurant,restaurant,Top,True
ChIJJ2N7nu9y4ToRukOrLS4WRwg,VillaWatuna,"VillaWatuna, Yaddhehimulla, Unawatuna 80600, Sri Lanka",6.0103098,80.24442169999999,4.1,,,"bar, establishment, food, lodging, point_of_interest, restaurant",077 695 5500,http://www.villawatuna.com/,,OPERATIONAL,Unawatuna,restaurant,bar,Top,True
ChIJT0h0bu9y4ToRWaVRy26PTF4,Chili Cafe Guest House,"147/A, Yakdehi Mulla Road, Unawatuna, Sri Lanka",6.0088,80.24430799999999,4.1,,,"establishment, food, lodging, point_of_interest, restaurant",077 715 1461,,Monday: 8:00 AM – 11:30 PM | Tuesday: 8:00 AM – 11:30 PM | Wednesday: 8:00 AM – 11:30 PM | Thursday: 8:00 AM – 11:30 PM | Friday: 8:00 AM – 11:30 PM | Saturday: 8:00 AM – 11:30 PM | Sunday: 8:00 AM – 11:30 PM,OPERATIONAL,Unawatuna,restaurant,restaurant,Top,True
ChIJpXoJbu9y4ToR__nfCtas3Sw,SkinnyTom's Deli,"147 Devala Rd, Unawatuna, Sri Lanka",6.0088194,80.244316,4.7,,2.0,"bakery, cafe, establishment, food, point_of_interest, restaurant, store",076 771 8667,https://instagram.com/skinnytoms,Monday: 8:00 AM – 9:30 PM | Tuesday: 8:00 AM – 9:30 PM | Wednesday: 8:00 AM – 9:30 PM | Thursday: 8:00 AM – 9:30 PM | Friday: 8:00 AM – 9:30 PM | Saturday: 8:00 AM – 9:30 PM | Sunday: 8:00 AM – 9:30 PM,OPERATIONAL,Unawatuna,restaurant,cafe,Top,True
ChIJTyAYW-9y4ToRBIaoBajeRbI,Waves Restaurant,"265V+4H2, Unawatuna, Sri Lanka",6.0077684,80.2438878,3.3,,,"establishment, food, point_of_interest, restaurant",077 317 7055,,,OPERATIONAL,Unawatuna,restaurant,restaurant,Top,True
ChIJi873WO9y4ToRNJCIC1sOMkg,Seaview Deepal Villa,"Welle Dewalaya Rd, Unawatuna 80600, Sri Lanka",6.0082111,80.24371699999999,4.1,,,"establishment, food, lodging, point_of_interest, restaurant, travel_agency",077 298 9751,https://www.booking.com/hotel/lk/seaview-deepal-villa.html?lang=xu,Monday: Open 24 hours | Tuesday: Open 24 hours | Wednesday: Open 24 hours | Thursday: Open 24 hours | Friday: Open 24 hours | Saturday: Open 24 hours | Sunday: Open 24 hours,OPERATIONAL,Unawatuna,restaurant,restaurant,Top,True
ChIJU4TG9u9y4ToRlMHxZUri-wA,La Villa Unawatuna,"Guruge Watta, Yaddehimulla Rd,, Unawatuna 80600, Sri Lanka",6.011244,80.2435718,3.6,,,"establishment, food, lodging, point_of_interest, restaurant",077 508 8809,,Monday: 7:00 AM – 11:00 PM | Tuesday: 7:00 AM – 11:00 PM | Wednesday: 7:00 AM – 11:00 PM | Thursday: 7:00 AM – 11:00 PM | Friday: 7:00 AM – 11:00 PM | Saturday: 7:00 AM – 11:00 PM | Sunday: 7:00 AM – 11:00 PM,OPERATIONAL,Unawatuna,restaurant,restaurant,Top,True
ChIJd5C5_OVy4ToRviwgBxHfEAc,Lemongrass Cafe & restaurant,"Devala Rd, Unawatuna, Sri Lanka",6.0071908,80.2427258,4.2,,2.0,"cafe, establishment, food, point_of_interest, restaurant",077 760 0671,http://www.facebook.com/pages/Lemongrass-cafe/455181247846468,Monday: 11:30 AM – 10:00 PM | Tuesday: 11:30 AM – 10:00 PM | Wednesday: 11:30 AM – 10:00 PM | Thursday: 11:30 AM – 10:00 PM | Friday: 11:30 AM – 10:00 PM | Saturday: 11:30 AM – 10:00 PM | Sunday: 11:30 AM – 10:00 PM,OPERATIONAL,Unawatuna,restaurant,cafe,Top,True
ChIJu31aBZVy4ToRnq9Z2OsostY,Sevonra Beach Resort,"Dalawella, Matara Rd, Unawatuna, Sri Lanka",6.0040545,80.25668329999999,4.2,,,"establishment, food, lodging, point_of_interest, restaurant",0912 250 441,https://www.sevonra.com/,Monday: Open 24 hours | Tuesday: Open 24 hours | Wednesday: Open 24 hours | Thursday: Open 24 hours | Friday: Open 24 hours | Saturday: Open 24 hours | Sunday: Open 24 hours,OPERATIONAL,Unawatuna,restaurant,restaurant,Top,True
ChIJyxLO4eRy4ToRAKbjIWIxii0,Sea Waves Restaurant & Cooking Classes,"Dunwella road,yaddehimulla, Unawatuna 80600, Sri Lanka",6.010231399999999,80.2407436,4.8,,1.0,"establishment, food, lodging, point_of_interest, restaurant",077 319 1072,https://www.facebook.com/SeaWavesRestaurant,Monday: 11:00 AM – 10:00 PM | Tuesday: 11:00 AM – 10:00 PM | Wednesday: 11:00 AM – 10:00 PM | Thursday: 11:00 AM – 10:00 PM | Friday: 11:00 AM – 10:00 PM | Saturday: 11:00 AM – 10:00 PM | Sunday: 11:00 AM – 10:00 PM,OPERATIONAL,Unawatuna,restaurant,restaurant,Top,True
ChIJMdZ4OZRy4ToRkCv6wH_Pt9E,SP Unawatuna Lodge Guest House,"Meepegewatta, Maharamba Rd, Unawatuna 80600, Sri Lanka",6.006375999999999,80.2585677,4.5,,,"cafe, establishment, food, lodging, point_of_interest, restaurant, tourist_attraction, travel_agency",071 895 2220,,,OPERATIONAL,Unawatuna,restaurant,cafe,Top,True
ChIJnVL_lpVy4ToR7VNX4M7cEf8,Villa Pinthaliya,"Dalawella, unawatuna, 2735+763, A2, Unawatuna 80600, Sri Lanka",6.0031254,80.2580588,4.6,,,"establishment, food, point_of_interest, restaurant",077 717 7559,,Monday: 6:00 AM – 12:00 PM | Tuesday: 6:00 AM – 12:00 PM | Wednesday: 6:00 AM – 12:00 PM | Thursday: 6:00 AM – 12:00 PM | Friday: 6:00 AM – 12:00 PM | Saturday: 6:00 AM – 12:00 PM | Sunday: 6:00 AM – 12:00 PM,OPERATIONAL,Unawatuna,restaurant,restaurant,Top,True
ChIJOwPMSqJy4ToRMdvQRr16wsg,"Dalawella Beach Resort in Unawatuna, Galle","445, Matara Rd, Unawatuna, Sri Lanka",6.001983099999999,80.2594299,4.3,,,"cafe, establishment, food, lodging, point_of_interest, restaurant",0912 250 598,https://dalawellabeachresort.com/,Monday: Open 24 hours | Tuesday: Open 24 hours | Wednesday: Open 24 hours | Thursday: Open 24 hours | Friday: Open 24 hours | Saturday: Open 24 hours | Sunday: Open 24 hours,OPERATIONAL,Unawatuna,restaurant,cafe,Top,True
ChIJW2zCD71y4ToR6eJDf9upPx8,Wijaya Beach Hotel & Restaurant,"2727+28Q, A2, Unawatuna, Sri Lanka",6.000096999999999,80.2633456,4.3,,2.0,"establishment, food, point_of_interest, restaurant",077 790 3431,https://wijayabeach.com/,Monday: 9:00 AM – 10:00 PM | Tuesday: 9:00 AM – 10:00 PM | Wednesday: 9:00 AM – 10:00 PM | Thursday: 9:00 AM – 10:00 PM | Friday: 9:00 AM – 10:00 PM | Saturday: 9:00 AM – 10:00 PM | Sunday: 9:00 AM – 10:00 PM,OPERATIONAL,Unawatuna,restaurant,restaurant,Top,True
ChIJ8dX__qJy4ToR22_eCTduHSY,Miri Beach,"X7X9+V7G, Talpe, Sri Lanka",5.9996852,80.26819739999999,5.0,,,"establishment, food, point_of_interest, restaurant",0914 545 268,,Monday: Open 24 hours | Tuesday: Open 24 hours | Wednesday: Open 24 hours | Thursday: Open 24 hours | Friday: Open 24 hours | Saturday: Open 24 hours | Sunday: Open 24 hours,OPERATIONAL,Unawatuna,restaurant,restaurant,Top,True
ChIJJWaWgqFy4ToRODkDVuUne2U,The Garden,"Mihiripenna, talpe, Unawatuna 80615, Sri Lanka",5.9996586,80.271869,3.7,,,"establishment, food, lodging, point_of_interest, restaurant",077 351 0188,,Monday: Open 24 hours | Tuesday: Open 24 hours | Wednesday: 7:00 AM – 9:30 PM | Thursday: Open 24 hours | Friday: Open 24 hours | Saturday: Open 24 hours | Sunday: Open 24 hours,OPERATIONAL,Unawatuna,restaurant,restaurant,Top,True
ChIJ46cvZKFy4ToRwRuaqMyy-FE,Owl and the Pussycat Hotel & Restaurant,"N.788, 788 Matara Rd, Talpe, Sri Lanka",5.9985458,80.2716487,4.5,,,"establishment, food, lodging, point_of_interest, restaurant, spa",077 724 0077,http://www.otphotel.com/,Monday: Open 24 hours | Tuesday: Open 24 hours | Wednesday: Open 24 hours | Thursday: Open 24 hours | Friday: Open 24 hours | Saturday: Open 24 hours | Sunday: Open 24 hours,OPERATIONAL,Unawatuna,restaurant,restaurant,Top,True
ChIJn2vWePFy4ToRB7fbwdcdfh4,Nooit Gedacht Heritage Hotel,"Matara Rd, Unawatuna 80600, Sri Lanka",6.01509,80.2484103,4.4,,,"establishment, food, lodging, point_of_interest, restaurant",0914 946 129,http://www.nooitgedachtheritage.com/,Monday: 5:00 AM – 10:00 PM | Tuesday: 5:00 AM – 10:00 PM | Wednesday: 5:00 AM – 10:00 PM | Thursday: 5:00 AM – 10:00 PM | Friday: 5:00 AM – 10:00 PM | Saturday: 5:00 AM – 10:00 PM | Sunday: 5:00 AM – 10:00 PM,OPERATIONAL,Unawatuna,restaurant,restaurant,Top,True
ChIJEbRusJRy4ToRVeeDZxyeVFg,Sanmira Renaissance Hotel,"407 C A2, Unawatuna, Sri Lanka",6.005786899999999,80.2549434,3.9,,,"bar, establishment, food, lodging, point_of_interest, restaurant",077 322 7555,https://sanmirarenaissance.com/,Monday: 7:00 – 10:00 PM | Tuesday: 7:00 – 10:00 PM | Wednesday: 7:00 – 10:00 PM | Thursday: 7:00 – 10:00 PM | Friday: 7:00 – 10:00 PM | Saturday: 7:00 – 10:00 PM | Sunday: 7:00 – 10:00 PM,OPERATIONAL,Unawatuna,restaurant,bar,Top,True
ChIJl7o3M-xy4ToRmAEP787VeD4,Black & White Restaurant,"parangiya waththe 274/5 pillagoda, Unawatuna Beach, Unawatuna 80600, Sri Lanka",6.009583399999999,80.2498499,4.7,,2.0,"bar, establishment, food, point_of_interest, restaurant",077 137 9960,https://de-de.facebook.com/Black-White-140720349627101/,Monday: 8:00 AM – 10:00 PM | Tuesday: 8:00 AM – 10:00 PM | Wednesday: 8:00 AM – 10:00 PM | Thursday: 8:00 AM – 10:00 PM | Friday: 8:00 AM – 10:00 PM | Saturday: 8:00 AM – 10:00 PM | Sunday: 8:00 AM – 10:00 PM,OPERATIONAL,Unawatuna,restaurant,bar,Top,True
ChIJXzxVYZFz4ToRZFosskxlrxk,Fire Cafe & Restaurant Unawatuna,"Unawatuna Beach parangiya waththa, pillagoda, 265X+VR9, Unawatuna 80600, Sri Lanka",6.0096633,80.2495972,4.1,,,"establishment, food, point_of_interest, restaurant",,,Monday: 8:00 AM – 10:00 PM | Tuesday: 8:00 AM – 10:00 PM | Wednesday: 8:00 AM – 10:00 PM | Thursday: 8:00 AM – 10:00 PM | Friday: 8:00 AM – 10:00 PM | Saturday: 8:00 AM – 10:00 PM | Sunday: 8:00 AM – 10:00 PM,OPERATIONAL,Unawatuna,restaurant,restaurant,Top,True
ChIJv5r2q5Fz4ToR-QPHrDhcIUw,Korean Food Beach Restaurant,"Paraugiya, waththa peellagoda, Unawatuna, Sri Lanka",6.0096976,80.2497937,4.5,,,"establishment, food, point_of_interest, restaurant",071 015 5266,,Monday: 9:00 AM – 10:00 PM | Tuesday: 9:00 AM – 10:00 PM | Wednesday: 9:00 AM – 10:00 PM | Thursday: 9:00 AM – 10:00 PM | Friday: 9:00 AM – 10:00 PM | Saturday: 9:00 AM – 10:00 PM | Sunday: 9:00 AM – 10:00 PM,OPERATIONAL,Unawatuna,restaurant,restaurant,Top,True
ChIJySu-Z9Bz4ToRK94rhfgDh2I,Lolo Sizzle Spot,"80600 Beach Road, Unawatuna, Sri Lanka",6.0097093,80.2497736,5.0,,,"establishment, food, point_of_interest, restaurant",077 721 3559,,Monday: 10:00 AM – 10:00 PM | Tuesday: 10:00 AM – 10:00 PM | Wednesday: 10:00 AM – 10:00 PM | Thursday: 10:00 AM – 10:00 PM | Friday: 10:00 AM – 10:00 PM | Saturday: 10:00 AM – 10:00 PM | Sunday: 10:00 AM – 10:00 PM,OPERATIONAL,Unawatuna,restaurant,restaurant,Top,True
ChIJxYnDDwBz4ToRonsm0ueP9mY,Sea Secret Restaurant Unawatuna,"265X+VWF waththa, peellagoda, උණවටුන, Sri Lanka",6.0097136,80.2497642,4.7,,,"establishment, food, point_of_interest, restaurant",075 657 3574,,Monday: 8:00 AM – 10:00 PM | Tuesday: 8:00 AM – 10:00 PM | Wednesday: 8:00 AM – 10:00 PM | Thursday: 8:00 AM – 10:00 PM | Friday: 8:00 AM – 10:00 PM | Saturday: 8:00 AM – 10:00 PM | Sunday: 8:00 AM – 10:00 PM,OPERATIONAL,Unawatuna,restaurant,restaurant,Top,True
ChIJvxnZiKRz4ToRXktgdkXFD7I,Blue Bistro Beach Restaurant,"Pillagoda, Unawatuna 80600, Sri Lanka",6.0095336,80.25004109999999,3.8,,,"establishment, food, point_of_interest, restaurant",077 555 5563,,Monday: 8:00 AM – 10:00 PM | Tuesday: 8:00 AM – 10:00 PM | Wednesday: 8:00 AM – 10:00 PM | Thursday: 8:00 AM – 10:00 PM | Friday: 8:00 AM – 10:30 PM | Saturday: 8:00 AM – 10:00 PM | Sunday: 8:00 AM – 10:00 PM,OPERATIONAL,Unawatuna,restaurant,restaurant,Top,True
ChIJezU_Nexy4ToRRNvtDVVBBpY,Peacock Beach Hotel,"Matara Road, Peellagoda, Unawatuna, Sri Lanka",6.009545,80.250087,4.0,,,"establishment, food, lodging, point_of_interest, restaurant",077 555 5563,http://peacockhotelunawatuna.com/,Monday: 6:00 AM – 11:45 PM | Tuesday: 6:00 AM – 11:45 PM | Wednesday: 6:00 AM – 11:45 PM | Thursday: 6:00 AM – 11:45 PM | Friday: 6:00 AM – 11:45 PM | Saturday: 6:00 AM – 11:45 PM | Sunday: 6:00 AM – 11:45 PM,OPERATIONAL,Unawatuna,restaurant,restaurant,Top,True
ChIJ1bVgze1y4ToRTrNa8mZ3Zko,Yellow Restaurant,"265X+WR7, Unawatuna, Sri Lanka",6.0097799,80.2495611,4.2,,,"establishment, food, point_of_interest, restaurant",077 541 1395,,Monday: 8:00 AM – 10:30 PM | Tuesday: 8:00 AM – 10:30 PM | Wednesday: 8:00 AM – 10:30 PM | Thursday: 8:00 AM – 10:30 PM | Friday: 8:00 AM – 10:30 PM | Saturday: 8:00 AM – 10:30 PM | Sunday: 8:00 AM – 10:30 PM,OPERATIONAL,Unawatuna,restaurant,restaurant,Top,True
ChIJWxU6R6tz4ToRIR-hngZsxy0,Zamora,"Galle road,Peellagoda, 2752+P78, Unawatuna, Sri Lanka",6.009287899999999,80.2506932,,,,"establishment, food, point_of_interest, restaurant",071 478 7532,,,OPERATIONAL,Unawatuna,restaurant,restaurant,Top,True
ChIJ8YrLMABz4ToR-NIi5h6c5j8,Unavatuna Chill cafe,"2752+P8H, Matara Rd, Unawatuna 60800, Sri Lanka",6.009323699999999,80.250869,,,,"establishment, food, point_of_interest, restaurant",,,,OPERATIONAL,Unawatuna,restaurant,restaurant,Top,True
ChIJE6UNMVVz4ToR4nNRT18qe4k,Ridam Rotty Shop,"Peelagoda, Unawatuna 80600, Sri Lanka",6.009274,80.2508998,,,,"establishment, food, point_of_interest, restaurant",074 261 4736,,Monday: 9:00 AM – 11:00 PM | Tuesday: 9:00 AM – 11:00 PM | Wednesday: 9:00 AM – 11:00 PM | Thursday: 9:00 AM – 11:00 PM | Friday: 9:00 AM – 11:00 PM | Saturday: 9:00 AM – 11:00 PM | Sunday: 9:00 AM – 11:00 PM,OPERATIONAL,Unawatuna,restaurant,restaurant,Top,True
ChIJJaKhHwBz4ToRS9ElqS2m9F0,Kurumba Chill,"335 Peellagoda junction, Unawatuna, Sri Lanka",6.0092675,80.2509025,5.0,,,"establishment, food, point_of_interest, restaurant",074 341 2910,,Monday: 6:00 AM – 11:55 PM | Tuesday: 6:00 AM – 11:55 PM | Wednesday: 6:00 AM – 11:55 PM | Thursday: 6:00 AM – 11:55 PM | Friday: 6:00 AM – 11:55 PM | Saturday: 8:00 AM – 11:55 PM | Sunday: 8:00 AM – 11:55 PM,OPERATIONAL,Unawatuna,restaurant,restaurant,Top,True
ChIJ41IXi9Fz4ToR3BXXv07Ht3E,Sea Cafe,"2752+P92, Matara Rd, Unawatuna, Sri Lanka",6.0092674,80.2509039,,,,"establishment, food, point_of_interest, restaurant",,,,OPERATIONAL,Unawatuna,restaurant,restaurant,Top,True
ChIJs8IGgI5z4ToRjPaaR3yr_H8,Yellow cabin,"2752+P92, Matara Rd, Unawatuna, Sri Lanka",6.0092674,80.2509039,4.1,,,"establishment, food, point_of_interest, restaurant",077 324 0305,,,OPERATIONAL,Unawatuna,restaurant,restaurant,Top,True
ChIJz5-rBQBz4ToRVBuTTvs64xs,Le onde una,"266X+8V3 Le Onde una peellagoda, road, Unawatuna, Sri Lanka",6.010767299999999,80.2496834,,,,"establishment, food, point_of_interest, restaurant",0412 147 066,https://www.instagram.com/le_onde_unaa?igsh=MXYyd201b2ZudTBndg%3D%3D&utm_source=qr,Monday: 7:30 – 11:30 AM | Tuesday: 7:30 – 11:30 AM | Wednesday: 7:30 – 11:30 AM | Thursday: 7:30 – 11:30 AM | Friday: 7:30 – 11:30 AM | Saturday: 7:30 – 11:30 AM | Sunday: 7:30 – 11:30 AM,OPERATIONAL,Unawatuna,restaurant,restaurant,Top,True
ChIJiRYjQwBz4ToRG_zIzxnjBe8,Divam Restaurant,"2752+HC6, A2, Unawatuna 80600, Sri Lanka",6.008904999999999,80.2510265,5.0,,,"establishment, food, point_of_interest, restaurant",077 220 7110,,Monday: 7:00 AM – 10:00 PM | Tuesday: 7:00 AM – 10:00 PM | Wednesday: 7:00 AM – 10:00 PM | Thursday: 7:00 AM – 10:00 PM | Friday: 7:00 AM – 10:00 PM | Saturday: 7:00 AM – 10:00 PM | Sunday: 7:00 AM – 10:00 PM,OPERATIONAL,Unawatuna,restaurant,restaurant,Top,True
ChIJx9pVwO1y4ToR9P2lHEa-r0E,Chami Restaurant,"Unawatuna, Sri Lanka",6.0107822,80.2500661,4.6,,,"establishment, food, point_of_interest, restaurant",076 042 9002,,Monday: 8:00 AM – 10:00 PM | Tuesday: 8:00 AM – 10:00 PM | Wednesday: 8:00 AM – 10:00 PM | Thursday: 8:00 AM – 10:00 PM | Friday: 8:00 AM – 10:00 PM | Saturday: 8:00 AM – 10:00 PM | Sunday: 8:00 AM – 10:00 PM,OPERATIONAL,Unawatuna,restaurant,restaurant,Top,True
ChIJ5_l5blJz4ToRRcRJ5fLjoyM,LA TRATTORIA,"Mathara Road, Godagewatta,Pellagoda, Unawatuna 80600, Sri Lanka",6.010799,80.25022299999999,5.0,,,"establishment, food, point_of_interest, restaurant",075 083 9402,,Monday: 11:00 AM – 11:00 PM | Tuesday: 11:00 AM – 11:00 PM | Wednesday: 11:00 AM – 11:00 PM | Thursday: 11:00 AM – 11:00 PM | Friday: 11:00 AM – 11:00 PM | Saturday: 11:00 AM – 11:00 PM | Sunday: 11:00 AM – 11:00 PM,OPERATIONAL,Unawatuna,restaurant,restaurant,Top,True
ChIJmam4Gv1z4ToRPsz4m7Uq_Dw,Banana Beach,"Matara road, Peellagoda, Unawatuna 80600, Sri Lanka",6.008566999999999,80.25097149999999,3.5,,,"establishment, food, point_of_interest, restaurant",075 972 0873,,Monday: Open 24 hours | Tuesday: Open 24 hours | Wednesday: Open 24 hours | Thursday: Open 24 hours | Friday: Open 24 hours | Saturday: Open 24 hours | Sunday: Open 24 hours,OPERATIONAL,Unawatuna,restaurant,restaurant,Top,True
ChIJX9PpY-5y4ToRnDZHxgKOIKI,Happy Banana,"Wallaye Deywala Road, Unawatuna, Sri Lanka",6.0097304,80.2480894,3.7,,2.0,"establishment, food, lodging, point_of_interest, restaurant",0912 250 253,,Monday: 7:00 AM – 2:00 AM | Tuesday: 7:00 AM – 2:00 AM | Wednesday: 7:00 AM – 2:00 AM | Thursday: 7:00 AM – 2:00 AM | Friday: 7:00 AM – 2:00 AM | Saturday: 7:00 AM – 2:00 AM | Sunday: 7:00 AM – 2:00 AM,OPERATIONAL,Unawatuna,restaurant,restaurant,Top,True
ChIJPSAglI9z4ToRpjf7kxTT5io,The house Unawatuna,"Matara Rd, Unawatuna 80600, Sri Lanka",6.009864599999999,80.2507175,5.0,,,"cafe, establishment, food, point_of_interest, store",077 452 2387,,Monday: 10:00 AM – 10:00 PM | Tuesday: 10:00 AM – 10:00 PM | Wednesday: 10:00 AM – 10:00 PM | Thursday: 1:00 AM – 10:00 PM | Friday: 10:00 AM – 10:00 PM | Saturday: 10:00 AM – 10:00 PM | Sunday: 10:00 AM – 10:00 PM,OPERATIONAL,Unawatuna,cafe,cafe,Top,True
ChIJaQRlIlpz4ToRgvxX0xVWuHo,CASA LANKA UNAWATUNA,"2762+76, Unawatuna 86000, Sri Lanka",6.0106571,80.250551,4.6,,,"cafe, establishment, food, point_of_interest, store",077 174 3175,,Monday: Closed | Tuesday: 8:00 AM – 6:00 PM | Wednesday: 8:00 AM – 6:00 PM | Thursday: 8:00 AM – 6:00 PM | Friday: 8:00 AM – 6:00 PM | Saturday: 8:00 AM – 6:00 PM | Sunday: 8:00 AM – 6:00 PM,OPERATIONAL,Unawatuna,cafe,cafe,Top,True
ChIJBd_EyMRz4ToRHdHoQIwCKwA,Wild and the Sage,"311 Peellagoda, Matara Rd, Unawatuna, Sri Lanka",6.010764,80.25051189999999,4.8,,,"book_store, cafe, establishment, food, point_of_interest, store, tourist_attraction",076 789 3840,https://wildandthesage.com/,Monday: 9:00 AM – 5:00 PM | Tuesday: 9:00 AM – 5:00 PM | Wednesday: 9:00 AM – 5:00 PM | Thursday: 9:00 AM – 5:00 PM | Friday: 9:00 AM – 5:00 PM | Saturday: 9:00 AM – 5:00 PM | Sunday: 9:00 AM – 5:00 PM,OPERATIONAL,Unawatuna,cafe,cafe,Top,True
ChIJX7Sqehpz4ToRGc7Uz3_Go78,Le café,"266X+MX8, A2, Unawatuna, Sri Lanka",6.011714100000001,80.2499503,4.7,,,"cafe, establishment, food, point_of_interest, store",,,,OPERATIONAL,Unawatuna,cafe,cafe,Top,True
ChIJWVWaZ-5y4ToRVIsZ3Wu4b6o,Koha Surf Lounge,"266W+2XX, Welle Dewalaya Rd, Unawatuna, Sri Lanka",6.0101043,80.2474704,4.8,,,"bar, cafe, establishment, food, point_of_interest, restaurant",077 896 6042,https://instagram.com/kohasurflounge?igshid=YmMyMTA2M2Y=,Monday: 12:00 – 11:00 PM | Tuesday: 12:00 – 11:00 PM | Wednesday: 12:00 – 11:00 PM | Thursday: 12:00 – 11:00 PM | Friday: 12:00 – 11:00 PM | Saturday: 12:00 – 11:00 PM | Sunday: 12:00 – 11:00 PM,OPERATIONAL,Unawatuna,cafe,cafe,Top,True
ChIJbarwIgBz4ToRbk84Xk108pE,Bitter Beans Cafe,"Yaddehimulla Rd, Unawatuna 80600, Sri Lanka",6.0098435,80.2473095,5.0,,,"cafe, establishment, food, point_of_interest, store",076 203 0749,,Monday: 7:30 AM – 11:00 PM | Tuesday: 7:30 AM – 11:00 PM | Wednesday: 7:30 AM – 11:00 PM | Thursday: 7:30 AM – 11:00 PM | Friday: 7:30 AM – 11:00 PM | Saturday: 7:30 AM – 11:00 PM | Sunday: 7:30 AM – 11:00 PM,OPERATIONAL,Unawatuna,cafe,cafe,Top,True
ChIJ7Z-UOwBz4ToRRGRUnTY_pVw,Hawaya,"Yaddehimulla Rd, Unawatuna 80600, Sri Lanka",6.009905100000001,80.2472323,4.9,,,"bar, cafe, establishment, food, meal_delivery, meal_takeaway, point_of_interest, restaurant, store",077 235 5977,http://hawayalk.com/,Monday: Closed | Tuesday: 12:00 – 11:30 PM | Wednesday: 12:00 – 11:30 PM | Thursday: 12:00 – 11:30 PM | Friday: 12:00 – 11:30 PM | Saturday: 12:00 – 11:30 PM | Sunday: 12:00 – 11:30 PM,OPERATIONAL,Unawatuna,cafe,cafe,Top,True
ChIJr21-SMBz4ToRNwMOr8nwwf4,Cafe night mate,"Jayakotuwa, Yaddehimulla Rd, Unawatuna 80600, Sri Lanka",6.009937499999999,80.2471917,,,,"cafe, establishment, food, point_of_interest",075 532 9166,,Monday: 5:00 PM – 1:30 AM | Tuesday: 5:00 PM – 1:30 AM | Wednesday: 5:00 PM – 1:30 AM | Thursday: 5:00 PM – 1:30 AM | Friday: 5:00 PM – 1:30 AM | Saturday: 5:00 PM – 1:30 AM | Sunday: 5:00 PM – 1:30 AM,OPERATIONAL,Unawatuna,cafe,cafe,Top,True
ChIJ67I8cqZz4ToRtdN8X4Mav6E,Meera Café | Restaurant | Bar,"Yaddehimulla Rd, Galle 80600, Sri Lanka",6.0098414,80.2470639,,,,"cafe, establishment, food, point_of_interest",077 068 0631,,Monday: 7:00 AM – 11:00 PM | Tuesday: 7:00 AM – 11:00 PM | Wednesday: 7:00 AM – 11:00 PM | Thursday: 7:00 AM – 11:00 PM | Friday: 7:00 AM – 11:00 PM | Saturday: 7:00 AM – 11:00 PM | Sunday: 7:00 AM – 11:00 PM,OPERATIONAL,Unawatuna,cafe,cafe,Top,True
ChIJZZkjL09z4ToRIUC44i0q3fg,FRiENDS Unawatuna,"Unawatuna beach, Unawatuna, Sri Lanka",6.0097444,80.24699989999999,4.5,,,"bar, cafe, establishment, food, night_club, point_of_interest, restaurant",076 058 6348,https://instagram.com/restaurant_friends_?igshid=MzMyNGUyNmU2YQ%3D%3D&utm_source=qr,Monday: 9:00 AM – 11:00 PM | Tuesday: 9:00 AM – 11:00 PM | Wednesday: 9:00 AM – 11:00 PM | Thursday: 9:00 AM – 11:00 PM | Friday: 9:00 AM – 11:00 PM | Saturday: 9:00 AM – 11:00 PM | Sunday: 9:00 AM – 11:00 PM,OPERATIONAL,Unawatuna,cafe,cafe,Top,True
ChIJHa6ZpbNz4ToRneDW5XQLlsU,THE BRUNCH by Prime Time,"Thalpawila Gedra Waththa Villa prime time, Matara Rd, Unawatuna 80600, Sri Lanka",6.0121195,80.2496723,,,,"cafe, establishment, food, point_of_interest",077 130 1516,,Monday: 7:00 AM – 10:00 PM | Tuesday: 7:00 AM – 10:00 PM | Wednesday: 7:00 AM – 10:00 PM | Thursday: 7:00 AM – 10:00 PM | Friday: Open 24 hours | Saturday: Open 24 hours | Sunday: 7:00 AM – 10:00 PM,OPERATIONAL,Unawatuna,cafe,cafe,Top,True
ChIJ3_qCbwpz4ToRdO_QBxvl-rI,Atmosphere,"Yaddehimulla Rd, Unawatuna 80600, Sri Lanka",6.0100273,80.2469534,4.6,,,"cafe, establishment, food, point_of_interest, restaurant",075 515 6180,,Monday: 9:00 AM – 1:00 AM | Tuesday: 9:00 AM – 1:00 AM | Wednesday: 9:00 AM – 1:00 AM | Thursday: 9:00 AM – 1:00 AM | Friday: 9:00 AM – 1:00 AM | Saturday: 9:00 AM – 1:00 AM | Sunday: 9:00 AM – 1:00 AM,OPERATIONAL,Unawatuna,cafe,cafe,Top,True
ChIJ1fzzG-pz4ToR-w9VBWAWpCs,ALOHA Juice Bar,"55/2 Yaddehimulla Rd, Unawatuna, Sri Lanka",6.0117872,80.2481454,4.5,,,"cafe, establishment, food, point_of_interest",077 310 9264,,,OPERATIONAL,Unawatuna,cafe,cafe,Top,True
ChIJWaJIYUxz4ToRfhVw55yCulE,Tea Time by BLUEFIELD,"Welle Dewalaya Rd, Unawatuna, Sri Lanka",6.0118772,80.2481396,4.3,,,"cafe, establishment, food, point_of_interest, restaurant, store",077 769 4694,http://www.bluefieldtea.com/,,OPERATIONAL,Unawatuna,cafe,cafe,Top,True
ChIJY5Evs9xz4ToRn5yPjxTGaEM,Итальянская Кухня,"2753+839, Unnamed Road, Unawatuna, Sri Lanka",6.0082856,80.25272149999999,,,,"cafe, establishment, food, point_of_interest",,,,OPERATIONAL,Unawatuna,cafe,cafe,Top,True
ChIJ__zI_PFy4ToRWWZBymhseTE,Le Café Français Bakery & Boutique,"Unawatuna pellagoda, Sarantuge watta.pellagoda . unawatuna, Galle, Matara Rd, Unawatuna, Sri Lanka",6.0125151,80.2481947,4.6,,2.0,"cafe, establishment, food, point_of_interest, restaurant",077 740 1014,,Monday: 8:00 AM – 6:00 PM | Tuesday: 8:00 AM – 6:00 PM | Wednesday: 8:00 AM – 6:00 PM | Thursday: 8:00 AM – 6:00 PM | Friday: 8:00 AM – 6:00 PM | Saturday: 8:00 AM – 6:00 PM | Sunday: 8:00 AM – 6:00 PM,OPERATIONAL,Unawatuna,cafe,cafe,Top,True
ChIJX0UOemxz4ToRkOreyH8vya0,Steam Yard Unawatuna,"Yaddehimulla Rd, Unawatuna 80600, Sri Lanka",6.012672299999999,80.2482161,4.8,,,"cafe, establishment, food, point_of_interest",076 669 0504,https://instagram.com/steamyard_unawatuna?igshid=1clzjbyml4gg7,Monday: 7:30 AM – 10:00 PM | Tuesday: 7:30 AM – 10:00 PM | Wednesday: 7:30 AM – 10:00 PM | Thursday: 7:30 AM – 10:00 PM | Friday: 7:30 AM – 10:00 PM | Saturday: 7:30 AM – 10:00 PM | Sunday: 7:30 AM – 10:00 PM,OPERATIONAL,Unawatuna,cafe,cafe,Top,True
ChIJ705G_Tlz4ToR0hfNk6_Surc,Fruit Deck,"Unawatuna 80000, Sri Lanka",6.0131099,80.2486066,5.0,,,"cafe, establishment, food, point_of_interest",077 031 4777,,Monday: 8:00 AM – 10:00 PM | Tuesday: 8:00 AM – 10:00 PM | Wednesday: 8:00 AM – 10:00 PM | Thursday: 8:00 AM – 10:00 PM | Friday: 8:00 AM – 10:00 PM | Saturday: 8:30 AM – 10:00 PM | Sunday: 8:00 AM – 10:00 PM,OPERATIONAL,Unawatuna,cafe,cafe,Top,True
ChIJJaxkV4dz4ToRJuxXLVLLYdo,Wickrama Cafe,"no.140 Matara Rd, අකුරැස්ස, Sri Lanka",6.0133567,80.2497836,1.0,,,"cafe, establishment, food, point_of_interest",,,,OPERATIONAL,Unawatuna,cafe,cafe,Top,True
ChIJP5TZE-Bz4ToRDIEFBjC1Eb8,Cafe Aroma Unawatuna,"No.202 Matara Rd, Unawatuna 80600, Sri Lanka",6.0137068,80.2494104,4.5,,2.0,"bakery, cafe, establishment, food, point_of_interest, store",076 873 3388,http://cafearomaunawatuna.com/,Monday: 8:00 AM – 9:00 PM | Tuesday: 8:00 AM – 9:00 PM | Wednesday: 8:00 AM – 9:00 PM | Thursday: 8:00 AM – 9:00 PM | Friday: 8:00 AM – 9:00 PM | Saturday: 8:00 AM – 9:00 PM | Sunday: 8:00 AM – 9:00 PM,OPERATIONAL,Unawatuna,cafe,cafe,Top,True
ChIJTec2g7Nz4ToRtpFrhB9s81A,Kaaia,"Yaddehimulla Rd, Unawatuna 80600, Sri Lanka",6.0136963,80.24899839999999,4.7,,,"cafe, establishment, food, point_of_interest",077 902 7932,http://www.kaaiaunawatuna.com/,Monday: 7:30 AM – 10:00 PM | Tuesday: 7:30 AM – 10:00 PM | Wednesday: 7:30 AM – 10:00 PM | Thursday: 7:30 AM – 10:00 PM | Friday: 7:30 AM – 10:00 PM | Saturday: 7:30 AM – 10:00 PM | Sunday: 7:30 AM – 10:00 PM,OPERATIONAL,Unawatuna,cafe,cafe,Top,True
ChIJqVO1fGBz4ToRvKuO4qWijrs,UNA TUNA,"Yaddehimulla Rd, Unawatuna 80600, Sri Lanka",6.0137133,80.2490049,4.9,,,"bar, cafe, establishment, food, meal_takeaway, point_of_interest, restaurant, store",,https://www.instagram.com/unatuna.srilanka?igsh=NGQxbHRyd28yc2E2&utm_source=qr,Monday: 10:00 AM – 11:00 PM | Tuesday: 10:00 AM – 11:00 PM | Wednesday: 10:00 AM – 11:00 PM | Thursday: 10:00 AM – 11:00 PM | Friday: 10:00 AM – 11:00 PM | Saturday: 10:00 AM – 11:00 PM | Sunday: 10:00 AM – 11:00 PM,OPERATIONAL,Unawatuna,cafe,cafe,Top,True
ChIJpbwsJPJy4ToRbCLFhMOeWu8,Blue Caffeine,"45/a Welle Dewalaya Rd, Unawatuna, Sri Lanka",6.0141408,80.24938089999999,4.7,,,"cafe, establishment, food, point_of_interest",077 925 6389,https://www.instagram.com/blue__caffeine/,Monday: 8:00 AM – 9:30 PM | Tuesday: 8:00 AM – 9:30 PM | Wednesday: 10:00 AM – 9:30 PM | Thursday: 8:00 AM – 9:30 PM | Friday: 8:00 AM – 9:30 PM | Saturday: 8:00 AM – 9:30 PM | Sunday: 8:30 AM – 9:00 PM,OPERATIONAL,Unawatuna,cafe,cafe,Top,True
ChIJ8ReHsuhz4ToRaQAd9tKSRDc,Barista Unawatuna,"184, Welledewala Junction, Galle, Matara Rd, Unawatuna 80600, Sri Lanka",6.014501099999999,80.2492748,4.8,,,"cafe, establishment, food, point_of_interest",0912 221 989,https://barista.lk/,Monday: 8:00 AM – 10:00 PM | Tuesday: 8:00 AM – 10:00 PM | Wednesday: 8:00 AM – 10:00 PM | Thursday: 8:00 AM – 10:00 PM | Friday: 8:00 AM – 10:00 PM | Saturday: 8:00 AM – 10:00 PM | Sunday: 8:00 AM – 10:00 PM,OPERATIONAL,Unawatuna,cafe,cafe,Top,True
ChIJm41Bu6Nz4ToReRpI1bk9vCs,Nalini,"Ganahena Temple Rd, Unawatuna, Sri Lanka",6.0071625,80.2543719,,,,"cafe, establishment, food, point_of_interest",0912 250 033,,Monday: 6:00 AM – 7:00 PM | Tuesday: 6:00 AM – 7:00 PM | Wednesday: 6:00 AM – 7:00 PM | Thursday: 6:00 AM – 7:00 PM | Friday: 6:00 AM – 7:00 PM | Saturday: 6:00 AM – 7:00 PM | Sunday: 6:00 AM – 7:00 PM,OPERATIONAL,Unawatuna,cafe,cafe,Top,True
ChIJjTmIXABz4ToRSSlh5krft2g,OLU Garden Cafe,"159 Devala Rd, Unawatuna, Sri Lanka",6.0089617,80.2445255,4.8,,,"cafe, establishment, food, point_of_interest",076 310 9737,http://www.unabeach.lk/,Monday: 8:00 AM – 9:00 PM | Tuesday: 8:00 AM – 9:00 PM | Wednesday: 8:00 AM – 9:00 PM | Thursday: 8:00 AM – 9:00 PM | Friday: 8:00 AM – 9:00 PM | Saturday: 8:00 AM – 9:00 PM | Sunday: 8:00 AM – 9:00 PM,OPERATIONAL,Unawatuna,cafe,cafe,Top,True
ChIJS4ZQvYa95ToRIJZW40wvVxQ,Sky Breeze | breakfast | brunch | dinner | gastrobar,"265V+FP2, Yaddehimulla Rd, Unawatuna, Sri Lanka",6.0084903,80.2444239,4.7,,,"bar, cafe, establishment, food, point_of_interest, restaurant",077 501 8092,https://skybreeze.lk/,Monday: 8:00 AM – 10:00 PM | Tuesday: 8:00 AM – 10:00 PM | Wednesday: 8:00 AM – 10:00 PM | Thursday: 8:00 AM – 10:00 PM | Friday: 8:00 AM – 10:00 PM | Saturday: 8:00 AM – 10:00 PM | Sunday: 8:00 AM – 10:00 PM,OPERATIONAL,Unawatuna,cafe,cafe,Top,True
ChIJdfutC9pz4ToRX79JcjS8nMU,Spa Una,"Yaddehimulla Rd, Unawatuna, Sri Lanka",6.0096713,80.244322,4.8,,,"cafe, establishment, food, point_of_interest, restaurant, spa, store",074 353 5251,,Monday: 8:00 AM – 9:00 PM | Tuesday: 8:00 AM – 9:00 PM | Wednesday: 8:00 AM – 9:00 PM | Thursday: 8:00 AM – 9:00 PM | Friday: 8:00 AM – 9:00 PM | Saturday: 8:00 AM – 9:00 PM | Sunday: 8:00 AM – 9:00 PM,OPERATIONAL,Unawatuna,cafe,cafe,Top,True
ChIJ-2DA7SNz4ToRRVboRThjb9Q,Cafe «КАК ДОМА»,"2755+38P, Unawatuna, Sri Lanka",6.007495400000001,80.2582706,4.7,,,"cafe, establishment, food, point_of_interest, restaurant",070 151 3076,https://t.me/KakDoma_Una,Monday: 8:00 AM – 11:00 PM | Tuesday: 8:00 AM – 11:00 PM | Wednesday: 8:00 AM – 11:00 PM | Thursday: 8:00 AM – 11:00 PM | Friday: 8:00 AM – 11:00 PM | Saturday: 8:00 AM – 11:00 PM | Sunday: 8:00 AM – 11:00 PM,OPERATIONAL,Unawatuna,cafe,cafe,Top,True
ChIJ-QfdQgBz4ToR_mCIReDjAJE,Caffe Serene,"165 Matara Rd, Unawatuna 80600, Sri Lanka",6.019713599999999,80.24807369999999,,,,"cafe, establishment, food, point_of_interest, store",077 489 6646,https://www.instagram.com/caffeserene?igsh=cG5iMXFqdWxvdzBz&utm_source=qr,Monday: Open 24 hours | Tuesday: Open 24 hours | Wednesday: 9:00 AM – 12:00 AM | Thursday: Open 24 hours | Friday: 9:00 AM – 12:00 AM | Saturday: Open 24 hours | Sunday: 9:00 AM – 12:00 AM,OPERATIONAL,Unawatuna,cafe,cafe,Top,True
ChIJXcB_3aVz4ToR81fnPcgqAhE,J J Gallery Cafe,"202/A2, Rumassala Road,Yaddehimulla, Unawatuna 80000, Sri Lanka",6.0130715,80.2391865,5.0,,,"cafe, establishment, food, point_of_interest",077 906 9310,,Monday: 7:00 AM – 8:00 PM | Tuesday: 7:00 AM – 8:00 PM | Wednesday: 7:00 AM – 8:00 PM | Thursday: 7:00 AM – 8:00 PM | Friday: 7:00 AM – 8:00 PM | Saturday: 7:00 AM – 8:00 PM | Sunday: 7:00 AM – 8:00 PM,OPERATIONAL,Unawatuna,cafe,cafe,Top,True
ChIJOT0FMfVy4ToR5O3ngQcjISQ,Tropical Aroma juice bar & coffee shop,"Heenatigala Rd, Unawatuna, Sri Lanka",6.0209802,80.253874,5.0,,,"cafe, establishment, food, point_of_interest, store",077 382 7768,,Monday: 8:30 AM – 7:00 PM | Tuesday: 8:30 AM – 7:00 PM | Wednesday: 8:30 AM – 7:00 PM | Thursday: 8:30 AM – 7:00 PM | Friday: 8:30 AM – 7:00 PM | Saturday: 8:30 AM – 7:00 PM | Sunday: 8:30 AM – 7:00 PM,OPERATIONAL,Unawatuna,cafe,cafe,Top,True
ChIJoS5Gh3xz4ToREHL0-a45V64,The Garden House,"26 Heenatigala Rd, Unawatuna 80600, Sri Lanka",6.0216711,80.2488254,4.8,,,"cafe, establishment, food, point_of_interest, restaurant, store",0912 251 626,http://www.thegardenhouse.lk/,Monday: 8:30 AM – 4:30 PM | Tuesday: 8:30 AM – 4:30 PM | Wednesday: 8:30 AM – 4:30 PM | Thursday: 8:30 AM – 4:30 PM | Friday: 8:30 AM – 4:30 PM | Saturday: 8:30 AM – 4:30 PM | Sunday: 8:30 AM – 4:30 PM,OPERATIONAL,Unawatuna,cafe,cafe,Top,True
ChIJ73yG6MFz4ToRvdXg0qTVRhs,Kopi & Treats - Unawatuna,"Matara Rd, Galle 80000, Sri Lanka",6.002200999999999,80.2598831,5.0,,,"cafe, establishment, food, point_of_interest",076 765 4165,,Monday: 9:00 AM – 7:00 PM | Tuesday: 9:00 AM – 7:00 PM | Wednesday: 9:00 AM – 7:00 PM | Thursday: 9:00 AM – 7:00 PM | Friday: 9:00 AM – 7:00 PM | Saturday: 9:00 AM – 7:00 PM | Sunday: 9:00 AM – 7:00 PM,OPERATIONAL,Unawatuna,cafe,cafe,Top,True
ChIJH-2E1Opz4ToRR2223eagz3U,Cycling Cafe,"49/A Heenatigala Rd, Unawatuna 80600, Sri Lanka",6.0219476,80.2498926,5.0,,,"cafe, establishment, food, point_of_interest",076 240 3295,,Monday: 8:00 AM – 4:00 PM | Tuesday: 8:00 AM – 4:00 PM | Wednesday: 8:00 AM – 4:00 PM | Thursday: 8:00 AM – 4:00 PM | Friday: 8:00 AM – 4:00 PM | Saturday: 8:00 AM – 4:00 PM | Sunday: 8:00 AM – 4:00 PM,OPERATIONAL,Unawatuna,cafe,cafe,Top,True
ChIJeUiVIvhz4ToRPJSFv3NITcQ,Hanumangira parking,"268Q+9GF, Unawatuna, Sri Lanka",6.015936099999999,80.238796,5.0,,,"cafe, establishment, food, point_of_interest, store",077 263 5000,,,OPERATIONAL,Unawatuna,cafe,cafe,Top,True
ChIJc8Rpw25z4ToR3oJyoocQrNk,Bun talk bakery,"නො.84 Matara Rd, Unawatuna 80600, Sri Lanka",6.022609099999999,80.2470408,4.5,,,"cafe, establishment, food, point_of_interest",,,Monday: 7:00 AM – 9:00 PM | Tuesday: 7:00 AM – 9:00 PM | Wednesday: 7:00 AM – 9:00 PM | Thursday: 7:00 AM – 9:00 PM | Friday: 7:00 AM – 9:00 PM | Saturday: 7:00 AM – 9:00 PM | Sunday: 7:00 AM – 9:00 PM,OPERATIONAL,Unawatuna,cafe,cafe,Top,True
ChIJA_rpYQBz4ToRY4qtKpvfAlM,Ceilão Tea Corner & Cafe,"no 64 Matara Rd, Unawatuna, Sri Lanka",6.0233722,80.2467544,5.0,,,"cafe, establishment, food, point_of_interest",070 785 6020,,Monday: 8:30 AM – 10:00 PM | Tuesday: 8:30 AM – 10:00 PM | Wednesday: 8:30 AM – 10:00 PM | Thursday: 8:30 AM – 10:00 PM | Friday: 8:30 AM – 10:00 PM | Saturday: 8:30 AM – 10:00 PM | Sunday: Closed,OPERATIONAL,Unawatuna,cafe,cafe,Top,True
ChIJxwf7HM5z4ToRFE2fjPcvTIY,Tropical Kitchen,"269Q+334, Unawatuna, Sri Lanka",6.017414899999999,80.2376413,3.5,,,"cafe, establishment, food, point_of_interest",,,Monday: 6:30 AM – 7:00 PM | Tuesday: 6:30 AM – 7:00 PM | Wednesday: 6:30 AM – 7:00 PM | Thursday: 6:30 AM – 7:00 PM | Friday: 6:30 AM – 7:00 PM | Saturday: 6:30 AM – 7:00 PM | Sunday: 6:30 AM – 7:00 PM,OPERATIONAL,Unawatuna,cafe,cafe,Top,True
ChIJK2EusSxz4ToRZYmTJsKVGYs,Green Lanka plant nursery & B N H Food & Bimsara art,"Mihiripenna Meegahawaththa Rd, Unawatuna, Sri Lanka",6.018045000000001,80.261839,5.0,,,"cafe, establishment, food, library, lodging, point_of_interest",077 723 2749,,Monday: 7:00 AM – 6:00 PM | Tuesday: 7:00 AM – 6:00 PM | Wednesday: 7:00 AM – 6:00 PM | Thursday: 7:00 AM – 6:00 PM | Friday: 12:30 – 5:00 PM | Saturday: 7:00 AM – 6:00 PM | Sunday: 7:00 AM – 5:00 PM,OPERATIONAL,Unawatuna,cafe,cafe,Top,True
ChIJw2Dt8jFz4ToRv9l5X7Ie-w0,New tasty food,"26FW+HMF, Galle Rd, Unawatuna, Sri Lanka",6.023930699999999,80.2466664,5.0,,,"cafe, establishment, food, point_of_interest",,,,OPERATIONAL,Unawatuna,cafe,cafe,Top,True
ChIJL0bDPQBz4ToR3f7A5DpPOMk,Galle fort,"27C6+6CQ Meegaha Waththa, Unawatuna, Sri Lanka",6.0210466,80.26151399999999,,,,"cafe, establishment, food, point_of_interest, store",,,,OPERATIONAL,Unawatuna,cafe,cafe,Top,True
ChIJh5frkudz4ToRwuQcRsWtddI,Coffee Beans Ceylon Restaurant & Cafe,"Mihiripanna,Galle, Unawatuna 80600, Sri Lanka",6.0000142,80.26601289999999,4.8,,,"cafe, establishment, food, point_of_interest, restaurant, store",076 747 3048,,Monday: 7:30 AM – 10:00 PM | Tuesday: 7:30 AM – 10:00 PM | Wednesday: 7:30 AM – 10:00 PM | Thursday: 7:30 AM – 10:00 PM | Friday: 7:30 AM – 10:00 PM | Saturday: 7:30 AM – 10:00 PM | Sunday: 7:30 AM – 10:00 PM,OPERATIONAL,Unawatuna,cafe,cafe,Top,True
ChIJL6WLjfR34ToRCUW3cVO01bE,Asian Jewel Boutique Hotel & Restaurant,"Lane 3 Field View Road Nalagasdeniya, Baddegama Rd, Hikkaduwa 80240, Sri Lanka",6.1415574,80.1186558,4.6,,,"establishment, food, lodging, point_of_interest, restaurant",0914 931 388,http://www.asian-jewel.com/,,OPERATIONAL,Hikkaduwa,restaurant,restaurant,Top,True
ChIJCRljsOB34ToRuRwzKGh4bLc,Athula Beach Guests,"248 Galle Rd, Hikkaduwa, Sri Lanka",6.140554700000001,80.0993488,3.2,,,"establishment, food, point_of_interest, restaurant",,,Monday: 8:00 AM – 8:00 PM | Tuesday: 8:00 AM – 8:00 PM | Wednesday: 8:00 AM – 8:00 PM | Thursday: 8:00 AM – 8:00 PM | Friday: 8:00 AM – 8:00 PM | Saturday: 8:00 AM – 8:00 PM | Sunday: 8:00 AM – 8:00 PM,OPERATIONAL,Hikkaduwa,restaurant,restaurant,Top,True
ChIJkQLZwf134ToRYhnfIxYBYe8,Curry Bowl Restaurant & Turtles Rest,"368 Galle Rd, Hikkaduwa 80240, Sri Lanka",6.1310322,80.10125939999999,4.2,,,"establishment, food, lodging, point_of_interest, restaurant",070 272 1260,,,OPERATIONAL,Hikkaduwa,restaurant,restaurant,Top,True
ChIJ-QEvy-J34ToR2FVAHd_9y4s,Mamas Beach Restaurant,"Hikkaduwa, Sri Lanka",6.1348221,80.0999571,4.0,,,"bar, establishment, food, point_of_interest, restaurant",074 004 6061,https://www.facebook.com/MamasCoralBeach?mibextid=2JQ9oc,Monday: 7:00 AM – 11:00 PM | Tuesday: 7:00 AM – 12:00 AM | Wednesday: 7:00 AM – 11:00 PM | Thursday: 7:00 AM – 11:00 PM | Friday: 7:00 AM – 11:00 PM | Saturday: 7:00 AM – 11:00 PM | Sunday: 7:00 AM – 11:00 PM,OPERATIONAL,Hikkaduwa,restaurant,bar,Top,True
ChIJlQEuw-J34ToRamCHSxULub0,Dolphin Restaurant & Hotel,"290 Galle Rd, Hikkaduwa, Sri Lanka",6.1338422,80.100287,4.0,,2.0,"establishment, food, point_of_interest, restaurant",,,Monday: 9:30 AM – 9:30 PM | Tuesday: 9:30 AM – 9:30 PM | Wednesday: 9:30 AM – 9:30 PM | Thursday: 9:30 AM – 9:30 PM | Friday: 9:30 AM – 9:30 PM | Saturday: 9:30 AM – 9:30 PM | Sunday: 9:30 AM – 9:30 PM,OPERATIONAL,Hikkaduwa,restaurant,restaurant,Top,True
ChIJ0YMjXvR34ToRjcuxGQMsWso,Kalla Bongo Lake Resort,"Lane 3, Field View, Baddegama road, Nalagasdeniya, Hikkaduwa, Sri Lanka",6.1418459,80.1178563,4.4,,,"establishment, food, lodging, point_of_interest, restaurant",0914 946 324,http://www.kallabongo.com/,Monday: 7:00 AM – 11:00 PM | Tuesday: 7:00 AM – 11:00 PM | Wednesday: 7:00 AM – 11:00 PM | Thursday: 7:00 AM – 11:00 PM | Friday: 7:00 AM – 11:00 PM | Saturday: 7:00 AM – 11:00 PM | Sunday: 7:00 AM – 11:00 PM,OPERATIONAL,Hikkaduwa,restaurant,restaurant,Top,True
ChIJ2cFMHf934ToRb1hi5zyeDQU,Hikka BOBA,"dhananji, walawuwaththa, walauwwaththa road, Hikkaduwa 80240, Sri Lanka",6.142143099999999,80.1012822,5.0,,,"establishment, food, point_of_interest, restaurant",077 533 9442,,Monday: 9:00 AM – 11:00 PM | Tuesday: 9:00 AM – 11:00 PM | Wednesday: 9:00 AM – 11:00 PM | Thursday: 9:00 AM – 11:00 PM | Friday: 9:00 AM – 11:00 PM | Saturday: 9:00 AM – 11:00 PM | Sunday: 9:00 AM – 11:00 PM,OPERATIONAL,Hikkaduwa,restaurant,restaurant,Top,True
ChIJHZrk9qd24ToR_SVk6qqz0bo,Villa Kusum,"932 Galle - Colombo Rd, Hikkaduwa, Dodanduwa 80250, Sri Lanka",6.117381099999999,80.1176136,4.7,,,"establishment, food, lodging, point_of_interest, restaurant",077 337 9270,https://villakusum.com/,,OPERATIONAL,Hikkaduwa,restaurant,restaurant,Top,True
ChIJNRbiped34ToRaNIhyCb3k0M,Bright Sunshine Restaurant & Hotel,"501 A2, Hikkaduwa 80240, Sri Lanka",6.126550300000001,80.1068307,4.4,,,"establishment, food, point_of_interest, restaurant",077 902 1921,,Monday: 8:00 AM – 11:30 PM | Tuesday: 8:00 AM – 11:30 PM | Wednesday: 8:00 AM – 11:30 PM | Thursday: 8:00 AM – 11:30 PM | Friday: 8:00 AM – 11:30 PM | Saturday: 8:00 AM – 11:30 PM | Sunday: 8:00 AM – 11:30 PM,OPERATIONAL,Hikkaduwa,restaurant,restaurant,Top,True
ChIJa2ep3eN34ToRUuNNDXbANSA,Refresh Beach Restaurant,"384, Galle Road, A2, Hikkaduwa, Sri Lanka",6.1303005,80.10212250000001,4.2,,3.0,"establishment, food, point_of_interest, restaurant",0912 277 810,https://www.refreshhikkaduwa.com/index.php/en/restaurants/hikkaduwa,Monday: 7:00 AM – 11:30 PM | Tuesday: 7:00 AM – 11:30 PM | Wednesday: 7:00 AM – 11:30 PM | Thursday: 7:00 AM – 11:30 PM | Friday: 7:00 AM – 11:30 PM | Saturday: 7:00 AM – 11:30 PM | Sunday: 7:00 AM – 11:30 PM,OPERATIONAL,Hikkaduwa,restaurant,restaurant,Top,True
ChIJkfVcj4x34ToRHytzvpUAcBs,Green Shadow Wedding Hall,"Hikkaduwa - Baddegama Road, Pathana,, 44QF+R24, Hikkaduwa, Sri Lanka",6.139504400000001,80.1225893,4.0,,,"establishment, food, lodging, point_of_interest, restaurant",0912 276 906,http://aradanahotels.com/,,OPERATIONAL,Hikkaduwa,restaurant,restaurant,Top,True
ChIJk7Hhwf134ToRtRcJPBuKy0g,treetop Restuarant,"363 A2, Hikkaduwa, Sri Lanka",6.139134299999999,80.0995667,5.0,,,"establishment, food, point_of_interest, restaurant",0912 275 490,,,OPERATIONAL,Hikkaduwa,restaurant,restaurant,Top,True
ChIJPzxZI_134ToRtwVGHBJxsb8,Pizza Hut Hikkaduwa,"Hikkaduwa, Sri Lanka",6.1359658,80.1003424,4.2,,2.0,"establishment, food, meal_delivery, meal_takeaway, point_of_interest, restaurant",0117 729 729,https://www.pizzahut.lk/,Monday: 11:00 AM – 11:00 PM | Tuesday: 11:00 AM – 11:00 PM | Wednesday: 11:00 AM – 11:00 PM | Thursday: 11:00 AM – 11:00 PM | Friday: 11:00 AM – 11:00 PM | Saturday: 11:00 AM – 11:00 PM | Sunday: 11:00 AM – 11:00 PM,OPERATIONAL,Hikkaduwa,restaurant,takeaway,Top,True
ChIJ51CeMv134ToRg0AtHSqQYa8,Isira Coffee Shop & Restaurant,"6 Sarath Goonawardana Mawatha, Hikkaduwa, Sri Lanka",6.1350821,80.10032509999999,4.6,,1.0,"cafe, establishment, food, point_of_interest, restaurant, store",0912 276 007,,Monday: 6:00 AM – 6:00 PM | Tuesday: 6:00 AM – 6:00 PM | Wednesday: 6:00 AM – 6:00 PM | Thursday: 6:00 AM – 6:00 PM | Friday: 6:00 AM – 6:00 PM | Saturday: 6:00 AM – 6:00 PM | Sunday: 6:00 AM – 2:00 PM,OPERATIONAL,Hikkaduwa,restaurant,cafe,Top,True
ChIJU-w42OJ34ToRSlp5ZqgbwXI,Tamara Motels,"289 Tamara Motels Rd, Hikkaduwa 80240, Sri Lanka",6.134271099999999,80.1009814,4.7,,,"cafe, establishment, food, lodging, point_of_interest, restaurant, store",075 611 1064,,Monday: 7:00 AM – 12:00 PM | Tuesday: 7:00 AM – 12:00 PM | Wednesday: 7:00 AM – 12:00 PM | Thursday: 7:00 AM – 12:00 PM | Friday: 7:00 AM – 12:00 PM | Saturday: 7:00 AM – 12:00 PM | Sunday: 7:00 AM – 12:00 PM,OPERATIONAL,Hikkaduwa,restaurant,cafe,Top,True
ChIJS_W52uJ34ToRHSIidcoZIxo,Red Lobster Restaurant,"287 Galle Rd, Hikkaduwa 80250, Sri Lanka",6.134242,80.1003557,4.1,,2.0,"establishment, food, point_of_interest, restaurant",077 043 0938,https://www.instagram.com/invites/contact/?i=ruswec7mdbti&utm_content=j40vjy1,Monday: 10:00 AM – 10:00 PM | Tuesday: 10:00 AM – 10:00 PM | Wednesday: 10:00 AM – 10:00 PM | Thursday: 10:00 AM – 10:00 PM | Friday: 10:00 AM – 10:00 PM | Saturday: 10:00 AM – 10:00 PM | Sunday: 10:00 AM – 10:00 PM,OPERATIONAL,Hikkaduwa,restaurant,restaurant,Top,True
ChIJm23OsON34ToRAYRbDInwNCg,Moon Light,"no a 337 A2, Hikkaduwa, Sri Lanka",6.1313515,80.1017138,4.2,,2.0,"establishment, food, point_of_interest, restaurant",077 663 9963,,Monday: 10:30 AM – 10:30 PM | Tuesday: 10:30 AM – 10:30 PM | Wednesday: 10:30 AM – 10:30 PM | Thursday: 10:30 AM – 10:30 PM | Friday: 10:30 AM – 10:30 PM | Saturday: 10:30 AM – 10:30 PM | Sunday: 10:30 AM – 10:30 PM,OPERATIONAL,Hikkaduwa,restaurant,restaurant,Top,True
ChIJd6pKcv534ToRSfSOav30VlI,The Coffee Shop,"Galle Rd, Hikkaduwa, Sri Lanka",6.126583,80.10637299999999,4.6,,,"cafe, establishment, food, point_of_interest, restaurant, store",077 448 1023,http://www.tripadvisor.com/Restaurant_Review-g304134-d2676678-Reviews-The_Coffee_Shop-Hikkaduwa_Galle_District_Southern_Province.html,Monday: 8:00 AM – 7:00 PM | Tuesday: 8:00 AM – 7:00 PM | Wednesday: 8:00 AM – 7:00 PM | Thursday: 8:00 AM – 7:00 PM | Friday: 8:00 AM – 7:00 PM | Saturday: 8:00 AM – 7:00 PM | Sunday: 8:00 AM – 7:00 PM,OPERATIONAL,Hikkaduwa,restaurant,cafe,Top,True
ChIJqaHhdOd34ToRFgQkN6YC3Uo,Moon Beam The Beach Heaven,"548/1 , Galle Road ,wewala, Hikkaduwa 80240, Sri Lanka",6.1262972,80.1066608,4.3,,,"establishment, food, point_of_interest, restaurant",072 213 5137,,,OPERATIONAL,Hikkaduwa,restaurant,restaurant,Top,True
ChIJfaGykvR34ToRWTM3pIfOX6I,Villa Birdlake Hikkaduwa,"Baddegama Road, Punchi Pathana, Maragaha Hena, Hikkaduwa., Hikkaduwa 80240, Sri Lanka",6.1418427,80.12046529999999,4.5,,,"establishment, food, lodging, point_of_interest, restaurant",077 501 9171,,,OPERATIONAL,Hikkaduwa,restaurant,restaurant,Top,True
ChIJF_AIAOh34ToRbGLtu4a-rlo,Yula Beach,"44F5+WQ2, Asian Highway 43, හික්කඩුව, Sri Lanka",6.124755599999999,80.109386,4.2,,,"establishment, food, lodging, point_of_interest, restaurant",077 853 4988,,,OPERATIONAL,Hikkaduwa,restaurant,restaurant,Top,True
ChIJuXAwpsJ34ToRgoCpg4EDtmw,Mambo's,"688/3 Galle Rd, Hikkaduwa 80240, Sri Lanka",6.124149099999999,80.109813,3.8,,,"establishment, food, point_of_interest, restaurant",077 782 2524,,Monday: 8:00 AM – 2:00 AM | Tuesday: 8:00 AM – 2:00 AM | Wednesday: 8:00 AM – 2:00 AM | Thursday: 8:00 AM – 2:00 AM | Friday: 8:00 AM – 2:00 AM | Saturday: 8:00 AM – 5:30 AM | Sunday: 1:00 PM – 2:00 AM,OPERATIONAL,Hikkaduwa,restaurant,restaurant,Top,True
ChIJX0y6usJ34ToRaYsoPaNdHgc,Top Secret,"44F6+M5X, A2, Hikkaduwa, Sri Lanka",6.1242464,80.1104714,4.0,,2.0,"establishment, food, point_of_interest, restaurant",0912 277 551,,Monday: 9:00 AM – 12:00 AM | Tuesday: 9:00 AM – 12:00 AM | Wednesday: 9:00 AM – 12:00 AM | Thursday: 9:00 AM – 12:00 AM | Friday: 9:00 AM – 12:00 AM | Saturday: 9:00 AM – 12:00 AM | Sunday: 9:00 AM – 2:30 AM,OPERATIONAL,Hikkaduwa,restaurant,restaurant,Top,True
ChIJ22g2v8J34ToR4wdS1oWrOS0,Joint in Southwind,"712,Galle road, Narigama, Hikkaduwa, A2, Hikkaduwa, Sri Lanka",6.124101899999999,80.1108804,4.3,,2.0,"establishment, food, point_of_interest, restaurant",0912 275 865,,Monday: 7:00 AM – 11:00 PM | Tuesday: 7:00 AM – 11:00 PM | Wednesday: 7:00 AM – 11:00 PM | Thursday: 7:00 AM – 11:00 PM | Friday: 7:00 AM – 11:00 PM | Saturday: 7:00 AM – 11:00 PM | Sunday: 7:00 AM – 11:00 PM,OPERATIONAL,Hikkaduwa,restaurant,restaurant,Top,True
ChIJ391Qq8N34ToRHQD97osSL9s,Palm Beach Guesthouse,"44C7+R2C, Hikkaduwa, Sri Lanka",6.122061100000001,80.1125033,4.2,,,"establishment, food, point_of_interest, restaurant",077 769 6572,http://sri-lanka-reisen.de/,Monday: 8:00 AM – 3:00 AM | Tuesday: 8:00 AM – 3:00 AM | Wednesday: 8:00 AM – 3:00 AM | Thursday: 8:00 AM – 3:00 AM | Friday: 8:00 AM – 3:00 AM | Saturday: 8:00 AM – 3:00 AM | Sunday: 8:00 AM – 3:00 AM,OPERATIONAL,Hikkaduwa,restaurant,restaurant,Top,True
ChIJ5aHx4ot34ToRz0cUHtnDsOA,Hotel Green Garden,"Lake School, 44RG+97F, Junction, Pathana, Hikkaduwa, Sri Lanka",6.140941799999999,80.1256762,3.9,,,"establishment, food, point_of_interest, restaurant",077 764 4515,http://hotelgreengarden.lk/,Monday: Open 24 hours | Tuesday: Open 24 hours | Wednesday: Open 24 hours | Thursday: Open 24 hours | Friday: Open 24 hours | Saturday: Open 24 hours | Sunday: Open 24 hours,OPERATIONAL,Hikkaduwa,restaurant,restaurant,Top,True
ChIJlektlMF34ToR0BctLnAs78A,Jungle Paradise Holiday Resorts,"pinkandaroad, 44F8+7C8, Hikkaduwa, Sri Lanka",6.123167,80.1160716,4.2,,,"bar, establishment, food, point_of_interest, restaurant",077 738 7306,http://booking.com/,Monday: 8:00 AM – 8:00 PM | Tuesday: 8:00 AM – 8:00 PM | Wednesday: 8:00 AM – 8:00 PM | Thursday: 8:00 AM – 8:00 PM | Friday: 8:00 AM – 8:00 PM | Saturday: 8:00 AM – 8:00 PM | Sunday: 8:00 AM – 8:00 PM,OPERATIONAL,Hikkaduwa,restaurant,bar,Top,True
ChIJP_1Y8MZ34ToRvBd-aqd6QEw,Thambili Cafe & Juice Bar,"63 Galle Rd, Hikkaduwa, Sri Lanka",6.1174362,80.1171165,4.5,,1.0,"cafe, establishment, food, point_of_interest, restaurant",077 675 0864,http://www.facebook.com/pages/Thambili-Cafe/319120431435788,Monday: 9:00 AM – 9:00 PM | Tuesday: 9:00 AM – 9:00 PM | Wednesday: 9:00 AM – 9:00 PM | Thursday: 9:00 AM – 9:00 PM | Friday: 9:00 AM – 9:00 PM | Saturday: 9:00 AM – 9:00 PM | Sunday: 9:00 AM – 9:00 PM,OPERATIONAL,Hikkaduwa,restaurant,cafe,Top,True
ChIJ9TevyOZ34ToROFOxJVIR7IM,Thusis,"841 Galle Rd, Dodanduwa 80250, Sri Lanka",6.1163905,80.1192932,4.5,,2.0,"cafe, establishment, food, point_of_interest, restaurant",077 878 1254,,Monday: 12:00 – 9:30 PM | Tuesday: 12:00 – 9:30 PM | Wednesday: 12:00 – 9:30 PM | Thursday: 12:00 – 9:30 PM | Friday: 12:00 – 9:30 PM | Saturday: 12:00 – 9:30 PM | Sunday: 12:00 – 9:30 PM,OPERATIONAL,Hikkaduwa,restaurant,cafe,Top,True
ChIJHVtBysN34ToRSXexeXrI-JA,Hotel Ocean View Cottage,"Hotel Ocean View Cottage, Galle Main Road, Thiranagama, Hikkaduwa 80244, Sri Lanka",6.122002999999999,80.11370199999999,4.2,,,"cafe, establishment, food, lodging, point_of_interest, restaurant",0912 277 237,https://oceanviewcottage.net/,Monday: 7:00 AM – 11:00 PM | Tuesday: 7:00 AM – 11:00 PM | Wednesday: 7:00 AM – 11:00 PM | Thursday: 7:00 AM – 11:00 PM | Friday: 7:00 AM – 11:00 PM | Saturday: 7:00 AM – 11:00 PM | Sunday: 7:00 AM – 11:00 PM,OPERATIONAL,Hikkaduwa,restaurant,cafe,Top,True
ChIJnxE1ewB34ToRhG-s_OSkM6I,you so much,"44Q4+QG6, Hikkaduwa, Sri Lanka",6.1394055,80.1062639,,,,"establishment, food, point_of_interest, restaurant",,,,OPERATIONAL,Hikkaduwa,restaurant,restaurant,Top,True
ChIJrftUXQB34ToRVHoNaUipaJ8,Master chef,"44Q4+QG6 Kirihandigoda, Hikkaduwa, Sri Lanka",6.1394055,80.1062639,5.0,,,"establishment, food, point_of_interest, restaurant",076 801 5195,,Monday: 10:00 AM – 10:00 PM | Tuesday: 10:00 AM – 10:00 PM | Wednesday: 10:00 AM – 10:00 PM | Thursday: 10:00 AM – 10:00 PM | Friday: 10:00 AM – 10:00 PM | Saturday: 10:00 AM – 10:00 PM | Sunday: 10:00 AM – 10:00 PM,OPERATIONAL,Hikkaduwa,restaurant,restaurant,Top,True
ChIJ2Rmr4GJ34ToR8VrqRRFPbuY,Pinkanda,"44Q4+QG6, Hikkaduwa, Sri Lanka",6.139405399999999,80.106264,5.0,,,"establishment, food, point_of_interest, restaurant",,,,OPERATIONAL,Hikkaduwa,restaurant,restaurant,Top,True
ChIJg5USWAB34ToReIvD60zZewM,Local rice & curry lunch,"8, 152 Hikkaduwa - Baddegama Rd, Hikkaduwa, Sri Lanka",6.139367,80.1058738,,,,"establishment, food, point_of_interest, restaurant",,,,OPERATIONAL,Hikkaduwa,restaurant,restaurant,Top,True
ChIJp1hEY9J34ToRR36ZvkPhpqw,රයිස් කඩේ,"44Q4+P6V Kirahandigoda, Hikkaduwa, Sri Lanka",6.139365,80.1055526,5.0,,,"establishment, food, point_of_interest, restaurant",077 798 1863,,Monday: 3:00 – 10:00 PM | Tuesday: 3:00 – 10:00 PM | Wednesday: 3:00 – 10:00 PM | Thursday: 3:00 – 10:00 PM | Friday: 3:00 – 10:00 PM | Saturday: 3:00 – 10:00 PM | Sunday: 3:00 – 10:00 PM,OPERATIONAL,Hikkaduwa,restaurant,restaurant,Top,True
ChIJj_6tM2N34ToRXfkT7ftjsKI,The Heights Bistro,"Mendila Heights, L L LL John de Silva Mawatha, Hikkaduwa 80240, Sri Lanka",6.1409119,80.10627730000002,,,,"establishment, food, point_of_interest, restaurant",077 762 7727,,"Monday: 7:30 – 9:30 AM, 12:30 – 2:30 PM, 7:30 – 10:00 PM | Tuesday: 7:30 – 9:30 AM, 12:30 – 2:30 PM, 7:30 – 10:00 PM | Wednesday: 7:30 – 9:30 AM, 12:30 – 2:30 PM, 7:30 – 10:00 PM | Thursday: 7:30 – 9:30 AM, 12:30 – 2:30 PM, 7:30 – 10:00 PM | Friday: 7:30 – 9:30 AM, 12:30 – 2:30 PM, 7:30 – 10:00 PM | Saturday: 7:30 – 9:30 AM, 12:30 – 2:30 PM, 7:30 – 10:00 PM | Sunday: 12:30 AM – 2:30 PM, 7:30 – 10:00 PM",OPERATIONAL,Hikkaduwa,restaurant,restaurant,Top,True
ChIJNfUk18134ToRbLkaJrIGBWY,Canal view,"44, Canal Road, Wadugoda, Hikkaduwa 80240, Sri Lanka",6.140812899999999,80.1071467,4.9,,,"establishment, food, point_of_interest, restaurant",077 438 1063,,Monday: 12:30 – 9:30 PM | Tuesday: 12:30 – 9:30 PM | Wednesday: 12:30 – 9:30 PM | Thursday: 12:30 – 9:30 PM | Friday: 12:30 – 9:30 PM | Saturday: 12:30 – 9:30 PM | Sunday: 12:30 – 9:30 PM,OPERATIONAL,Hikkaduwa,restaurant,restaurant,Top,True
ChIJa-czBdd34ToR_E_jvHFIgFI,BBQ,"44Q5+V58, B153, Hikkaduwa, Sri Lanka",6.1396581,80.10796189999999,,,,"establishment, food, point_of_interest, restaurant",077 188 0021,,Monday: 1:00 – 10:00 PM | Tuesday: 1:00 – 10:00 PM | Wednesday: 1:00 – 10:00 PM | Thursday: 1:00 – 10:00 PM | Friday: 1:00 – 10:00 PM | Saturday: 1:00 – 10:00 PM | Sunday: 1:00 – 10:00 PM,OPERATIONAL,Hikkaduwa,restaurant,restaurant,Top,True
ChIJrUR3vVh34ToRCzhdQLqVvUU,Ayubowan Seafood Restaurant,"Kirahandigoda, Baddegama Rd, Hikkaduwa 80240, Sri Lanka",6.1397197,80.1044825,5.0,,,"establishment, food, point_of_interest, restaurant",076 616 0864,,Monday: 8:00 AM – 10:00 PM | Tuesday: 8:00 AM – 10:00 PM | Wednesday: 8:00 AM – 10:00 PM | Thursday: 8:00 AM – 10:00 PM | Friday: 8:00 AM – 10:00 PM | Saturday: 8:00 AM – 10:00 PM | Sunday: 8:00 AM – 10:00 PM,OPERATIONAL,Hikkaduwa,restaurant,restaurant,Top,True
ChIJ9UuDRAB54ToREnSCPWQQUsI,LACSCEIAN,"Kanda uda road, Wavulagoda, Hikkaduwa 80240, Sri Lanka",6.1374298,80.1066998,5.0,,,"establishment, food, point_of_interest, restaurant",071 123 0901,,Monday: 5:00 – 10:00 PM | Tuesday: 5:00 – 10:00 PM | Wednesday: 5:00 – 10:00 PM | Thursday: 5:00 – 10:00 PM | Friday: 5:00 – 10:00 PM | Saturday: 5:00 – 10:00 PM | Sunday: 5:00 – 10:00 PM,OPERATIONAL,Hikkaduwa,restaurant,restaurant,Top,True
ChIJ6T3yMZZ34ToR0chdwKUOYBc,CJ Food,"177 Baddegama Rd, Hikkaduwa 80240, Sri Lanka",6.139679699999999,80.1086886,,,,"establishment, food, point_of_interest, restaurant",077 976 7793,,,OPERATIONAL,Hikkaduwa,restaurant,restaurant,Top,True
ChIJqXQHHAB34ToR1Upj68eOeiw,CEYLON CINNAMON TEA & CAFE,"107/1 Baddegama Rd, Hikkaduwa, Sri Lanka",6.1400475,80.1038019,,,,"establishment, food, point_of_interest, restaurant",072 088 8390,https://www.facebook.com/share/16VGSQRDp3/?mibextid=wwXIfr,Monday: 9:00 AM – 7:00 PM | Tuesday: 9:00 AM – 7:00 PM | Wednesday: 9:00 AM – 7:00 PM | Thursday: 9:00 AM – 7:00 PM | Friday: 9:00 AM – 7:00 PM | Saturday: 9:00 AM – 7:00 PM | Sunday: 9:00 AM – 7:00 PM,OPERATIONAL,Hikkaduwa,restaurant,restaurant,Top,True
ChIJG6BDbQB34ToRZdDOnYZ0ClM,Muthu's kitchen,"Sarath Goonawardana Mawatha, Hikkaduwa, Sri Lanka",6.1361057,80.10615969999999,,,,"establishment, food, point_of_interest, restaurant",077 936 8970,,Monday: 9:00 AM – 4:00 PM | Tuesday: 9:00 AM – 4:00 PM | Wednesday: 9:00 AM – 4:00 PM | Thursday: 9:00 AM – 4:00 PM | Friday: 9:00 AM – 4:00 PM | Saturday: 9:00 AM – 4:00 PM | Sunday: 9:00 AM – 4:00 PM,OPERATIONAL,Hikkaduwa,restaurant,restaurant,Top,True
ChIJieVlZgB34ToRys9M5e7D4mw,Hopper Shop,"190 Baddegama Rd, Hikkaduwa, Sri Lanka",6.1393057,80.1097506,,,,"establishment, food, point_of_interest, restaurant",,,,OPERATIONAL,Hikkaduwa,restaurant,restaurant,Top,True
ChIJDZalSgB34ToRDUseSyyk2BE,Kumari's Cookery Class & Curry Restaurant,"Gamagewatta, Egodagoda, Hikkaduwa 80240, Sri Lanka",6.1435796,80.1081413,5.0,,,"establishment, food, point_of_interest, restaurant",077 193 8326,https://www.tripadvisor.com/Restaurant_Review-g304134-d32766882-Reviews-Kumari_s_Cookery_Class_Curry_Restaurant-Hikkaduwa_Galle_District_Southern_Provin.html?m=69573,Monday: 12:00 – 10:00 PM | Tuesday: 12:00 – 10:00 PM | Wednesday: 12:00 – 10:00 PM | Thursday: 12:00 – 10:00 PM | Friday: 12:00 – 10:00 PM | Saturday: 12:00 – 10:00 PM | Sunday: 12:00 – 10:00 PM,OPERATIONAL,Hikkaduwa,restaurant,restaurant,Top,True
ChIJm9pZYwB34ToRLbFTcy0Nbok,Ranwali,"44Q6+H95, Baddegama Rd, Hikkaduwa, Sri Lanka",6.1388878,80.11098779999999,,,,"establishment, food, point_of_interest, restaurant",077 751 0479,,Monday: 6:00 AM – 9:00 PM | Tuesday: 6:00 AM – 9:00 PM | Wednesday: 6:00 AM – 9:00 PM | Thursday: 6:00 – 9:00 AM | Friday: 6:00 – 9:00 AM | Saturday: 6:00 – 9:00 AM | Sunday: 6:00 – 9:00 AM,OPERATIONAL,Hikkaduwa,restaurant,restaurant,Top,True
ChIJtXwuIAB34ToRzTSbhkP3lok,M.S FOODS,"16 Wellawatta Rd, Hikkaduwa 80240, Sri Lanka",6.1439306,80.1041927,,,,"establishment, food, point_of_interest, restaurant",074 307 9392,,Monday: 5:00 – 10:00 PM | Tuesday: 5:00 – 10:00 PM | Wednesday: 5:00 – 10:00 PM | Thursday: 5:00 – 10:00 PM | Friday: 5:00 – 10:00 PM | Saturday: 5:00 – 10:00 PM | Sunday: 5:00 – 10:00 PM,OPERATIONAL,Hikkaduwa,restaurant,restaurant,Top,True
ChIJV1t-zf134ToRiab3U3-CL54,Hotel Happy Tuna,"45 Amarasena Mawatha, Hikkaduwa 80240, Sri Lanka",6.1394711,80.1013625,4.0,,,"establishment, food, lodging, point_of_interest, restaurant, tourist_attraction",0912 275 939,,Monday: Open 24 hours | Tuesday: Open 24 hours | Wednesday: Open 24 hours | Thursday: Open 24 hours | Friday: Open 24 hours | Saturday: Open 24 hours | Sunday: Open 24 hours,OPERATIONAL,Hikkaduwa,restaurant,restaurant,Top,True
ChIJdSgk5Jx34ToR14M_Uv4dVQs,Han-guk Chef 한국 체프,"Sri Lanka, Hikkaduwa, Urban Council, Niwahal, Baddegama Rd, Nalagasdeniya, Hikkaduwa",6.1388283,80.1114168,4.6,,,"establishment, food, point_of_interest, restaurant",070 690 4645,,Monday: Closed | Tuesday: 10:00 AM – 10:00 PM | Wednesday: 10:00 AM – 10:00 PM | Thursday: 10:00 AM – 10:00 PM | Friday: 10:00 AM – 10:00 PM | Saturday: 10:00 AM – 10:00 PM | Sunday: 10:00 AM – 10:00 PM,OPERATIONAL,Hikkaduwa,restaurant,restaurant,Top,True
ChIJlXf79YR34ToRBQk87oYJdn4,White lotus restaurant,"44Q2+XJ9, No,44 Amarasena Mawatha, Hikkaduwa, Sri Lanka",6.139744299999999,80.10093049999999,4.1,,,"establishment, food, point_of_interest, restaurant",,,Monday: 8:00 AM – 8:00 PM | Tuesday: 8:00 AM – 8:00 PM | Wednesday: 8:00 AM – 8:00 PM | Thursday: 8:00 AM – 8:00 PM | Friday: 8:00 AM – 8:00 PM | Saturday: 8:00 AM – 8:00 PM | Sunday: 8:00 AM – 8:00 PM,OPERATIONAL,Hikkaduwa,restaurant,restaurant,Top,True
ChIJPeq_CLF34ToRlwgfikvbIZI,Магазин «Домашние пельмени»,"48 Pannamgoda Meda Para Road, Hikkaduwa, Sri Lanka",6.134408,80.104686,4.5,,,"establishment, food, meal_takeaway, point_of_interest, restaurant, store",070 665 4714,https://wa.me/message/O7YCD73X6YSJD1,Monday: 9:00 AM – 11:30 PM | Tuesday: 9:00 AM – 11:30 PM | Wednesday: 9:00 AM – 11:30 PM | Thursday: 9:00 AM – 11:30 PM | Friday: 9:00 AM – 11:30 PM | Saturday: 9:00 AM – 11:30 PM | Sunday: 9:00 AM – 11:30 PM,OPERATIONAL,Hikkaduwa,restaurant,takeaway,Top,True
ChIJiQfMV6934ToRuH14BUDPDR4,Mango Breeze Cafe,"44P2+FQX, Sarath Goonawardana Mawatha, Hikkaduwa 80240, Sri Lanka",6.1362312,80.1019894,5.0,,,"establishment, food, point_of_interest, restaurant",071 120 0306,https://www.facebook.com/HikkaCake/,Monday: 7:00 AM – 7:00 PM | Tuesday: 7:00 AM – 7:00 PM | Wednesday: 7:00 AM – 7:00 PM | Thursday: 7:00 AM – 7:00 PM | Friday: 7:00 AM – 7:00 PM | Saturday: 7:00 AM – 7:00 PM | Sunday: 7:00 AM – 7:00 PM,OPERATIONAL,Hikkaduwa,restaurant,restaurant,Top,True
ChIJAfJeIh134ToRyROKKkKbS8k,Rithika Café,"34 Baddegama Rd, Hikkaduwa, Sri Lanka",6.140603,80.10094099999999,5.0,,,"establishment, food, point_of_interest, restaurant",,,,OPERATIONAL,Hikkaduwa,restaurant,restaurant,Top,True
ChIJX9QAY1h34ToRxuj43pwCs4k,Wimal's,"34 Baddegama Rd, Hikkaduwa, Sri Lanka",6.140566799999999,80.1009335,5.0,,,"establishment, food, point_of_interest, restaurant",,,,OPERATIONAL,Hikkaduwa,restaurant,restaurant,Top,True
ChIJg8SjPrV34ToRV44CGBdkXH4,Vito Juice Bar & Restaurant Hikkaduwa,"JAYASIRI,MEDA MAWATHA, Villa Wismar Hikkaduwa, Milla Hill Rd, Hikkaduwa 80240, Sri Lanka",6.1343613,80.1087441,5.0,,,"cafe, establishment, food, point_of_interest, restaurant",072 071 9999,https://wa.me/message/LCZKBVFFHXX2P1,Monday: 5:00 – 11:00 PM | Tuesday: 5:00 – 11:00 PM | Wednesday: 5:00 – 11:00 PM | Thursday: 5:00 – 11:00 PM | Friday: 5:00 – 11:00 PM | Saturday: 5:00 – 11:00 PM | Sunday: 5:00 – 11:00 PM,OPERATIONAL,Hikkaduwa,restaurant,cafe,Top,True
ChIJCwi3MQB34ToRegHTIXooJ-4,Shen Food,"18/1 Baddegama Rd, Hikkaduwa, Sri Lanka",6.140391999999999,80.1005169,4.7,,,"establishment, food, point_of_interest, restaurant",077 044 3610,https://www.instagram.com/shenfood1,Monday: 8:00 AM – 11:30 PM | Tuesday: 8:00 AM – 11:30 PM | Wednesday: 8:00 AM – 11:30 PM | Thursday: 8:00 AM – 11:30 PM | Friday: 8:00 AM – 11:30 PM | Saturday: 8:00 AM – 11:30 PM | Sunday: 8:00 AM – 11:30 PM,OPERATIONAL,Hikkaduwa,restaurant,restaurant,Top,True
ChIJz_Fj7Od34ToRNaU6WMV_IWI,Wikramasingha Tea Cafe,"555 road narigama, Hikkaduwa, Sri Lanka",6.125656800000001,80.1081385,3.8,,,"cafe, establishment, food, point_of_interest",0912 277 119,,Monday: 6:00 AM – 8:00 PM | Tuesday: 6:00 AM – 8:00 PM | Wednesday: 6:00 AM – 8:00 PM | Thursday: 6:00 AM – 8:00 PM | Friday: 6:00 AM – 8:00 PM | Saturday: 6:00 AM – 8:00 PM | Sunday: 6:00 AM – 8:00 PM,OPERATIONAL,Hikkaduwa,cafe,cafe,Top,True
ChIJ32UdGwB34ToRX4OnQhCi5kM,Niranjalee homes,"44P5+XFP Kandauda para, wawlagoda, Hikkaduwa, Sri Lanka",6.137463299999999,80.10871519999999,,,,"cafe, establishment, food, point_of_interest, store",,,,OPERATIONAL,Hikkaduwa,cafe,cafe,Top,True
ChIJJRs-mHt34ToRtFSQj8bfeDw,Roshan Cool Spot & Grocery,"28 Baddegama Rd, Hikkaduwa, Sri Lanka",6.1405968,80.1009177,4.0,,,"cafe, establishment, food, point_of_interest",,,,OPERATIONAL,Hikkaduwa,cafe,cafe,Top,True
ChIJjYNY2k534ToRRBrhvbyxRL8,No 01 & Only 01 Protein Bar,"44Q2+M2P, Amarasena Mawatha, Hikkaduwa, Sri Lanka",6.1392137,80.1000879,5.0,,,"cafe, establishment, food, point_of_interest",071 984 7547,,Monday: 8:00 AM – 11:00 PM | Tuesday: 8:00 AM – 11:00 PM | Wednesday: 8:00 AM – 11:00 PM | Thursday: 8:00 AM – 11:00 PM | Friday: 8:00 AM – 11:00 PM | Saturday: 8:00 AM – 11:00 PM | Sunday: 8:00 AM – 11:00 PM,OPERATIONAL,Hikkaduwa,cafe,cafe,Top,True
ChIJnSBXWQB34ToRHA6APY9kDME,CAFE ORA,"201 Galle Rd, Hikkaduwa, Sri Lanka",6.1407384,80.0998345,4.6,,,"cafe, establishment, food, point_of_interest, store",,,,OPERATIONAL,Hikkaduwa,cafe,cafe,Top,True
ChIJFxmfqAB34ToR0mW6KBk-RlA,Sampath Restaurant and Cafe,"A2, 43RX+XWG, Hikkaduwa - Baddegama Rd, Hikkaduwa, Sri Lanka",6.1424696,80.09984209999999,4.0,,,"cafe, establishment, food, point_of_interest",,,,OPERATIONAL,Hikkaduwa,cafe,cafe,Top,True
ChIJu1-fpMB34ToRHpRtxzXtRT4,Tea Coffee,"44P2+44F, Hikkaduwa, Sri Lanka",6.135335,80.1003023,4.2,,,"cafe, establishment, food, point_of_interest, store",,,Monday: 8:00 AM – 8:00 PM | Tuesday: 8:00 AM – 8:00 PM | Wednesday: 8:00 AM – 8:00 PM | Thursday: 8:00 AM – 8:00 PM | Friday: 8:00 AM – 8:00 PM | Saturday: 8:00 AM – 8:00 PM | Sunday: 8:00 AM – 8:00 PM,OPERATIONAL,Hikkaduwa,cafe,cafe,Top,True
ChIJHa9cl1h34ToRzD2lTTy1dXk,Craft Tea,"Baddegama Rd, Hikkaduwa, Sri Lanka",6.1380488,80.11344129999999,4.9,,,"cafe, establishment, food, point_of_interest, store",077 281 2103,,Monday: Open 24 hours | Tuesday: Open 24 hours | Wednesday: Open 24 hours | Thursday: Open 24 hours | Friday: Open 24 hours | Saturday: Open 24 hours | Sunday: Open 24 hours,OPERATIONAL,Hikkaduwa,cafe,cafe,Top,True
ChIJo7dMLwB34ToRMLbe_g-DL2E,Charlie's Heaven Cafe,"43VX+5XV, 149 Galle Rd, Hikkaduwa 80240, Sri Lanka",6.1431116,80.09992009999999,5.0,,,"cafe, establishment, food, point_of_interest, store",077 849 7718,,Monday: Closed | Tuesday: 8:30 AM – 8:30 PM | Wednesday: 8:30 AM – 8:30 PM | Thursday: 8:30 AM – 8:30 PM | Friday: 8:30 AM – 8:30 PM | Saturday: 8:30 AM – 8:30 PM | Sunday: 8:30 AM – 8:30 PM,OPERATIONAL,Hikkaduwa,cafe,cafe,Top,True
ChIJm9GsXgV34ToRj9aDTxGarLs,"Ceylons House Hikkaduwa, Sri Lanka","Godagamagewaththa, Milla Hill Rd, Hikkaduwa, Sri Lanka",6.1332966,80.1106042,4.6,,,"cafe, establishment, food, lodging, point_of_interest, restaurant, store",077 548 1031,http://www.ceylonshouse.com/,,OPERATIONAL,Hikkaduwa,cafe,cafe,Top,True
ChIJnTSOJgB34ToRJxoJ5T0eA1o,SAFFRON ROBES COFFEEè,"285/A Galle Rd, Hikkaduwa, Sri Lanka",6.1343767,80.1003903,4.8,,,"cafe, establishment, food, point_of_interest, store",077 441 5777,http://www.saffronrobes.com/,Monday: 9:00 AM – 9:00 PM | Tuesday: 9:00 AM – 9:00 PM | Wednesday: 9:00 AM – 9:00 PM | Thursday: 9:00 AM – 9:00 PM | Friday: 9:00 AM – 9:00 PM | Saturday: 9:00 AM – 9:00 PM | Sunday: 9:00 AM – 9:00 PM,OPERATIONAL,Hikkaduwa,cafe,cafe,Top,True
ChIJ4cGJfnN34ToRh-pw70fgQz8,HIKKA RU,"Tamara Motels Road, Muddillagaha Wattha,Wowlagoda, Hikkaduwa 80240, Sri Lanka",6.134213099999999,80.10037249999999,5.0,,,"cafe, establishment, food, point_of_interest",076 786 5044,,Monday: 2:00 – 11:30 PM | Tuesday: 2:00 – 11:30 PM | Wednesday: 2:00 – 11:30 PM | Thursday: 2:00 – 11:30 PM | Friday: 2:00 – 11:30 PM | Saturday: 2:00 – 11:00 PM | Sunday: 2:00 – 11:30 PM,OPERATIONAL,Hikkaduwa,cafe,cafe,Top,True
ChIJj6bCZQB34ToRldnuoFlc9mU,COCO LOCO cocktails and food,"290 Galle Rd, Hikkaduwa, Sri Lanka",6.1339542,80.1001946,4.6,,,"bar, cafe, establishment, food, point_of_interest, restaurant",,,Monday: 9:30 AM – 11:00 PM | Tuesday: 9:30 AM – 11:00 PM | Wednesday: 9:30 AM – 11:00 PM | Thursday: 9:30 AM – 11:00 PM | Friday: 9:30 AM – 11:00 PM | Saturday: 9:30 AM – 11:00 PM | Sunday: 9:30 AM – 11:00 PM,OPERATIONAL,Hikkaduwa,cafe,cafe,Top,True
ChIJe8q33u134ToRqlZqmJgxepo,Raja Cafe And Gallery Hikkaduwa,"No.358C,Wawlagoda, Galle Rd, Hikkaduwa 80240, Sri Lanka",6.1337569,80.1003759,4.9,,,"cafe, establishment, food, point_of_interest",077 768 9052,https://www.instagram.com/raja.cafe_gallery/,Monday: 9:00 AM – 10:00 PM | Tuesday: 9:00 AM – 10:00 PM | Wednesday: 9:00 AM – 10:00 PM | Thursday: 9:00 AM – 10:00 PM | Friday: 9:00 AM – 10:00 PM | Saturday: 9:00 AM – 10:00 PM | Sunday: 9:00 AM – 10:00 PM,OPERATIONAL,Hikkaduwa,cafe,cafe,Top,True
ChIJ6d7QIuh34ToRWqA_5vW3HYU,Ocean Drop Hikkaduwa,"358c Galle - Colombo Rd, Hikkaduwa, Sri Lanka",6.133782,80.1003463,4.8,,,"cafe, establishment, food, point_of_interest, restaurant",075 419 6912,https://oceandrophikkaduwa.com/,Monday: 11:00 AM – 10:00 PM | Tuesday: 11:00 AM – 10:00 PM | Wednesday: 11:00 AM – 10:00 PM | Thursday: 11:00 AM – 10:00 PM | Friday: 11:00 AM – 10:00 PM | Saturday: 11:00 AM – 10:00 PM | Sunday: 11:00 AM – 10:00 PM,OPERATIONAL,Hikkaduwa,cafe,cafe,Top,True
ChIJm-Q1PzB34ToRdXD_tLppvzY,Hikka Chill,"358A Galle Rd, Hikkaduwa 80240, Sri Lanka",6.1338262,80.10021619999999,4.7,,,"cafe, establishment, food, point_of_interest, restaurant",077 314 1478,,Monday: 8:00 AM – 11:00 PM | Tuesday: 8:00 AM – 11:00 PM | Wednesday: 8:00 AM – 11:00 PM | Thursday: 11:00 AM – 11:00 PM | Friday: 8:00 AM – 11:00 PM | Saturday: 8:00 AM – 11:00 PM | Sunday: 8:00 AM – 11:00 PM,OPERATIONAL,Hikkaduwa,cafe,cafe,Top,True
ChIJwal0Qll34ToR_eWjYZ_DJAI,Sun&Sea Café and eatery,"358c Galle - Colombo Rd, Hikkaduwa, Sri Lanka",6.1337757,80.10025879999999,5.0,,,"cafe, establishment, food, point_of_interest, store",,,,OPERATIONAL,Hikkaduwa,cafe,cafe,Top,True
ChIJqz9oyNR34ToRCJwFtqymDU8,Fire Cafe - Огненное кафе,"Galle Rd, Hikkaduwa 80240, Sri Lanka",6.1335913,80.10039979999999,2.9,,,"cafe, establishment, food, point_of_interest",076 838 7456,,Monday: 8:00 AM – 11:00 PM | Tuesday: 8:00 AM – 11:00 PM | Wednesday: 8:00 AM – 11:00 PM | Thursday: 8:00 AM – 11:00 PM | Friday: 8:00 AM – 11:00 PM | Saturday: 8:00 AM – 11:00 PM | Sunday: 8:00 AM – 11:00 PM,OPERATIONAL,Hikkaduwa,cafe,cafe,Top,True
ChIJK4LM62d34ToRnvOpTM1riVg,Ocean Vibe Cafe,"358e Galle - Colombo Rd, Hikkaduwa, Sri Lanka",6.1335885,80.1003941,4.6,,,"cafe, establishment, food, point_of_interest, restaurant",077 460 2698,http://www.oceanvibe.tilda.ws/,Monday: 7:00 AM – 10:00 PM | Tuesday: 7:00 AM – 10:00 PM | Wednesday: 7:00 AM – 10:00 PM | Thursday: 7:00 AM – 10:00 PM | Friday: 7:00 AM – 10:00 PM | Saturday: 7:00 AM – 10:00 PM | Sunday: 7:00 AM – 10:00 PM,OPERATIONAL,Hikkaduwa,cafe,cafe,Top,True
ChIJocbHpo534ToRrqmstJfnmhw,Кафе-пиццерия,"44M2+77H, Galle Rd, Hikkaduwa, Sri Lanka",6.133194,80.10072199999999,3.6,,,"cafe, establishment, food, point_of_interest",,,,OPERATIONAL,Hikkaduwa,cafe,cafe,Top,True
ChIJ6zEJfwB34ToRZCR7GeFK4T4,espresso bloom,"pannamgoda, Hikkaduwa 80240, Sri Lanka",6.131998500000001,80.1012793,5.0,,,"art_gallery, cafe, establishment, food, point_of_interest, restaurant",070 124 0616,,Monday: 8:30 AM – 10:00 PM | Tuesday: 8:30 AM – 10:00 PM | Wednesday: 8:30 AM – 10:00 PM | Thursday: 8:30 AM – 10:00 PM | Friday: 8:30 AM – 10:00 PM | Saturday: 8:30 AM – 10:00 PM | Sunday: 8:30 AM – 10:00 PM,OPERATIONAL,Hikkaduwa,cafe,cafe,Top,True
ChIJ5_eCZQB54ToRXszWw28xEYM,Crush eka,"44W2+H5G, Hikkaduwa, Sri Lanka",6.1464411,80.10044800000001,,,,"cafe, establishment, food, point_of_interest",,,,OPERATIONAL,Hikkaduwa,cafe,cafe,Top,True
ChIJA7gE6LR34ToR-ty_VqSJomk,THE BAY,"64A GALLE ROAD, Pannamgoda Meda Para Road, Hikkaduwa 80240, Sri Lanka",6.1312481,80.1015085,4.0,,,"cafe, establishment, food, health, point_of_interest, store",077 224 1506,http://ceylonspiceage.com/,Monday: 3:00 – 10:00 PM | Tuesday: 3:00 – 10:00 PM | Wednesday: 3:00 – 10:00 PM | Thursday: 3:00 – 10:00 PM | Friday: 3:00 – 10:00 PM | Saturday: 3:00 – 10:00 PM | Sunday: 3:00 – 10:00 PM,OPERATIONAL,Hikkaduwa,cafe,cafe,Top,True
ChIJlcTUwkZ54ToR0Xvtp9Xh6ds,Hikka Bridge Café & Restaurant,"7 Galle - Colombo Rd, Hikkaduwa 80240, Sri Lanka",6.1473337,80.0996687,4.6,,,"cafe, establishment, food, point_of_interest, restaurant",077 838 9838,https://www.google.com/search?q=hikka+bridge+caf%C3%A9+%26+restaurant+hikkaduwa+reviews&num=10&newwindow=1&sca_esv=22b7c102b56cf77f&hl=en-GB&authuser=0&sxsrf=ANbL-n4uqoBHFZ9GBI82yUTpf0ZVIdNrmA%3A1771110379342&ei=6_-QacnQFN2hseMPi_el2Ac&biw=2400&bih=1138&oq=Hikka+Bridge+Caf%C3%A9+%26+Restaurant&gs_lp=Egxnd3Mtd2l6LXNlcnAiH0hpa2thIEJyaWRnZSBDYWbDqSAmIFJlc3RhdXJhbnQqAggBMgcQIxiwAxgnMgcQIxiwAxgnMgcQIxiwAxgnMgoQABiwAxjWBBhHMgoQABiwAxjWBBhHMgoQABiwAxjWBBhHMgoQABiwAxjWBBhHMgoQABiwAxjWBBhHMgoQABiwAxjWBBhHMgoQABiwAxjWBBhHSKciUABYAHABeAGQAQCYAQCgAQCqAQC4AQHIAQCYAgGgAhuYAwCIBgGQBgqSBwExoAcAsgcAuAcAwgcDNC0xyAcTgAgA&sclient=gws-wiz-serp,Monday: 8:00 AM – 10:30 PM | Tuesday: 8:00 AM – 10:30 PM | Wednesday: 8:00 AM – 10:30 PM | Thursday: 8:00 AM – 10:30 PM | Friday: 7:30 AM – 10:30 PM | Saturday: 7:30 AM – 10:30 PM | Sunday: 7:30 AM – 10:30 PM,OPERATIONAL,Hikkaduwa,cafe,cafe,Top,True
ChIJ388HAAB34ToRHE0LSncOmes,Sapphire blue,"378, 1 Galle Rd, Hikkaduwa, Sri Lanka",6.1304393,80.1014943,4.5,,,"bar, cafe, establishment, food, lodging, point_of_interest, restaurant",,,Monday: 8:00 AM – 11:30 PM | Tuesday: 8:00 AM – 11:00 PM | Wednesday: 8:00 AM – 11:30 PM | Thursday: 8:00 AM – 11:30 PM | Friday: 8:00 AM – 11:30 PM | Saturday: 8:00 AM – 11:30 PM | Sunday: 8:00 AM – 11:30 PM,OPERATIONAL,Hikkaduwa,cafe,cafe,Top,True
ChIJyyqFQcd34ToR0isG5HZHnEw,Sunny Side Up,"NO 408 Galle road Wewala, Hikkaduwa 80240, Sri Lanka",6.1292392,80.1033722,4.9,,,"cafe, establishment, food, point_of_interest, store",,https://instagram.com/sunnysideup_hikkaduwa?igshid=YmMyMTA2M2Y=,Monday: 8:00 AM – 5:00 PM | Tuesday: 8:00 AM – 5:00 PM | Wednesday: 8:00 AM – 5:00 PM | Thursday: 8:00 AM – 5:00 PM | Friday: 8:00 AM – 5:00 PM | Saturday: 8:00 AM – 5:00 PM | Sunday: 8:00 AM – 5:00 PM,OPERATIONAL,Hikkaduwa,cafe,cafe,Top,True
ChIJSaLZR-t34ToRYNC3l9ymw3I,CAFE NELLA GIUNGLA,"406 Galle Rd, Hikkaduwa 80240, Sri Lanka",6.129241599999999,80.1032267,4.4,,,"cafe, establishment, food, point_of_interest",072 801 4223,https://www.instagram.com/cafenellagiungla/,Monday: 8:00 AM – 4:00 PM | Tuesday: 8:00 AM – 4:00 PM | Wednesday: 8:00 AM – 4:00 PM | Thursday: 8:00 AM – 4:00 PM | Friday: 8:00 AM – 4:00 PM | Saturday: 8:00 AM – 4:00 PM | Sunday: 8:00 AM – 4:00 PM,OPERATIONAL,Hikkaduwa,cafe,cafe,Top,True
ChIJ8W-ftUd34ToRoE-A796recY,Kbingsu hikkaduwa - korean snow flakes dessert shop,"Wewala, 430 Galle Rd, Hikkaduwa 80240, Sri Lanka",6.128019,80.1045223,5.0,,,"cafe, establishment, food, grocery_or_supermarket, point_of_interest, restaurant, store",076 979 5913,http://www.dtmbingsu.com/,Monday: 12:00 – 11:00 PM | Tuesday: 12:00 – 11:00 PM | Wednesday: 12:00 – 11:00 PM | Thursday: 12:00 – 11:00 PM | Friday: 12:00 – 11:00 PM | Saturday: 12:00 – 11:00 PM | Sunday: 12:00 – 10:00 PM,OPERATIONAL,Hikkaduwa,cafe,cafe,Top,True
ChIJL4qap7934ToRX0qcqOp9CKw,Cafe Zero,"Cafe Zero, Wewala, Hikkaduwa 80240, Sri Lanka",6.1268983,80.1058412,4.9,,,"cafe, establishment, food, point_of_interest, restaurant",077 218 0718,,Monday: 10:00 AM – 10:00 PM | Tuesday: 10:00 AM – 10:00 PM | Wednesday: 10:00 AM – 10:00 PM | Thursday: 10:00 AM – 10:00 PM | Friday: 10:00 AM – 10:00 PM | Saturday: 10:00 AM – 10:00 PM | Sunday: 10:00 AM – 10:00 PM,OPERATIONAL,Hikkaduwa,cafe,cafe,Top,True
ChIJ77egcAB34ToRr91litwtA68,MATCH,"522 Galle Rd, Hikkaduwa 80240, Sri Lanka",6.126588300000001,80.1056059,4.7,,,"cafe, establishment, food, point_of_interest",076 349 8616,,,OPERATIONAL,Hikkaduwa,cafe,cafe,Top,True
ChIJd1EkfWV34ToR2bNeopGE4wk,Happy Place,"A2, 44G4+JQC, Hikkaduwa - Baddegama Rd, Hikkaduwa, Sri Lanka",6.1265053,80.1068973,5.0,,,"cafe, establishment, food, point_of_interest, store",,,,OPERATIONAL,Hikkaduwa,cafe,cafe,Top,True
ChIJLW8wCOd34ToREN9oxDa08p8,Salty Swamis,"Wawela, 542 Galle Rd, Hikkaduwa, Sri Lanka",6.1263926,80.10651829999999,4.7,,2.0,"cafe, establishment, food, point_of_interest, restaurant, store",077 779 2647,http://www.saltyswamis.com/,Monday: 8:00 AM – 4:00 PM | Tuesday: 8:00 AM – 4:00 PM | Wednesday: 8:00 AM – 4:00 PM | Thursday: 8:00 AM – 4:00 PM | Friday: 8:00 AM – 4:00 PM | Saturday: 8:00 AM – 4:00 PM | Sunday: 8:00 AM – 4:00 PM,OPERATIONAL,Hikkaduwa,cafe,cafe,Top,True
ChIJqQaxued34ToRbKOtR83Krls,Chill Inn,"44G5+H3Q, Hikkaduwa, Sri Lanka",6.1264641,80.1077342,4.4,,,"cafe, establishment, food, point_of_interest",,,,OPERATIONAL,Hikkaduwa,cafe,cafe,Top,True
ChIJeQ5xvud34ToReRsP4OZcBpE,Red Rabbit Cafe,"44G5+C3C, Hikkaduwa, Sri Lanka",6.1260604,80.1076423,1.0,,,"cafe, establishment, food, point_of_interest",,,Monday: 8:00 AM – 8:30 PM | Tuesday: 8:00 AM – 8:30 PM | Wednesday: 8:00 AM – 8:30 PM | Thursday: 8:00 AM – 8:30 PM | Friday: 8:00 AM – 8:30 PM | Saturday: 8:00 AM – 8:30 PM | Sunday: 8:00 AM – 8:30 PM,OPERATIONAL,Hikkaduwa,cafe,cafe,Top,True
ChIJcdsEnOd34ToRT5OOwS_8efc,Kukus tours & restaurant,"44G4+6PX, Hikkaduwa, Sri Lanka",6.125602199999999,80.1068466,4.4,,,"cafe, establishment, food, point_of_interest",077 267 1528,,,OPERATIONAL,Hikkaduwa,cafe,cafe,Top,True
ChIJ33J56UN34ToRp45pcFJoVHE,Friends Indeed,"Galle Rd, Hikkaduwa 80260, Sri Lanka",6.1256735,80.10809739999999,4.6,,,"cafe, establishment, food, point_of_interest, restaurant",077 210 1991,https://www.facebook.com/friendsindeedsl/,Monday: 10:00 AM – 10:00 PM | Tuesday: 10:00 AM – 10:00 PM | Wednesday: 10:00 AM – 10:00 PM | Thursday: 10:00 AM – 10:00 PM | Friday: 10:00 AM – 10:00 PM | Saturday: 10:00 AM – 10:00 PM | Sunday: 10:00 AM – 10:00 PM,OPERATIONAL,Hikkaduwa,cafe,cafe,Top,True
ChIJizyTCkt34ToRZiBl5uTXm4M,The Island Curry Hub Restaurant & Cafe,"44G5+65 Narigama, Galle Rd, Hikkaduwa 80240, Sri Lanka",6.125536599999999,80.1079792,4.6,,,"cafe, establishment, food, point_of_interest, restaurant",071 464 4959,,Monday: 8:30 AM – 9:00 PM | Tuesday: 8:30 AM – 9:00 PM | Wednesday: 8:30 AM – 9:00 PM | Thursday: 8:30 AM – 9:00 PM | Friday: 8:30 AM – 9:00 PM | Saturday: 8:30 AM – 9:00 PM | Sunday: 8:30 AM – 9:00 PM,OPERATIONAL,Hikkaduwa,cafe,cafe,Top,True
ChIJXzZUp-J34ToRmgRqhKP0vmk,Sudha’s cafe,"567 Galle Rd, Hikkaduwa, Sri Lanka",6.1255673,80.1083104,4.9,,,"cafe, establishment, food, point_of_interest",074 034 2861,,Monday: 9:00 AM – 9:00 PM | Tuesday: 9:00 AM – 9:00 PM | Wednesday: 9:00 AM – 9:00 PM | Thursday: 9:00 AM – 9:00 PM | Friday: 9:00 AM – 9:00 PM | Saturday: 9:00 AM – 9:00 PM | Sunday: 9:00 AM – 9:00 PM,OPERATIONAL,Hikkaduwa,cafe,cafe,Top,True
ChIJT8K87UN34ToR-I0vnPwUP7k,Island Tea Co & Ceylon Coffee,"Kowilawatta, Narigama, Galle Rd, Hikkaduwa 80240, Sri Lanka",6.1255318,80.1083854,4.8,,,"cafe, establishment, food, point_of_interest",,,Monday: 8:30 AM – 10:30 PM | Tuesday: 8:30 AM – 10:30 PM | Wednesday: 8:30 AM – 10:30 PM | Thursday: 8:30 AM – 10:30 PM | Friday: 8:30 AM – 10:30 PM | Saturday: 8:30 AM – 10:30 PM | Sunday: 8:30 AM – 10:30 PM,OPERATIONAL,Hikkaduwa,cafe,cafe,Top,True
ChIJ1ZHjFHSD4ToRzBhdTjd4O-E,වඩේ කඩේ,"532W+GW8, Thotagamuwa, Sri Lanka",6.1512916,80.09732319999999,5.0,,,"cafe, establishment, food, point_of_interest, store",,,Monday: 10:00 AM – 8:00 PM | Tuesday: 10:00 AM – 8:00 PM | Wednesday: 10:00 AM – 8:00 PM | Thursday: 10:00 AM – 8:00 PM | Friday: 10:00 AM – 8:00 PM | Saturday: 10:00 AM – 8:00 PM | Sunday: 10:00 AM – 8:00 PM,OPERATIONAL,Hikkaduwa,cafe,cafe,Top,True
ChIJ58HOJU134ToRXRXIjdS75GI,Best Breakfast,"44G6+2QG, Hikkaduwa, Sri Lanka",6.1250556,80.11194909999999,4.8,,,"cafe, establishment, food, point_of_interest",,,,OPERATIONAL,Hikkaduwa,cafe,cafe,Top,True
ChIJq_w2n8J34ToRpU5DAK0PYuM,Homemade Cake and Coffee Hikkaduwa,"Homemade Cake and Coffee, Narigama, Galle Rd, Hikkaduwa 80240, Sri Lanka",6.1243336,80.1108553,4.8,,,"bakery, cafe, establishment, food, point_of_interest, restaurant, store",071 582 6125,,Monday: 7:00 AM – 10:00 PM | Tuesday: 7:00 AM – 10:00 PM | Wednesday: 7:00 AM – 10:00 PM | Thursday: 7:00 AM – 10:00 PM | Friday: 7:00 AM – 10:00 PM | Saturday: 7:00 AM – 10:00 PM | Sunday: 7:00 AM – 10:00 PM,OPERATIONAL,Hikkaduwa,cafe,cafe,Top,True
ChIJz2YtbeF34ToRs2EKwsjB8yw,Salty Vibes Cafe Hikkaduwa,"Narigama, 04 A Galle Rd, Hikkaduwa 80240, Sri Lanka",6.1240171,80.11151,4.9,,,"cafe, establishment, food, point_of_interest, restaurant",077 918 9502,,Monday: 8:30 AM – 10:30 PM | Tuesday: 8:30 AM – 10:30 PM | Wednesday: 8:30 AM – 10:30 PM | Thursday: 8:30 AM – 10:30 PM | Friday: 8:30 AM – 10:30 PM | Saturday: 8:30 AM – 10:30 PM | Sunday: 9:30 AM – 10:30 PM,OPERATIONAL,Hikkaduwa,cafe,cafe,Top,True
ChIJSdo8uON34ToRkl3mc9VwdEA,Nordic Burger & Cafe Restaurant,"Narigama, 653 Galle Rd, Hikkaduwa 80240, Sri Lanka",6.1237773,80.1118169,4.8,,,"bar, cafe, establishment, food, point_of_interest, restaurant, store",070 395 6313,https://web.facebook.com/NordicHouseSriLanka/?_rdc=1&_rdr,Monday: 10:00 AM – 11:00 PM | Tuesday: 10:00 AM – 11:00 PM | Wednesday: 10:00 AM – 11:00 PM | Thursday: 10:00 AM – 11:00 PM | Friday: 10:00 AM – 11:00 PM | Saturday: 10:00 AM – 11:00 PM | Sunday: 10:00 AM – 11:00 PM,OPERATIONAL,Hikkaduwa,cafe,cafe,Top,True
ChIJq6qqPdZs4ToR5tlpsorRss4,Koggala Beach Hotel,"X8QC+PQ4 Beach Hotel, Matara Rd, Koggala 80000, Sri Lanka",5.9892638,80.32194849999999,4.0,,,"establishment, food, lodging, point_of_interest, restaurant",0912 283 243,https://www.koggalabeachhotel.com/,Monday: Open 24 hours | Tuesday: Open 24 hours | Wednesday: Open 24 hours | Thursday: Open 24 hours | Friday: Open 24 hours | Saturday: Open 24 hours | Sunday: Open 24 hours,OPERATIONAL,Koggala,restaurant,restaurant,Top,False
ChIJJX8OatZs4ToRNw6v48nHN8k,The Long Beach Resort,"X8R9+6Q2 The Long Beach Resort, මාතර පාර, කොග්ගල 80000, Sri Lanka",5.990508,80.31938199999999,3.8,,,"bar, establishment, food, lodging, point_of_interest, restaurant, spa, tourist_attraction",0912 283 332,https://www.thelongbeachresort.com/,Monday: Open 24 hours | Tuesday: Open 24 hours | Wednesday: Open 24 hours | Thursday: Open 24 hours | Friday: Open 24 hours | Saturday: Open 24 hours | Sunday: Open 24 hours,OPERATIONAL,Koggala,restaurant,bar,Top,False
ChIJ4RHeu8xs4ToRQ-OkNC-9hUs,Waterfront Bar & Grill,"Kathaluwa Thiththagalla Rd, Ahangama 80650, Sri Lanka",5.983420199999999,80.3369036,4.3,,,"establishment, food, point_of_interest, restaurant",0914 944 500,http://www.vcvillasandresorts.com/,Monday: 6:00 AM – 11:00 PM | Tuesday: 6:00 AM – 11:00 PM | Wednesday: 6:00 AM – 11:00 PM | Thursday: 6:00 AM – 11:00 PM | Friday: 6:00 AM – 11:00 PM | Saturday: 6:00 AM – 11:00 PM | Sunday: 6:00 AM – 11:00 PM,OPERATIONAL,Koggala,restaurant,restaurant,Top,False
ChIJjeH0vsxs4ToRZLtWBRZ6WyM,The South Lake,"Kathaluwa, Ahangama 80650, Sri Lanka",5.982602399999999,80.3373592,4.4,,,"bar, cafe, establishment, food, lodging, point_of_interest, restaurant",0914 944 500,https://www.vcvillasandresorts.com/our-resorts?vcvilla=south-lake-resort,Monday: 6:00 AM – 11:00 PM | Tuesday: 6:00 AM – 11:00 PM | Wednesday: 6:00 AM – 11:00 PM | Thursday: 6:00 AM – 11:00 PM | Friday: 6:00 AM – 11:00 PM | Saturday: 6:00 AM – 11:00 PM | Sunday: 6:00 AM – 11:00 PM,OPERATIONAL,Koggala,restaurant,cafe,Top,False
ChIJMbUZkFcT4ToR_jb6mel_xp8,Good Story Surf School - Ahangama,"Ahangama, Sri Lanka",5.9777001,80.3501026,4.6,,,"establishment, food, lodging, point_of_interest, restaurant",076 005 2597,https://goodstorysurf.com/surf-school,Monday: 6:00 AM – 7:00 PM | Tuesday: 6:00 AM – 7:00 PM | Wednesday: 6:00 AM – 7:00 PM | Thursday: 6:00 AM – 7:00 PM | Friday: 6:00 AM – 7:00 PM | Saturday: 6:00 AM – 7:00 PM | Sunday: 8:00 AM – 7:00 PM,OPERATIONAL,Koggala,restaurant,restaurant,Top,False
ChIJUYxWpTpt4ToRbq6fUOlp-JI,Wiener Dschungel Restaurant,"Matara Rd, Habaraduwa 80630, Sri Lanka",5.9931196,80.309468,4.4,,2.0,"establishment, food, point_of_interest, restaurant",077 796 4095,https://www.instagram.com/wiener_dschungel?igsh=MTFjemk4ZDY2dmx6eA%3D%3D&utm_source=qr,Monday: 8:00 AM – 10:00 PM | Tuesday: 8:00 AM – 10:00 PM | Wednesday: 8:00 AM – 10:00 PM | Thursday: 8:00 AM – 10:00 PM | Friday: 8:00 AM – 10:00 PM | Saturday: 8:00 AM – 10:00 PM | Sunday: 8:00 AM – 10:00 PM,OPERATIONAL,Koggala,restaurant,restaurant,Top,False
ChIJee38QDpt4ToRhVFTmryZJHo,Beach House,"A2, Habaraduwa, Sri Lanka",5.9932428,80.3090919,4.3,,,"establishment, food, point_of_interest, restaurant",078 974 5454,,Monday: 8:00 AM – 9:30 PM | Tuesday: 8:00 AM – 9:30 PM | Wednesday: 8:00 AM – 9:30 PM | Thursday: 8:00 AM – 9:30 PM | Friday: 8:00 AM – 10:00 PM | Saturday: 8:00 AM – 9:30 PM | Sunday: 8:00 AM – 10:00 PM,OPERATIONAL,Koggala,restaurant,restaurant,Top,False
ChIJp1AW4zdt4ToRUzQKGjFDSSw,Lake Pearl Restuarant And Madolduwa Boat Safari,"Lake Pearl Restuarant, Koggala 80630, Sri Lanka",5.984998399999999,80.33044199999999,4.7,,,"establishment, food, point_of_interest, restaurant, store",077 126 4634,,Monday: 9:00 AM – 10:30 PM | Tuesday: 9:00 AM – 10:30 PM | Wednesday: 9:00 AM – 10:30 PM | Thursday: 9:00 AM – 10:30 PM | Friday: 9:00 AM – 10:30 PM | Saturday: 9:00 AM – 10:30 PM | Sunday: 9:00 AM – 10:30 PM,OPERATIONAL,Koggala,restaurant,restaurant,Top,False
ChIJ1xFKrNNs4ToROJuXHXuDYHQ,New octoberfes Restaurant,"X8PH+5QF, A2, Koggala, Sri Lanka",5.9854414,80.329423,3.5,,,"establishment, food, point_of_interest, restaurant",077 111 2760,,Monday: 10:00 AM – 10:00 PM | Tuesday: 10:00 AM – 10:00 PM | Wednesday: 10:00 AM – 10:00 PM | Thursday: 10:00 AM – 10:00 PM | Friday: 10:00 AM – 10:00 PM | Saturday: 10:00 AM – 10:00 PM | Sunday: 10:00 AM – 10:00 PM,OPERATIONAL,Koggala,restaurant,restaurant,Top,False
ChIJ6ap5m_1t4ToR-6xT2vC1kTI,Rayon Car Food,"X8PH+6JM, Koggala, Sri Lanka",5.9855863,80.3290395,4.3,,,"establishment, food, point_of_interest, restaurant",076 924 3353,,Monday: 6:00 – 9:00 PM | Tuesday: 6:00 – 9:00 PM | Wednesday: 6:00 – 9:00 PM | Thursday: 6:00 – 9:00 PM | Friday: 6:00 – 9:00 PM | Saturday: 6:00 – 9:00 PM | Sunday: 6:00 – 9:00 PM,OPERATIONAL,Koggala,restaurant,restaurant,Top,False
ChIJAWG799Js4ToRpPjIJ3624FM,Kotaeana Fisherman Seafood Restaurant,"X8MM+H38, A2, Koggala, Sri Lanka",5.983908899999999,80.3327068,4.3,,,"establishment, food, point_of_interest, restaurant",,,,OPERATIONAL,Koggala,restaurant,restaurant,Top,False
ChIJF1s6Yc1s4ToRlrTOutkzGUY,Stick Fishermen View Sea Food Restaurant,"X8MM+H39, Koggala, Sri Lanka",5.9839078,80.332731,4.3,,2.0,"establishment, food, point_of_interest, restaurant",077 728 4179,,Monday: 10:00 AM – 10:00 PM | Tuesday: 10:00 AM – 10:00 PM | Wednesday: 10:00 AM – 10:00 PM | Thursday: 10:00 AM – 10:00 PM | Friday: 10:00 AM – 10:00 PM | Saturday: 10:00 AM – 10:00 PM | Sunday: 10:00 AM – 10:00 PM,OPERATIONAL,Koggala,restaurant,restaurant,Top,False
ChIJjxCNsWtt4ToRrbc23PPUmPc,Кафе,"X8PH+953, Koggala, Sri Lanka",5.985898100000001,80.3279259,5.0,,,"establishment, food, point_of_interest, restaurant",,,,OPERATIONAL,Koggala,restaurant,restaurant,Top,False
ChIJSeSq559t4ToRSuBmxlfHK78,The Fishers Sunset Bar,"Beach Park Restaurant, Koggala, Sri Lanka",5.9857068,80.327989,4.7,,,"establishment, food, point_of_interest, restaurant",,http://instagram.com/the_fishers_sunset_bar,Monday: 9:00 AM – 5:00 PM | Tuesday: 9:30 AM – 10:00 PM | Wednesday: 9:30 AM – 10:00 PM | Thursday: 9:30 AM – 10:00 PM | Friday: 9:30 AM – 10:00 PM | Saturday: 9:30 AM – 10:00 PM | Sunday: 9:30 AM – 10:00 PM,OPERATIONAL,Koggala,restaurant,restaurant,Top,False
ChIJ814hbABt4ToR7HqiTUZtH7Q,Two Waters,"92 modaragoda koggala, Habaraduwa, Sri Lanka",5.9836128,80.3338655,4.7,,,"establishment, food, point_of_interest, restaurant",077 010 5875,,Monday: 9:30 AM – 8:30 PM | Tuesday: 9:30 AM – 8:30 PM | Wednesday: 9:30 AM – 8:30 PM | Thursday: 9:30 AM – 8:30 PM | Friday: 9:30 AM – 8:30 PM | Saturday: 9:30 AM – 8:30 PM | Sunday: 9:30 AM – 8:30 PM,OPERATIONAL,Koggala,restaurant,restaurant,Top,False
ChIJAcTkOABt4ToRvppnOqWI4NI,BAMBOOS RESTAURANT,"No 96, Koggala, Sri Lanka",5.9834858,80.33401239999999,5.0,,,"establishment, food, point_of_interest, restaurant",074 264 2749,,Monday: 10:00 AM – 10:00 PM | Tuesday: 10:00 AM – 10:00 PM | Wednesday: 10:00 AM – 10:00 PM | Thursday: 10:00 AM – 10:00 PM | Friday: 10:00 AM – 10:00 PM | Saturday: 10:00 AM – 10:00 PM | Sunday: 10:00 AM – 10:00 PM,OPERATIONAL,Koggala,restaurant,restaurant,Top,False
ChIJe1pmmENt4ToRJ2EtHUsMRXc,ITAMESHI,"Koggala, Habaraduwa, Galle 80000, Galle 80630, Sri Lanka",5.986671299999999,80.3264851,2.5,,,"establishment, food, point_of_interest, restaurant",077 031 0951,https://www.fortressresortandspa.com/dining/galle-restaurants/itameshi,Monday: 7:00 AM – 10:30 PM | Tuesday: 7:00 AM – 10:30 PM | Wednesday: 7:00 AM – 10:30 PM | Thursday: 7:00 AM – 10:30 PM | Friday: 7:00 AM – 10:30 PM | Saturday: 7:00 AM – 10:30 PM | Sunday: 7:00 AM – 10:30 PM,OPERATIONAL,Koggala,restaurant,restaurant,Top,False
ChIJQ_3jMQBt4ToR-0dEUwxWDMs,White,"Koggala, X8PG+JJ2, Habaraduwa 80000, Sri Lanka",5.9865195,80.326526,4.5,,,"establishment, food, point_of_interest, restaurant",,,,OPERATIONAL,Koggala,restaurant,restaurant,Top,False
ChIJVTJvXgBt4ToRRKebuQ-layo,Ko Lake,"Madol Duwa Rd, Ahangama 80650, Sri Lanka",5.984550899999999,80.3373084,4.5,,,"establishment, food, lodging, point_of_interest, restaurant",071 173 0345,https://www.kolakevilla.com/,Monday: 8:00 AM – 11:30 PM | Tuesday: 8:00 AM – 11:00 PM | Wednesday: 8:00 AM – 11:00 PM | Thursday: 8:00 AM – 11:00 PM | Friday: 8:00 AM – 11:00 PM | Saturday: 8:00 AM – 11:00 PM | Sunday: 8:00 AM – 11:00 PM,OPERATIONAL,Koggala,restaurant,restaurant,Top,False
ChIJczLS7Hpt4ToRALIKmj9_YiI,Happy Space,"Elabada Road, Ahangama 80650, Sri Lanka",5.9863539,80.33835719999999,5.0,,,"establishment, food, point_of_interest, restaurant",077 397 3608,https://www.facebook.com/share/1CAmxaJfZ7/,Monday: 6:00 – 10:00 PM | Tuesday: 6:00 – 10:00 PM | Wednesday: 6:00 – 10:00 PM | Thursday: 6:00 – 10:00 PM | Friday: 6:00 – 10:00 PM | Saturday: 6:00 – 10:00 PM | Sunday: 6:00 – 10:00 PM,OPERATIONAL,Koggala,restaurant,restaurant,Top,False
ChIJ4ROvRnxt4ToRSMQ1TEF0sto,« У Рукшана» village restaurant,"Hamalanka nahimi road, kathaluwa, ahangama, Galle 80650, Sri Lanka",5.9851706,80.3381414,3.0,,,"establishment, food, point_of_interest, restaurant",077 862 3834,,Monday: 9:30 AM – 11:00 PM | Tuesday: 9:30 AM – 11:00 PM | Wednesday: 9:00 AM – 11:00 PM | Thursday: 9:30 AM – 11:00 PM | Friday: 9:30 AM – 11:00 PM | Saturday: 9:30 AM – 11:00 PM | Sunday: 9:30 AM – 11:00 PM,OPERATIONAL,Koggala,restaurant,restaurant,Top,False
ChIJ0cPJCmkT4ToRlQH0MkCKfkk,The South Beach,"South Beach Resort, Kathaluwa, Poloyamodara Waththa, Ahangama 80650, Sri Lanka",5.9826678,80.33654039999999,4.2,,,"bar, establishment, food, lodging, point_of_interest, restaurant, spa",0914 944 500,https://www.vcvillasandresorts.com/,Monday: 6:00 AM – 11:00 PM | Tuesday: 6:00 AM – 11:00 PM | Wednesday: 6:00 AM – 11:00 PM | Thursday: 6:00 AM – 11:00 PM | Friday: 6:00 AM – 11:00 PM | Saturday: 6:00 AM – 11:00 PM | Sunday: 6:00 AM – 11:00 PM,OPERATIONAL,Koggala,restaurant,bar,Top,False
ChIJC4aSSjMT4ToRjcrjxe26DSg,Koroburuwa Restaurant and Beach Bar by South Beach Surf Resort,"South Beach Surf Resort, Matara Road, Kathaluwa 80650, Sri Lanka",5.982534999999999,80.336642,3.5,,,"bar, establishment, food, point_of_interest, restaurant",,http://www.instagram.com/koroburuwa,Monday: 7:00 AM – 10:00 PM | Tuesday: 7:00 AM – 10:00 PM | Wednesday: 7:00 AM – 10:00 PM | Thursday: 7:00 AM – 10:00 PM | Friday: 7:00 AM – 10:00 PM | Saturday: 7:00 AM – 10:00 PM | Sunday: 7:00 AM – 10:00 PM,OPERATIONAL,Koggala,restaurant,bar,Top,False
ChIJ69vPxAsT4ToRbwMZOzQyGXs,Cafe Wave,"Matara Rd, Ahangama 80650, Sri Lanka",5.9823351,80.3369859,4.7,,,"establishment, food, point_of_interest, restaurant",0117 675 900,,Monday: 7:00 AM – 9:00 PM | Tuesday: 7:00 AM – 9:00 PM | Wednesday: 7:00 AM – 9:00 PM | Thursday: 7:00 AM – 9:00 PM | Friday: 7:00 AM – 9:00 PM | Saturday: 7:00 AM – 9:00 PM | Sunday: 7:00 AM – 9:00 PM,OPERATIONAL,Koggala,restaurant,restaurant,Top,False
ChIJ__Jm3FZZ4joRxNOZulypdMM,Tropical Yum,"Kathaluwa, Ahangama, Sri Lanka",5.9810841,80.33999639999999,4.6,,,"establishment, food, point_of_interest, restaurant",072 773 7346,,,OPERATIONAL,Koggala,restaurant,restaurant,Top,False
ChIJ3d43JHht4ToRa6z7lsq1TqQ,Surf 'n' Turf - Koggala,"Matara Rd Dassana, Koggala, Sri Lanka",5.9898641,80.320984,4.6,,2.0,"bar, cafe, establishment, food, point_of_interest, restaurant",071 922 0622,,Monday: 11:00 AM – 10:00 PM | Tuesday: 11:00 AM – 10:00 PM | Wednesday: 11:00 AM – 10:00 PM | Thursday: 11:00 AM – 10:00 PM | Friday: 11:00 AM – 10:00 PM | Saturday: 11:00 AM – 10:00 PM | Sunday: 11:00 AM – 10:00 PM,OPERATIONAL,Koggala,restaurant,cafe,Top,False
ChIJ-yhfs8ht4ToRyuholbFL-xc,The Kitchen by Kurulu Bay,"Gurunkanda, Kathaluwa, Ahangama, Sri Lanka",5.991516799999999,80.3440921,4.6,,,"establishment, food, point_of_interest, restaurant",076 095 0090,https://www.kurulubay.com/thekitchen,Monday: 8:00 AM – 10:00 PM | Tuesday: 8:00 AM – 10:00 PM | Wednesday: 8:00 AM – 10:00 PM | Thursday: 8:00 AM – 10:00 PM | Friday: 8:00 AM – 10:00 PM | Saturday: 8:00 AM – 10:00 PM | Sunday: 8:00 AM – 10:00 PM,OPERATIONAL,Koggala,restaurant,restaurant,Top,False
ChIJYWMjRgAT4ToR3rdCWXFNDjw,Wageesha Tea Room,"X8JV+7C, Ahangama, Sri Lanka",5.9806678,80.342974,5.0,,,"establishment, food, point_of_interest, restaurant",,,,OPERATIONAL,Koggala,restaurant,restaurant,Top,False
ChIJ1bktZQBt4ToR7DKTCRr4n-4,Elop,"No-2 Kathaluwa Thiththagalla Rd, Ahangama, Sri Lanka",5.985309399999999,80.34573569999999,5.0,,,"establishment, food, point_of_interest, restaurant",,,,OPERATIONAL,Koggala,restaurant,restaurant,Top,False
ChIJBYKnjlYT4ToRHS-LaKpPtoQ,Nice guy restaurant,"X8JV+7C, Ahangama, Sri Lanka",5.980644,80.343621,5.0,,,"establishment, food, point_of_interest, restaurant",,,,OPERATIONAL,Koggala,restaurant,restaurant,Top,False
ChIJhcuboT4T4ToRwA3VKYnJB1o,Prebo's Viewpoint,"Fisheries House, 18 Kabalana Rd, Ahangama 80650, Sri Lanka",5.9802785,80.34382269999999,,,,"establishment, food, meal_takeaway, point_of_interest, restaurant",074 031 6811,,Monday: Open 24 hours | Tuesday: Open 24 hours | Wednesday: Open 24 hours | Thursday: Open 24 hours | Friday: Open 24 hours | Saturday: Open 24 hours | Sunday: Open 24 hours,OPERATIONAL,Koggala,restaurant,takeaway,Top,False
ChIJfQ3HGQAT4ToRaFSl93rdB2k,HIDDEN Kabalana,"X8JW+C44, Kabalana Rd, Ahangama, Sri Lanka",5.9809912,80.3452183,4.8,,,"establishment, food, point_of_interest, restaurant",076 071 9304,,Monday: 5:00 – 10:00 PM | Tuesday: 5:00 – 10:00 PM | Wednesday: 5:00 – 10:00 PM | Thursday: 5:00 – 10:00 PM | Friday: 5:00 – 10:00 PM | Saturday: 5:00 – 10:00 PM | Sunday: 5:00 – 10:00 PM,OPERATIONAL,Koggala,restaurant,restaurant,Top,False
ChIJJcGkdNET4ToRVt_0W_hHMfw,Terra Resort,"Kabalana Rd, Ahangama, Sri Lanka",5.9809591,80.3452715,4.8,,,"establishment, food, lodging, point_of_interest, restaurant, spa",074 131 9304,https://www.terraresortsl.com/,,OPERATIONAL,Koggala,restaurant,restaurant,Top,False
ChIJRdujUMBs4ToRJtpsF5UZxzA,Tri - Ahangama,"Koggala Lake Aladuwa Watte, Pelassa, Thittha, Ahangama 80650, Sri Lanka",6.000706,80.3414689,4.6,,,"establishment, food, gym, health, lodging, point_of_interest, restaurant, spa",077 363 8381,https://www.teardrop-hotels.com/tri/?utm_source=google&utm_medium=GMB&utm_campaign=Tri,Monday: Open 24 hours | Tuesday: Open 24 hours | Wednesday: Open 24 hours | Thursday: Open 24 hours | Friday: Open 24 hours | Saturday: Open 24 hours | Sunday: Open 24 hours,OPERATIONAL,Koggala,restaurant,restaurant,Top,False
ChIJlfT5bAAT4ToRRmRURHwmUIA,Horizon Palace Restaurant,"X8HV+VWC Horizon Palace, Ahangama 80650, Sri Lanka",5.979685799999999,80.34477509999999,,,,"establishment, food, point_of_interest, restaurant",076 227 5480,,Monday: 8:00 AM – 10:00 PM | Tuesday: 8:00 AM – 10:00 PM | Wednesday: 8:00 AM – 10:00 PM | Thursday: 8:00 AM – 10:00 PM | Friday: 8:00 AM – 10:00 PM | Saturday: 8:00 AM – 10:00 PM | Sunday: 8:00 AM – 10:00 PM,OPERATIONAL,Koggala,restaurant,restaurant,Top,False
ChIJY576YyRt4ToRy2KJn7J28k4,Manthra Cafe sea food restaurants,"X8V9+X56, Thalathuduwa Temple Rd, Habaraduwa, Sri Lanka",5.994917399999999,80.3178823,4.6,,,"establishment, food, point_of_interest, restaurant",,,Monday: 9:00 AM – 10:00 PM | Tuesday: 9:00 AM – 10:00 PM | Wednesday: 9:00 AM – 10:00 PM | Thursday: 9:00 AM – 10:00 PM | Friday: 9:00 AM – 10:00 PM | Saturday: 9:00 AM – 10:00 PM | Sunday: 9:00 AM – 10:00 PM,OPERATIONAL,Koggala,restaurant,restaurant,Top,False
ChIJ2Vf4LwBt4ToR1ojBKzZcPEM,HAPPY HOUSE RESTAURANT,"Kathaluwa Thiththagalla Rd, Ahangama 80566, Sri Lanka",5.9867496,80.3478255,4.8,,,"establishment, food, point_of_interest, restaurant",077 556 1436,,Monday: 6:00 – 10:00 PM | Tuesday: 6:00 AM – 10:00 PM | Wednesday: 6:00 AM – 10:00 PM | Thursday: 6:00 AM – 10:00 PM | Friday: 6:30 AM – 10:30 PM | Saturday: 5:30 AM – 11:00 PM | Sunday: 6:00 AM – 10:00 PM,OPERATIONAL,Koggala,restaurant,restaurant,Top,False
ChIJB9D1t74T4ToRbf229DjXcT0,Thai Charm,"Matara road, Kabalana Rd, Ahangama 80650, Sri Lanka",5.979513100000001,80.3450782,4.7,,,"establishment, food, point_of_interest, restaurant",074 035 6138,,Monday: 11:00 AM – 10:00 PM | Tuesday: 11:00 AM – 10:00 PM | Wednesday: 11:00 AM – 10:00 PM | Thursday: 11:00 AM – 10:00 PM | Friday: 11:00 AM – 10:00 PM | Saturday: 11:00 AM – 10:00 PM | Sunday: 11:00 AM – 10:00 PM,OPERATIONAL,Koggala,restaurant,restaurant,Top,False
ChIJp4qN-MsT4ToR3uuicuqoFWw,Casa Tikiri - BOUTIQUE HOTEL Adults-Only,"Kabalana Rd, Ahangama 80650, Sri Lanka",5.9818709,80.3467529,4.9,,,"establishment, food, lodging, point_of_interest, restaurant",078 555 8339,https://www.casatikiri.com/,,OPERATIONAL,Koggala,restaurant,restaurant,Top,False
ChIJjRuoQwBt4ToRIoXGdwWJ5Q4,"""Sepali""""s kitchen""","Gurukanda kathaluwa, Ahangama, Sri Lanka",5.9879668,80.34828739999999,4.7,,,"establishment, food, point_of_interest, restaurant",077 904 9075,,Monday: 10:00 AM – 9:30 PM | Tuesday: 10:00 AM – 9:30 PM | Wednesday: 10:00 AM – 9:30 PM | Thursday: 10:00 AM – 9:30 PM | Friday: 10:00 AM – 9:30 PM | Saturday: 10:00 AM – 9:30 PM | Sunday: 10:00 AM – 9:30 PM,OPERATIONAL,Koggala,restaurant,restaurant,Top,False
ChIJTa82v5Nz4ToR75uKNHtlVOE,Sushi Town,"Galagawage watta Katukurundage watta Kataluwa Ahangama, X8RX+G6M, Ahangama, Sri Lanka",5.991381199999999,80.34806809999999,4.5,,,"establishment, food, point_of_interest, restaurant",072 837 7118,,Monday: 12:00 – 11:00 PM | Tuesday: 12:00 – 11:00 PM | Wednesday: 12:00 – 11:00 PM | Thursday: 12:00 – 11:00 PM | Friday: 12:00 – 11:00 PM | Saturday: 12:00 – 11:00 PM | Sunday: 12:00 – 11:00 PM,OPERATIONAL,Koggala,restaurant,restaurant,Top,False
ChIJeSpYLk0T4ToRqqKHVee6TQA,CASA TIKIRI - Italian Dinner Restaurant | Adults-Only,"Kabalana Rd, Ahangama 80650, Sri Lanka",5.9816558,80.3467952,4.8,,,"establishment, food, point_of_interest, restaurant",078 555 8339,https://www.casatikiri.com/,Monday: 6:00 – 10:00 PM | Tuesday: 6:00 – 10:00 PM | Wednesday: 6:00 – 10:00 PM | Thursday: 6:00 – 10:00 PM | Friday: 6:00 – 10:00 PM | Saturday: 6:00 – 10:00 PM | Sunday: 6:00 – 10:00 PM,OPERATIONAL,Koggala,restaurant,restaurant,Top,False
ChIJjVbEREoT4ToRWZydPRGfR1s,Lean@83,"Matara Road, Kabalana, Ahangama, X8HW+P58, ගාල්ල, Sri Lanka",5.97929,80.34545,4.5,,,"establishment, food, point_of_interest, restaurant",077 728 9127,,Monday: 10:00 AM – 10:00 PM | Tuesday: 10:00 AM – 10:00 PM | Wednesday: 10:00 AM – 10:00 PM | Thursday: 10:00 AM – 10:00 PM | Friday: 10:00 AM – 10:00 PM | Saturday: 10:00 AM – 10:00 PM | Sunday: 10:00 AM – 10:00 PM,OPERATIONAL,Koggala,restaurant,restaurant,Top,False
ChIJz3D72xoT4ToROVvtrtutdvg,Cafe Green,"Kabalana Rd, Ahangama 80650, Sri Lanka",5.982660999999999,80.3474954,5.0,,,"establishment, food, point_of_interest, restaurant",078 340 1448,,Monday: 6:30 – 11:00 AM | Tuesday: 6:30 – 11:00 AM | Wednesday: 6:30 – 11:00 AM | Thursday: 6:30 – 11:00 AM | Friday: 6:30 – 11:00 AM | Saturday: 6:30 – 11:00 AM | Sunday: 6:30 – 11:00 AM,OPERATIONAL,Koggala,restaurant,restaurant,Top,False
ChIJB73jsyht4ToRsn-4izqi2_I,Catalina Grill Restaurant,"X8R8+MCC ආසියානු මහාමාර්ගය 43, Koggala, Sri Lanka",5.9916803,80.3160118,3.9,,2.0,"establishment, food, point_of_interest, restaurant",0912 283 228,https://www.airforce.lk/pages.php?pages=koggala,Monday: 11:00 AM – 11:00 PM | Tuesday: 11:00 AM – 11:00 PM | Wednesday: 11:00 AM – 11:00 PM | Thursday: 11:00 AM – 11:00 PM | Friday: 11:00 AM – 11:00 PM | Saturday: 11:00 AM – 11:00 PM | Sunday: 11:00 AM – 11:00 PM,OPERATIONAL,Koggala,restaurant,restaurant,Top,False
ChIJF9Lo45YT4ToRNJ5-2jSGRq0,LankanTaste Boutique & Restaurant,"38, Kabalana Road, Kathaluwa Thiththagalla Rd, Ahangama 80650, Sri Lanka",5.98142,80.3471081,4.7,,,"establishment, food, point_of_interest, restaurant",077 322 7482,,Monday: 9:00 AM – 10:00 PM | Tuesday: 9:00 AM – 10:00 PM | Wednesday: 9:00 AM – 10:00 PM | Thursday: 9:00 AM – 10:00 PM | Friday: 9:00 AM – 10:00 PM | Saturday: 9:00 AM – 10:00 PM | Sunday: Closed,OPERATIONAL,Koggala,restaurant,restaurant,Top,False
ChIJnRPSjbMT4ToRfY5tlMO5cxs,Jini Hut Restaurant,"X8JW+QW4, Kabalana Rd, Ahangama 80650, Sri Lanka",5.981895199999999,80.3473319,4.0,,,"establishment, food, point_of_interest, restaurant",,,,OPERATIONAL,Koggala,restaurant,restaurant,Top,False
ChIJG1-O9E8T4ToR4vv4eCWGRbo,Umeshi Sithmi,"X9H2+GCQ, Ahangama 80650, Sri Lanka",5.9818034,80.3472913,5.0,,,"establishment, food, point_of_interest, restaurant",,,,OPERATIONAL,Koggala,restaurant,restaurant,Top,False
ChIJOXsIeQAT4ToRNdLlbt9zowE,White villa gest house,"No 129 lenad wattha midigama, Ahangama, Sri Lanka",5.9818034,80.3472914,,,,"establishment, food, point_of_interest, restaurant",,,,OPERATIONAL,Koggala,restaurant,restaurant,Top,False
ChIJDRt6ItsT4ToRaMsEd5eu8-E,Green Jack Restaurant,"rohitha mawatha,thalatholla, X8JW+PWF, Ahangama 80650, Sri Lanka",5.9818034,80.3472914,5.0,,,"establishment, food, point_of_interest, restaurant",076 773 9905,,,OPERATIONAL,Koggala,restaurant,restaurant,Top,False
ChIJJbD8HAAV4ToRQ0K8ldHy2RM,"The Garden, Ahangama","Ahangama 80650, Sri Lanka",5.9818034,80.3472914,4.7,,,"establishment, food, point_of_interest, restaurant",076 475 5918,,Monday: 9:00 AM – 7:00 PM | Tuesday: 9:00 AM – 7:00 PM | Wednesday: 9:00 AM – 7:00 PM | Thursday: 9:00 AM – 7:00 PM | Friday: 9:00 AM – 7:00 PM | Saturday: 9:00 AM – 9:00 PM | Sunday: 9:00 AM – 9:00 PM,OPERATIONAL,Koggala,restaurant,restaurant,Top,False
ChIJzzIT-tUT4ToRatqAImlxRIc,Eat 1st Restaurant and juice bar,"Kathaluwa, East, Ahangama, Sri Lanka",5.980641599999999,80.34672049999999,4.4,,,"establishment, food, point_of_interest, restaurant",077 894 7901,,Monday: 8:30 AM – 10:30 PM | Tuesday: 8:30 AM – 10:30 PM | Wednesday: 8:30 AM – 10:30 PM | Thursday: 8:30 AM – 10:30 PM | Friday: 8:30 AM – 10:30 PM | Saturday: 8:30 AM – 10:30 PM | Sunday: 8:30 AM – 10:30 PM,OPERATIONAL,Koggala,restaurant,restaurant,Top,False
ChIJP9kcx_0T4ToRJMj6uNAcdrk,"Teya Beach Hotel & Restaurant, Ahangama","Muwamulla watta, Kataluwa, Kabalana Rd, Ahangama 80650, Sri Lanka",5.979870600000001,80.3463891,4.8,,,"establishment, food, lodging, point_of_interest, restaurant",0912 281 479,https://www.srilankahotels.net/en/hotel/teya-beach-hotel.html,,OPERATIONAL,Koggala,restaurant,restaurant,Top,False
ChIJdR4igpwT4ToRhvLFQ74Jr60,Pradeep hotel,"Kathaluwa East, Ahangama, Sri Lanka",5.978890499999999,80.3457377,,,,"establishment, food, point_of_interest, restaurant",,,Monday: 6:00 PM – 12:00 AM | Tuesday: 6:00 PM – 12:00 AM | Wednesday: 6:00 PM – 12:00 AM | Thursday: 6:00 PM – 12:00 AM | Friday: 6:00 PM – 12:00 AM | Saturday: 6:00 PM – 12:00 AM | Sunday: Open 24 hours,OPERATIONAL,Koggala,restaurant,restaurant,Top,False
ChIJI9ALg-ET4ToR3VLRo7BNL0M,YAYA,"Kabalana Rd, Ahangama 80650, Sri Lanka",5.9795126,80.3462947,4.7,,,"bar, cafe, establishment, food, lodging, point_of_interest, restaurant",076 083 9358,,Monday: 7:30 AM – 10:00 PM | Tuesday: 7:30 AM – 10:00 PM | Wednesday: 7:30 AM – 10:00 PM | Thursday: 7:30 AM – 10:00 PM | Friday: 7:30 AM – 10:00 PM | Saturday: 7:30 AM – 10:00 PM | Sunday: 7:30 AM – 10:00 PM,OPERATIONAL,Koggala,restaurant,cafe,Top,False
ChIJJx-kVgBt4ToRk4jRhVUGcLM,La Cata Restaurant,"Gulugaha juntion, Kabalana Rd, Ahangama 80650, Sri Lanka",5.9868934,80.34915409999999,5.0,,,"establishment, food, point_of_interest, restaurant",077 365 9658,,Monday: 8:00 AM – 10:00 PM | Tuesday: 8:00 AM – 10:00 PM | Wednesday: 8:00 AM – 10:00 PM | Thursday: 8:00 AM – 10:00 PM | Friday: 8:00 AM – 10:00 PM | Saturday: 8:00 AM – 10:00 PM | Sunday: 8:00 AM – 10:00 PM,OPERATIONAL,Koggala,restaurant,restaurant,Top,False
ChIJ93E2NTMT4ToRkXEKGvUaTuI,Sunset Beach,"X8JP+VQ7, Matara Rd, Ahangama 80650, Sri Lanka",5.982166800000001,80.33692789999999,4.0,,,"bar, cafe, establishment, food, lodging, point_of_interest",0914 944 500,http://vcvillasandresorts.com/,Monday: 10:00 AM – 10:00 PM | Tuesday: 10:00 AM – 10:00 PM | Wednesday: 10:00 AM – 10:00 PM | Thursday: 10:00 AM – 10:00 PM | Friday: 10:00 AM – 10:00 PM | Saturday: 10:00 AM – 10:00 PM | Sunday: 10:00 AM – 10:00 PM,OPERATIONAL,Koggala,cafe,cafe,Top,False
ChIJ3U_WjNNs4ToRfwTiee_3Jlg,Fish BBQ,"X8PG+FXC, Koggala, Sri Lanka",5.9861751,80.3273954,5.0,,,"cafe, establishment, food, point_of_interest",,,,OPERATIONAL,Koggala,cafe,cafe,Top,False
ChIJj2H2BgBt4ToR2DF0WqqNsus,Some king coconut place,"282P+73Q, Koggala, Sri Lanka",6.000704,80.3352364,,,,"cafe, establishment, food, point_of_interest, store",,,,OPERATIONAL,Koggala,cafe,cafe,Top,False
ChIJSSbgsXoT4ToR5EiSgG-hiQE,“Shambala” local family cafe,"X8JV+HFR, Weli Para, Ahangama, Sri Lanka",5.9814801,80.3436526,,,,"cafe, establishment, food, point_of_interest",,,,OPERATIONAL,Koggala,cafe,cafe,Top,False
ChIJ0w0J50sT4ToRet1bCCClWMk,The Nuga House,"weli road, Ahangama 80650, Sri Lanka",5.9803085,80.34611850000002,4.5,,,"cafe, establishment, food, gym, health, lodging, point_of_interest, spa",076 884 9776,http://www.thenugahouse.com/,Monday: Open 24 hours | Tuesday: Open 24 hours | Wednesday: Open 24 hours | Thursday: Open 24 hours | Friday: Open 24 hours | Saturday: Open 24 hours | Sunday: Open 24 hours,OPERATIONAL,Koggala,cafe,cafe,Top,False
ChIJfWPuUgAT4ToRyGtE0QfOEfY,Kabalana Kopi,"X8JW+5HC, Kabalana Rd, Ahangama 80650, Sri Lanka",5.9803622,80.34632739999999,,,,"cafe, establishment, food, point_of_interest, store",,,,OPERATIONAL,Koggala,cafe,cafe,Top,False
ChIJR21cEwAT4ToRvCZvOO-IYns,Anuki Cafe,"X8HW+J64, Matara Rd, Koggala, Sri Lanka",5.9790142,80.3455891,,,,"cafe, establishment, food, point_of_interest",,,,OPERATIONAL,Koggala,cafe,cafe,Top,False
ChIJ2TJMGQBt4ToR5UMjCga9O1c,Pathum cinnamon tour,"283R+H8X Near the temple, tiththagalla, Ahangama, Sri Lanka",6.0039836,80.3408658,3.7,,,"cafe, establishment, food, point_of_interest, store",076 343 1207,,Monday: 8:00 AM – 6:00 PM | Tuesday: 8:00 AM – 6:00 PM | Wednesday: 8:00 AM – 6:00 PM | Thursday: 8:00 AM – 6:00 PM | Friday: 8:00 AM – 6:00 PM | Saturday: 8:00 AM – 6:00 PM | Sunday: 8:00 AM – 6:00 PM,OPERATIONAL,Koggala,cafe,cafe,Top,False
ChIJxYbhEU1t4ToRqxKFRvKmvI4,CASA TIKIRI - PADDY LODGE Adults-Only,"DENIYAWATTA, Kabalana Rd, Ahangama 80650, Sri Lanka",5.9852867,80.3498097,5.0,,,"cafe, establishment, food, gym, health, lodging, point_of_interest",078 555 8339,https://www.casatikiri.com/,,OPERATIONAL,Koggala,cafe,cafe,Top,False
ChIJ1WHnJgAT4ToRLSSlXdu90DY,Māna Villa Ahangama,"Mana Rd, Ahangama 80650, Sri Lanka",5.9816289,80.34926399999999,4.8,,,"cafe, establishment, food, gym, health, lodging, point_of_interest, spa",077 778 7070,http://mana-ahangama.com/,Monday: 9:00 AM – 6:00 PM | Tuesday: 9:00 AM – 6:00 PM | Wednesday: 9:00 AM – 6:00 PM | Thursday: 9:00 AM – 6:00 PM | Friday: 9:00 AM – 6:00 PM | Saturday: 9:00 AM – 6:00 PM | Sunday: 9:00 AM – 6:00 PM,OPERATIONAL,Koggala,cafe,cafe,Top,False
ChIJ4wtnBwAT4ToREpavMTt_ODY,Daily Dose Cafe,"X8HX+C54, Welhengoda, Ahangama, Sri Lanka",5.9785125,80.3479531,5.0,,,"cafe, establishment, food, point_of_interest",077 796 5383,,Monday: 9:00 AM – 9:00 PM | Tuesday: 9:00 AM – 9:00 PM | Wednesday: 9:00 AM – 9:00 PM | Thursday: 9:00 AM – 9:00 PM | Friday: 9:00 AM – 9:00 PM | Saturday: 9:00 AM – 9:00 PM | Sunday: 9:00 AM – 9:00 PM,OPERATIONAL,Koggala,cafe,cafe,Top,False
ChIJBSbVIAAT4ToRh0i1S6kJZgQ,Kopi Awi,"X8HX+C54, Welhengoda, Sri Lanka",5.9785243,80.3479638,,,,"cafe, establishment, food, point_of_interest, store",,,,OPERATIONAL,Koggala,cafe,cafe,Top,False
ChIJ5cfB9UsT4ToR399DOqCo6dg,Café Ceylon Ahangama,"Matara Road, Kabalana, Ahangama 80650, Sri Lanka",5.9782004,80.34852599999999,4.3,,,"cafe, establishment, food, point_of_interest, restaurant",077 558 2822,http://www.cafeceylon.lk/,Monday: 9:00 AM – 10:00 PM | Tuesday: 9:00 AM – 10:00 PM | Wednesday: 9:00 AM – 10:00 PM | Thursday: 9:00 AM – 10:00 PM | Friday: 9:00 AM – 10:00 PM | Saturday: 9:00 AM – 10:00 PM | Sunday: 9:00 AM – 10:00 PM,OPERATIONAL,Koggala,cafe,cafe,Top,False
ChIJpWLAuvgT4ToRXtWbDj5rRmA,Lum Residence,"X9J3+929, Ahangama 80650, Sri Lanka",5.9809331,80.3526171,4.9,,,"bar, cafe, establishment, food, lodging, point_of_interest, restaurant, store, travel_agency",077 148 6727,https://lumresidence.com/,,OPERATIONAL,Koggala,cafe,cafe,Top,False
ChIJs3TNP9YT4ToRsOY3_6NdMfA,Sisters Kabalana,"Kabalana Beach, Matara - Galle Road, Welhengoda, Ahangama 80650, Sri Lanka",5.977909899999999,80.35139769999999,4.9,,,"cafe, establishment, food, point_of_interest",076 104 6057,https://www.instagram.com/sisterssrilanka/,Monday: 6:30 AM – 4:00 PM | Tuesday: 6:30 AM – 4:00 PM | Wednesday: 6:30 AM – 4:00 PM | Thursday: 6:30 AM – 4:00 PM | Friday: 6:30 AM – 4:00 PM | Saturday: 6:30 AM – 4:00 PM | Sunday: 6:30 AM – 4:00 PM,OPERATIONAL,Koggala,cafe,cafe,Top,False
ChIJ73RKi2dt4ToRiTk9y0-1-fM,Black Honey cafe,"Wewilihena, Duwa Watta, Ahangama 80630, Sri Lanka",5.987142,80.3543167,4.6,,,"cafe, establishment, food, lodging, point_of_interest",071 110 0650,https://www.instagram.com/black.honey.cafe,Monday: 9:00 AM – 4:00 PM | Tuesday: 8:00 AM – 4:00 PM | Wednesday: 8:00 AM – 4:00 PM | Thursday: 8:00 AM – 4:00 PM | Friday: 8:00 AM – 4:00 PM | Saturday: 8:00 AM – 4:00 PM | Sunday: 8:00 AM – 4:00 PM,OPERATIONAL,Koggala,cafe,cafe,Top,False
ChIJBwJEdAAT4ToRJYOCbGjozVM,The Cinnamon Trail,"Welhengoda, Gane Arambawatta, Ahangama 80650, Sri Lanka",5.977886799999999,80.35164139999999,4.5,,,"bar, cafe, establishment, food, point_of_interest, restaurant",074 079 2041,,Monday: 10:00 AM – 10:00 PM | Tuesday: 10:00 AM – 10:00 PM | Wednesday: 10:00 AM – 10:00 PM | Thursday: 10:00 AM – 10:00 PM | Friday: 10:00 AM – 10:00 PM | Saturday: 10:00 AM – 10:00 PM | Sunday: 10:00 AM – 10:00 PM,OPERATIONAL,Koggala,cafe,cafe,Top,False
ChIJjbA2e79t4ToRXqsTBsGH6es,The Crab Duwwa Lake,"2849+349, Koggala, Sri Lanka",6.0060588,80.3168383,5.0,,,"cafe, establishment, food, point_of_interest",,,,OPERATIONAL,Koggala,cafe,cafe,Top,False
ChIJdcBRpalt4ToRdujUSXwewxw,Cafe Ruby,"4, 10 Matara Rd, Habaraduwa 80250, Sri Lanka",5.993439,80.3086792,5.0,,,"cafe, establishment, food, point_of_interest, restaurant, store",077 878 5277,,Monday: Closed | Tuesday: 8:00 AM – 4:00 PM | Wednesday: 8:00 AM – 4:00 PM | Thursday: 8:00 AM – 4:00 PM | Friday: 8:00 AM – 4:00 PM | Saturday: 8:00 AM – 4:00 PM | Sunday: 8:00 AM – 4:00 PM,OPERATIONAL,Koggala,cafe,cafe,Top,False
ChIJRVQMCJ5t4ToRPiv1LopL4DM,Pala cafe,"Galle, X8V5+99V, Matara Rd, Habaraduwa 80630, Sri Lanka",5.993482699999999,80.30842489999999,5.0,,,"cafe, establishment, food, point_of_interest",077 132 2819,,,OPERATIONAL,Koggala,cafe,cafe,Top,False
ChIJzYXVQWFt4ToRmnpOYZq64tQ,Tea center,"X8V5+P3V, Habaraduwa Dikkumbura Rd, Ahangama, Sri Lanka",5.9943526,80.30768069999999,5.0,,,"cafe, establishment, food, point_of_interest, store",,,Monday: Open 24 hours | Tuesday: Open 24 hours | Wednesday: Open 24 hours | Thursday: Open 24 hours | Friday: Open 24 hours | Saturday: Open 24 hours | Sunday: Open 24 hours,OPERATIONAL,Koggala,cafe,cafe,Top,False
ChIJHcSwx_ht4ToRXF1cukbEeq0,Amaraweera cafe & juice cabin,"Habaraduwa, Sri Lanka",5.9939263,80.3073982,,,,"cafe, establishment, food, point_of_interest",078 974 5454,,Monday: 8:30 AM – 7:30 PM | Tuesday: 8:30 AM – 7:30 PM | Wednesday: 8:30 AM – 7:30 PM | Thursday: 8:30 AM – 7:30 PM | Friday: 8:30 AM – 7:30 PM | Saturday: 8:30 AM – 8:00 PM | Sunday: Closed,OPERATIONAL,Koggala,cafe,cafe,Top,False
ChIJ5-PrJSwV4ToR7Y30HBeMFbU,Eats Shoots & Leaves,"73 Matara Rd, Habaraduwa, Sri Lanka",5.9939702,80.3065335,5.0,,,"cafe, establishment, food, point_of_interest",070 312 5089,,Monday: 7:00 AM – 4:00 PM | Tuesday: 7:00 AM – 1:00 PM | Wednesday: Closed | Thursday: 7:00 AM – 4:00 PM | Friday: 7:00 AM – 4:00 PM | Saturday: 7:00 AM – 4:00 PM | Sunday: 8:00 AM – 3:00 PM,OPERATIONAL,Koggala,cafe,cafe,Top,False
ChIJQ4t_lsAT4ToRIIiGDlWLq-8,Oqura Cafe & Restaurant,"Sri Wijaya Mawatha, Meliyagoda, Puwakwaththa, Ahangama, Sri Lanka",5.980149,80.35710560000001,5.0,,,"cafe, establishment, food, point_of_interest, restaurant",077 757 0221,,Monday: 7:30 AM – 9:30 PM | Tuesday: 7:30 AM – 9:30 PM | Wednesday: 7:30 AM – 9:30 PM | Thursday: 7:30 AM – 9:30 PM | Friday: 7:30 AM – 9:30 PM | Saturday: 7:30 AM – 9:30 PM | Sunday: 7:30 AM – 9:30 PM,OPERATIONAL,Koggala,cafe,cafe,Top,False
ChIJLewrTFsT4ToR8lSX1qTS9f4,Cafe Miori,"286 Hathapelena, Ahangama 80650, Sri Lanka",5.975614200000001,80.35520629999999,,,,"cafe, establishment, food, point_of_interest, store",070 677 5390,,Monday: 7:00 AM – 4:00 PM | Tuesday: 7:00 AM – 4:00 PM | Wednesday: 7:00 AM – 4:00 PM | Thursday: 7:00 AM – 4:00 PM | Friday: 7:00 AM – 4:00 PM | Saturday: 7:00 AM – 4:00 PM | Sunday: 7:00 AM – 4:00 PM,OPERATIONAL,Koggala,cafe,cafe,Top,False
ChIJ1d3rzsYU4ToRluwUPI60uvI,Drifter - Rooms & Food,"Delgaswatta Junction, Midigama, Midigama 81700, Sri Lanka",5.9681045,80.3918154,4.8,,,"establishment, food, lodging, point_of_interest, restaurant",077 125 1427,,,OPERATIONAL,Ahangama,restaurant,restaurant,Top,False
ChIJsa2nSbwU4ToRcgCebHNSVeM,Goviyapana Beach Hotel,"Goviyapana Beach Hotel, Matara Rd, Ahangama, Sri Lanka",5.9653975,80.3810111,3.8,,,"establishment, food, lodging, point_of_interest, restaurant",0912 282 780,,Monday: 6:00 AM – 11:00 PM | Tuesday: 6:00 AM – 11:00 PM | Wednesday: 6:00 AM – 11:00 PM | Thursday: 6:00 AM – 11:00 PM | Friday: 6:00 AM – 11:00 PM | Saturday: 6:00 AM – 11:00 PM | Sunday: 6:00 AM – 11:00 PM,OPERATIONAL,Ahangama,restaurant,restaurant,Top,False
ChIJM5xXFsEU4ToRI6BxogBeh-c,Surfing Wombats Pizzeria/Hostel,"Midigama, A2, Ahangama 80860, Sri Lanka",5.9663205,80.39182470000002,4.6,,,"establishment, food, lodging, point_of_interest, restaurant",0412 254 766,https://www.surfingwombats.com/,Monday: 8:30 AM – 10:00 PM | Tuesday: 8:30 AM – 10:00 PM | Wednesday: 8:30 AM – 10:00 PM | Thursday: 8:30 AM – 10:00 PM | Friday: 8:30 AM – 10:00 PM | Saturday: 8:30 AM – 10:00 PM | Sunday: 8:30 AM – 10:00 PM,OPERATIONAL,Ahangama,restaurant,restaurant,Top,False
ChIJpQDFhMEU4ToRm3B1lRH9qT4,Asanka Surf House & Restaurant With Pool,"Indhana Road (Near Midigama Railway Station Road 150m), Matara Road, 80650, Sri Lanka",5.9646854,80.39303389999999,4.0,,,"establishment, food, gym, health, lodging, point_of_interest, restaurant",077 479 1371,https://asankasurfmidigama.com/,Monday: 5:00 AM – 10:00 PM | Tuesday: 5:00 AM – 10:00 PM | Wednesday: 5:00 AM – 10:00 PM | Thursday: 5:00 AM – 10:00 PM | Friday: 5:00 AM – 10:00 PM | Saturday: 5:00 AM – 10:00 PM | Sunday: 5:00 AM – 10:00 PM,OPERATIONAL,Ahangama,restaurant,restaurant,Top,False
ChIJg4eBP6Fs4ToRlgOCu86NtaQ,Sisilasa Food Center,"Akkara wissa Junction ,Ahangama Ampawila Rd, X9X6+VPM, Ahangama, Sri Lanka",5.9997208,80.36178869999999,2.7,,,"establishment, food, point_of_interest, restaurant",071 014 4465,,Monday: Open 24 hours | Tuesday: Open 24 hours | Wednesday: Open 24 hours | Thursday: Open 24 hours | Friday: Open 24 hours | Saturday: Open 24 hours | Sunday: Open 24 hours,OPERATIONAL,Ahangama,restaurant,restaurant,Top,False
ChIJtSfYNgAV4ToR88CKJeEP8WA,lotusScape kitchen,"X9F8+VRR, Ahangama, Sri Lanka",5.9747674,80.36701359999999,5.0,,,"establishment, food, point_of_interest, restaurant",076 208 7731,,Monday: 8:00 AM – 10:00 PM | Tuesday: 8:00 AM – 10:00 PM | Wednesday: 8:00 AM – 10:00 PM | Thursday: 8:00 AM – 10:00 PM | Friday: 8:00 AM – 10:00 PM | Saturday: 8:00 AM – 10:00 PM | Sunday: 8:00 AM – 10:00 PM,OPERATIONAL,Ahangama,restaurant,restaurant,Top,False
ChIJA5UFvoMV4ToR-RilqRb6t50,Perera Kitchen,"Sangharathana Road, Ahangama 80650, Sri Lanka",5.9733005,80.37136319999999,5.0,,,"establishment, food, point_of_interest, restaurant",076 733 8212,,Monday: 6:00 – 11:00 PM | Tuesday: 6:00 – 11:00 PM | Wednesday: 6:00 – 11:00 PM | Thursday: 6:00 – 11:00 PM | Friday: 6:00 – 11:00 PM | Saturday: 6:00 – 11:00 PM | Sunday: 6:00 – 11:00 PM,OPERATIONAL,Ahangama,restaurant,restaurant,Top,False
ChIJY5S0VQAT4ToRJQa1LFa8Kys,Meori,"Matara Rd, Ahangama, Sri Lanka",5.9770433,80.3688301,4.8,,,"cafe, establishment, food, point_of_interest, restaurant, store",,https://www.instagram.com/meori.official/,Monday: 6:30 AM – 4:00 PM | Tuesday: 6:30 AM – 4:00 PM | Wednesday: 9:00 AM – 5:00 PM | Thursday: Closed | Friday: 6:30 AM – 4:00 PM | Saturday: 6:30 AM – 4:00 PM | Sunday: 6:30 AM – 4:00 PM,OPERATIONAL,Ahangama,restaurant,cafe,Top,False
ChIJz_QLTk8V4ToRJ_HDR-0u3vE,The Benison Restaurant,"Central, Dharmarama Road, Ahangama 80650, Sri Lanka",5.9744649,80.3723023,5.0,,,"establishment, food, lodging, point_of_interest, restaurant",076 081 0851,,,OPERATIONAL,Ahangama,restaurant,restaurant,Top,False
ChIJb0u4cfIV4ToR2bTr475FKvQ,Together Boutique Villa,"Hirigala Watta, Ahangama, Sri Lanka",5.9712781,80.36920409999999,5.0,,,"bar, clothing_store, establishment, food, lodging, point_of_interest, restaurant, store",070 181 1865,https://www.togethersrilanka.com/,,OPERATIONAL,Ahangama,restaurant,bar,Top,False
ChIJbaCBYgAT4ToRrJh_1oFhMzk,Rural House ( Rice and curry ),"Mahadeniyawatta, Ahangama, Sri Lanka",5.9725842,80.3664869,5.0,,,"establishment, food, point_of_interest, restaurant",074 304 3936,,Monday: 8:00 AM – 11:00 PM | Tuesday: 8:00 AM – 11:00 PM | Wednesday: 8:00 AM – 11:00 PM | Thursday: 8:00 AM – 11:00 PM | Friday: 8:00 AM – 11:00 PM | Saturday: 8:00 AM – 11:00 PM | Sunday: 8:00 AM – 11:00 PM,OPERATIONAL,Ahangama,restaurant,restaurant,Top,False
ChIJj-9OGAAV4ToRn5N_rBXZ23c,Green Bamboo Shade rice and curry,"Dommannegoda, Ahangama, Sri Lanka",5.972535499999999,80.36631059999999,4.9,,,"establishment, food, point_of_interest, restaurant",071 361 7704,https://www.instagram.com/chathusew_?igsh=MXVwczk1bmV2amp1ZQ==,Monday: 8:00 AM – 11:00 PM | Tuesday: 8:00 AM – 11:00 PM | Wednesday: 8:00 AM – 11:00 PM | Thursday: 8:00 AM – 11:00 PM | Friday: 8:00 AM – 11:00 PM | Saturday: 8:00 AM – 11:00 PM | Sunday: 8:00 AM – 11:00 PM,OPERATIONAL,Ahangama,restaurant,restaurant,Top,False
ChIJqVW3VdQV4ToRZ140r3drqh8,SĀMA Ahangama,"Pokuna Road, Piyadegama, Ahangama 80650, Sri Lanka",5.9711457,80.3675165,4.9,,,"establishment, food, lodging, point_of_interest, restaurant",077 047 1071,https://www.sama-ahangama.com/,Monday: 7:00 AM – 9:30 PM | Tuesday: 7:00 AM – 9:30 PM | Wednesday: 7:00 AM – 9:30 PM | Thursday: 7:00 AM – 9:30 PM | Friday: 7:00 AM – 9:30 PM | Saturday: 7:00 AM – 9:30 PM | Sunday: 7:00 AM – 9:30 PM,OPERATIONAL,Ahangama,restaurant,restaurant,Top,False
ChIJ123XNQBt4ToRJ-zZ9rfDPto,Green Blend,"Ambagahawatta, Digaradda, X9H9+7QV, Ahangama, Sri Lanka",5.9782436,80.3694222,,,,"establishment, food, point_of_interest, restaurant",070 309 4452,https://www.instagram.com/greenblend24?igsh=Yjl5MGZ1MmhoaWE0,"Monday: 7:00 AM – 12:00 PM, 7:00 – 10:00 PM | Tuesday: 7:00 AM – 12:00 PM, 7:00 – 10:00 PM | Wednesday: 7:00 AM – 12:00 PM, 7:00 – 10:00 PM | Thursday: 7:00 AM – 12:00 PM, 7:00 – 10:00 PM | Friday: 7:00 AM – 12:00 PM, 7:00 – 10:00 PM | Saturday: 7:00 AM – 12:00 PM, 7:00 – 10:00 PM | Sunday: 7:00 AM – 12:00 PM, 7:00 – 10:00 PM",OPERATIONAL,Ahangama,restaurant,restaurant,Top,False
ChIJYXcO1SIV4ToR3MUAafgqRD8,Jane House Restaurant,"X9C9+6P9, Palawaththa, Ahangama, Sri Lanka",5.9705271,80.36937139999999,5.0,,,"establishment, food, point_of_interest, restaurant",077 473 5688,,Monday: 10:00 AM – 12:00 PM | Tuesday: 10:00 AM – 12:00 PM | Wednesday: 10:00 AM – 12:00 PM | Thursday: 10:00 AM – 12:00 PM | Friday: 10:00 AM – 12:00 PM | Saturday: 10:00 AM – 12:00 PM | Sunday: 10:00 AM – 12:00 PM,OPERATIONAL,Ahangama,restaurant,restaurant,Top,False
ChIJaYKmagAV4ToR-dSjZUC1zLI,AMIGOS KITCHEN,"Gajanayakawatta, Ahangama 80650, Sri Lanka",5.9706359,80.3672383,4.9,,,"establishment, food, point_of_interest, restaurant",072 111 5006,,Monday: 8:00 AM – 11:00 PM | Tuesday: 8:00 AM – 11:00 PM | Wednesday: 8:00 AM – 11:00 PM | Thursday: 8:00 AM – 11:00 PM | Friday: 8:00 AM – 11:00 PM | Saturday: 8:00 AM – 11:00 PM | Sunday: 8:00 AM – 11:00 PM,OPERATIONAL,Ahangama,restaurant,restaurant,Top,False
ChIJcWyl5MsV4ToR1mwRwimEA9s,Sankhara Café,"Galle Road, Ahangama 80650, Sri Lanka",5.9707643,80.3669968,5.0,,,"establishment, food, point_of_interest, restaurant",076 190 1231,,"Monday: 8:00 AM – 3:00 PM, 4:00 – 10:00 PM | Tuesday: 8:00 AM – 3:00 PM, 5:00 – 10:00 PM | Wednesday: 8:00 AM – 3:00 PM, 4:00 – 10:00 PM | Thursday: 8:00 AM – 3:00 PM, 4:00 – 10:00 PM | Friday: 8:00 AM – 3:00 PM, 4:00 – 10:00 PM | Saturday: 8:00 AM – 3:00 PM, 4:00 – 10:00 PM | Sunday: 8:00 AM – 3:00 PM, 4:00 – 10:00 PM",OPERATIONAL,Ahangama,restaurant,restaurant,Top,False
ChIJgx0egyN34ToRRF7R_1tagLU,Soko Ahangama,"No 5 Galle Road, Ahangama 80650, Sri Lanka",5.9704722,80.36755869999999,4.6,,,"bar, cafe, establishment, food, point_of_interest, restaurant, store",077 024 7396,,Monday: 7:00 AM – 11:00 PM | Tuesday: 7:00 AM – 11:00 PM | Wednesday: 7:00 AM – 11:00 PM | Thursday: 7:00 AM – 11:00 PM | Friday: 7:00 AM – 11:00 PM | Saturday: 7:00 AM – 11:00 PM | Sunday: 7:00 AM – 11:00 PM,OPERATIONAL,Ahangama,restaurant,cafe,Top,False
ChIJA-sVLQAV4ToRMbDnSyVCd7E,Sankhara Ahangama,"Matara Rd, Ahangama 80650, Sri Lanka",5.970777399999999,80.3669436,3.9,,,"establishment, food, lodging, point_of_interest, restaurant",076 190 1231,,,OPERATIONAL,Ahangama,restaurant,restaurant,Top,False
ChIJAxXrHdwT4ToRSDYRPFURyBE,Yum Pizza,"Gajanayaka waththa,piyadigama west gajanayaka waththa, Ahangama 80650, Sri Lanka",5.9705339,80.3673737,4.6,,,"establishment, food, point_of_interest, restaurant",076 075 4474,,Monday: 12:00 – 10:30 PM | Tuesday: 12:00 – 10:00 PM | Wednesday: 12:00 – 10:00 PM | Thursday: 12:00 – 10:00 PM | Friday: 12:00 – 10:00 PM | Saturday: 12:00 – 10:00 PM | Sunday: 12:00 – 10:00 PM,OPERATIONAL,Ahangama,restaurant,restaurant,Top,False
ChIJz1rAFQMV4ToRW7iWdc4p3RA,"Moochies Cafe & Rooftop, Ahangama","Matara Rd, Ahangama 80650, Sri Lanka",5.9703741,80.36767680000001,4.9,,,"cafe, establishment, food, point_of_interest, restaurant",076 047 9413,,Monday: 8:00 AM – 5:00 PM | Tuesday: 8:00 AM – 5:00 PM | Wednesday: 8:00 AM – 5:00 PM | Thursday: 8:00 AM – 5:00 PM | Friday: 8:00 AM – 5:00 PM | Saturday: 8:00 AM – 5:00 PM | Sunday: Closed,OPERATIONAL,Ahangama,restaurant,cafe,Top,False
ChIJ_3jDfQAV4ToR_a5M-U9QTZU,Kathan Kathan,"Matara Rd, Ahangama 80650, Sri Lanka",5.970326699999999,80.3677329,5.0,,,"establishment, food, point_of_interest, restaurant",076 193 9548,,Monday: 10:00 AM – 1:00 AM | Tuesday: 10:00 AM – 1:00 AM | Wednesday: 10:00 AM – 1:00 AM | Thursday: 10:00 AM – 1:00 AM | Friday: 10:00 AM – 1:00 AM | Saturday: 10:00 AM – 1:00 AM | Sunday: 10:00 AM – 1:00 AM,OPERATIONAL,Ahangama,restaurant,restaurant,Top,False
ChIJ3Sf2xwsV4ToRsupIqBjy_Ao,Teddies Ahangama - Rooftop Café,"Matara Rd, Ahangama 80650, Sri Lanka",5.9701641,80.3680971,4.9,,,"bar, cafe, establishment, food, point_of_interest, restaurant, store",06 30536930,http://www.teddiesahangama.com/,Monday: 7:30 AM – 10:00 PM | Tuesday: 7:30 AM – 10:00 PM | Wednesday: 7:30 AM – 10:00 PM | Thursday: 7:30 AM – 10:00 PM | Friday: 7:30 AM – 10:00 PM | Saturday: 7:30 AM – 10:00 PM | Sunday: 7:30 AM – 10:00 PM,OPERATIONAL,Ahangama,restaurant,cafe,Top,False
ChIJzfUe5FkV4ToRdyuBImsQNAI,Baboo Ocean Café,"311a Matara Rd, Ahangama, Sri Lanka",5.970067999999999,80.36823249999999,4.8,,,"establishment, food, point_of_interest, restaurant",077 934 5898,,Monday: 9:00 AM – 10:00 PM | Tuesday: 9:00 AM – 10:00 PM | Wednesday: Closed | Thursday: 9:00 AM – 10:00 PM | Friday: 9:00 AM – 10:00 PM | Saturday: 9:00 AM – 10:00 PM | Sunday: 9:00 AM – 10:00 PM,OPERATIONAL,Ahangama,restaurant,restaurant,Top,False
ChIJv5uKErUV4ToR0KHkdXxAKbM,Tahini & Friends - vegetarian restaurant/cafe,"124 Matara Rd, Ahangama 80650, Sri Lanka",5.970419199999999,80.3671593,4.5,,,"cafe, establishment, food, gym, health, point_of_interest, restaurant, store",077 062 3813,https://www.instagram.com/tahini_and_friends?igsh=YTQ3M2hlYjFsbmk5,Monday: 7:30 AM – 10:00 PM | Tuesday: 7:30 AM – 10:00 PM | Wednesday: 7:30 AM – 10:00 PM | Thursday: 7:30 AM – 10:00 PM | Friday: 7:30 AM – 10:00 PM | Saturday: 7:30 AM – 10:00 PM | Sunday: 7:30 AM – 10:00 PM,OPERATIONAL,Ahangama,restaurant,cafe,Top,False
ChIJdaIzihYV4ToRb08iAjC52c8,crispy king ahangama,"Ahangama 80650, Sri Lanka",5.970002699999999,80.368389,,,,"establishment, food, point_of_interest, restaurant",076 980 8529,,Monday: Open 24 hours | Tuesday: Open 24 hours | Wednesday: Open 24 hours | Thursday: Open 24 hours | Friday: Open 24 hours | Saturday: Open 24 hours | Sunday: Open 24 hours,OPERATIONAL,Ahangama,restaurant,restaurant,Top,False
ChIJ569Znn8V4ToRw4MdsOaFWCw,Humbhaha Ahangama,"Digaredda, Road, Ahangama 80650, Sri Lanka",5.975095,80.3736326,4.9,,,"establishment, food, point_of_interest, restaurant",071 567 5215,https://www.instagram.com/humbhaha?igsh=MWc0MG41cm5sbXZkOQ==&utm_source=qr,Monday: 6:00 – 10:00 PM | Tuesday: 11:00 AM – 10:00 PM | Wednesday: 11:00 AM – 10:00 PM | Thursday: 9:00 AM – 5:00 PM | Friday: 9:00 AM – 10:00 PM | Saturday: Closed | Sunday: 11:00 AM – 10:00 PM,OPERATIONAL,Ahangama,restaurant,restaurant,Top,False
ChIJx7-AAQAV4ToR1PSf6yp3Lls,Pearl house restaurant and bar,"Hirigala, Ahangama 80650, Sri Lanka",5.970002099999999,80.3683617,5.0,,,"establishment, food, point_of_interest, restaurant",076 980 8529,,Monday: 7:00 AM – 11:00 PM | Tuesday: 7:00 AM – 11:00 PM | Wednesday: 7:00 AM – 11:00 PM | Thursday: 7:00 AM – 11:00 PM | Friday: 7:00 AM – 11:00 PM | Saturday: 7:00 AM – 11:00 PM | Sunday: 7:00 AM – 11:00 PM,OPERATIONAL,Ahangama,restaurant,restaurant,Top,False
ChIJLUMFp6cU4ToRzHjMP9ELBcQ,Azure Beach Villa,"Ahangama 80650, Sri Lanka",5.970238699999999,80.367464,4.1,,,"establishment, food, lodging, point_of_interest, restaurant",077 951 7750,,Monday: Open 24 hours | Tuesday: Open 24 hours | Wednesday: Open 24 hours | Thursday: Open 24 hours | Friday: Open 24 hours | Saturday: Open 24 hours | Sunday: Open 24 hours,OPERATIONAL,Ahangama,restaurant,restaurant,Top,False
ChIJn9FsEZYV4ToRbEdeCClEo3s,Manori's Kitchen,"Katukurudugahawaththa central, Ahangama 80650, Sri Lanka",5.970329599999999,80.3711582,4.9,,,"establishment, food, point_of_interest, restaurant",071 602 7531,,Monday: 1:00 – 10:00 PM | Tuesday: 1:00 – 10:00 PM | Wednesday: 1:00 – 10:00 PM | Thursday: Closed | Friday: 1:00 – 10:00 PM | Saturday: 1:00 – 10:00 PM | Sunday: 1:00 – 10:00 PM,OPERATIONAL,Ahangama,restaurant,restaurant,Top,False
ChIJNxg94hoV4ToRFStZsFLQJoA,Mermaid's Kitchen,"Piyadigama, Ahangama 80650, Sri Lanka",5.9702921,80.3672763,4.6,,,"bar, establishment, food, point_of_interest, restaurant",077 443 0701,,Monday: 9:00 AM – 10:00 PM | Tuesday: 9:00 AM – 10:00 PM | Wednesday: 9:00 AM – 10:00 PM | Thursday: 9:00 AM – 10:00 PM | Friday: 9:00 AM – 10:00 PM | Saturday: 9:00 AM – 10:00 PM | Sunday: 9:00 AM – 10:00 PM,OPERATIONAL,Ahangama,restaurant,bar,Top,False
ChIJmcb_BjcV4ToR1R45jqTeSdo,OOH MAMI Ahangama,"106 Matara Rd, Ahangama 80650, Sri Lanka",5.970786299999999,80.3662891,4.5,,,"establishment, food, point_of_interest, restaurant",077 192 0920,http://oohmami.food/,Monday: 11:00 AM – 11:00 PM | Tuesday: 11:00 AM – 12:00 AM | Wednesday: 11:00 AM – 11:00 PM | Thursday: 11:00 AM – 11:00 PM | Friday: 11:00 AM – 11:00 PM | Saturday: 11:00 AM – 11:00 PM | Sunday: 11:00 AM – 11:00 PM,OPERATIONAL,Ahangama,restaurant,restaurant,Top,False
ChIJQ41BVZcT4ToRrLsjbICdjR4,Hopper street food,"X9C8+G74, Ahangama, Sri Lanka",5.971286999999999,80.3657162,5.0,,,"establishment, food, point_of_interest, restaurant",,,,OPERATIONAL,Ahangama,restaurant,restaurant,Top,False
ChIJA_V9SsET4ToRHbJmeRKDISs,Odara Foods & Restaurant,"ODARA FOOD & RESTAURANTS, Matara Rd, Ahangama 80650, Sri Lanka",5.9716789,80.3653866,4.1,,,"establishment, food, point_of_interest, restaurant",0912 281 777,,Monday: 6:00 AM – 11:00 PM | Tuesday: 6:00 AM – 11:00 PM | Wednesday: 6:00 AM – 11:00 PM | Thursday: 6:00 AM – 11:00 PM | Friday: 6:00 AM – 11:00 PM | Saturday: 6:00 AM – 11:00 PM | Sunday: 6:00 AM – 11:00 PM,OPERATIONAL,Ahangama,restaurant,restaurant,Top,False
ChIJsbcYGEIV4ToR5iOkVlZ3oAs,"Cinnamon Paradise, Ahangama","Sharamadana Mawatha, Ahangama, Sri Lanka",5.978934000000001,80.3680191,4.9,,,"establishment, food, lodging, point_of_interest, restaurant, spa",077 613 3699,https://www.srilankahotels.net/en/hotel/cinnamon-paradise.html,Monday: Open 24 hours | Tuesday: Open 24 hours | Wednesday: Open 24 hours | Thursday: Open 24 hours | Friday: Open 24 hours | Saturday: Open 24 hours | Sunday: Open 24 hours,OPERATIONAL,Ahangama,restaurant,restaurant,Top,False
ChIJk8_Bd9gV4ToRORYnU6LlLgk,The Gas Point,"X999+WC4, Ahangama 80650, Sri Lanka",5.969727199999999,80.3685388,4.7,,,"establishment, food, point_of_interest, restaurant",077 860 9047,,Monday: 7:00 AM – 10:30 PM | Tuesday: 7:00 AM – 10:30 PM | Wednesday: 7:00 AM – 10:30 PM | Thursday: 7:00 AM – 10:30 PM | Friday: 7:00 AM – 10:30 PM | Saturday: 7:00 AM – 10:30 PM | Sunday: 7:00 AM – 10:30 PM,OPERATIONAL,Ahangama,restaurant,restaurant,Top,False
ChIJcXfHbRYV4ToRtKu_BvNKt8o,Echo Beach Lounge,"No 110, 04 Matara Rd, Ahangama 80650, Sri Lanka",5.9705674,80.3663624,4.8,,,"establishment, food, point_of_interest, restaurant",0917 809 819,,Monday: 9:00 AM – 10:00 PM | Tuesday: 9:00 AM – 10:00 PM | Wednesday: 9:00 AM – 10:00 PM | Thursday: 9:00 AM – 10:00 PM | Friday: 9:00 AM – 10:00 PM | Saturday: 9:00 AM – 10:00 PM | Sunday: 9:00 AM – 10:00 PM,OPERATIONAL,Ahangama,restaurant,restaurant,Top,False
ChIJj7MpbAAV4ToRswI8M_l2Df8,Flamingo Beach Restaurant,"X9C8+987, Ahangama, Sri Lanka",5.970750799999999,80.3660228,4.7,,,"establishment, food, point_of_interest, restaurant",077 334 1006,,Monday: 8:00 AM – 10:00 PM | Tuesday: 8:00 AM – 10:00 PM | Wednesday: 8:00 AM – 10:00 PM | Thursday: 8:00 AM – 10:00 PM | Friday: 8:00 AM – 10:00 PM | Saturday: 8:00 AM – 10:00 PM | Sunday: 8:00 AM – 10:00 PM,OPERATIONAL,Ahangama,restaurant,restaurant,Top,False
ChIJf11jfgAT4ToRrPwrL7rCMQY,Dreamsea Restaurant,"X9C8+J3H Diamond palm beach hotel, Ahangama, Sri Lanka",5.9715662,80.36522790000001,2.6,,,"establishment, food, point_of_interest, restaurant",,,,OPERATIONAL,Ahangama,restaurant,restaurant,Top,False
ChIJOwglWwAV4ToRbFROHzuFkBk,Gagani food corner Ahangama,"X999+RV, Ahangama, Sri Lanka",5.969562499999999,80.3696875,3.0,,,"establishment, food, point_of_interest, restaurant",,,,OPERATIONAL,Ahangama,restaurant,restaurant,Top,False
ChIJ7ZRnRwAV4ToR4Cky6cmW37g,The Bus Stop Ahangama,"AH 43, Ahangama, Sri Lanka",5.9710107,80.3655503,4.3,,,"establishment, food, point_of_interest, restaurant",075 294 7768,,Monday: 11:00 AM – 11:00 PM | Tuesday: 11:00 AM – 11:00 PM | Wednesday: 11:00 AM – 11:00 PM | Thursday: 11:00 AM – 11:00 PM | Friday: 11:00 AM – 11:00 PM | Saturday: 11:00 AM – 11:00 PM | Sunday: 11:00 AM – 11:00 PM,OPERATIONAL,Ahangama,restaurant,restaurant,Top,False
ChIJ2abzmRUT4ToRsT7sCuVKUPU,Indigo - Indian Bar & Kitchen,"Matara Rd, Ahangama, Sri Lanka",5.9716626,80.3649361,4.4,,,"establishment, food, point_of_interest, restaurant",077 221 5489,,Monday: 5:00 – 10:00 PM | Tuesday: 5:00 – 10:00 PM | Wednesday: 5:00 – 10:00 PM | Thursday: 5:00 – 10:00 PM | Friday: 5:00 – 10:00 PM | Saturday: 5:00 – 10:00 PM | Sunday: 5:00 – 10:00 PM,OPERATIONAL,Ahangama,restaurant,restaurant,Top,False
ChIJNUVMNwAV4ToR5saac8BZfw0,Farming Hostel Ahangama Restaurant,"X99C+VC7, Ahangama, Sri Lanka",5.969670799999999,80.3710591,,,,"establishment, food, point_of_interest, restaurant",,,,OPERATIONAL,Ahangama,restaurant,restaurant,Top,False
ChIJybi-LAAV4ToR66AFynKvKOc,The Krish Ahangama,"X99C+R8H, Mahavihara Rd, Ahangama, Sri Lanka",5.9695671,80.3708529,5.0,,,"establishment, food, point_of_interest, restaurant",075 944 7915,,Monday: 8:00 AM – 11:30 PM | Tuesday: 8:00 AM – 11:30 PM | Wednesday: 8:00 AM – 11:30 PM | Thursday: 8:00 AM – 11:30 PM | Friday: 8:00 AM – 11:30 PM | Saturday: 8:00 AM – 11:30 PM | Sunday: 8:00 AM – 11:30 PM,OPERATIONAL,Ahangama,restaurant,restaurant,Top,False
ChIJWbVZnjcT4ToRVXyUKXf4ZEo,Dreamsea Surf Camp Ahangama,"92, Galle Road, Matara Rd, Ahangama 80650, Sri Lanka",5.971455000000001,80.3649942,4.6,,,"establishment, food, lodging, point_of_interest, restaurant",077 714 2488,https://www.dreamsea.com/srilanka-ahangama/,Monday: 9:00 AM – 8:00 PM | Tuesday: 9:00 AM – 8:00 PM | Wednesday: 9:00 AM – 8:00 PM | Thursday: 9:00 AM – 8:00 PM | Friday: 9:00 AM – 8:00 PM | Saturday: 9:00 AM – 8:00 PM | Sunday: 9:00 AM – 8:00 PM,OPERATIONAL,Ahangama,restaurant,restaurant,Top,False
ChIJUfgFklAT4ToRLOyDEEDe5PA,La Belle,"Galle road, Ahangama 80650, Sri Lanka",5.971659799999999,80.3647403,4.7,,,"bar, establishment, food, point_of_interest, restaurant",077 100 4266,,Monday: 9:00 AM – 1:00 AM | Tuesday: 9:00 AM – 1:00 AM | Wednesday: 9:00 AM – 1:00 AM | Thursday: 9:00 AM – 1:00 AM | Friday: 9:00 AM – 1:00 AM | Saturday: 9:00 AM – 1:00 AM | Sunday: 9:00 AM – 1:00 AM,OPERATIONAL,Ahangama,restaurant,bar,Top,False
ChIJs3FQfk8T4ToRfmJN55oRRtQ,Cactus,"No 76 in front of Commercial Bank ATM, Ahangama 80600, Sri Lanka",5.9718757,80.3645275,4.4,,,"cafe, establishment, food, point_of_interest, restaurant",,https://instagram.com/cactus_ahangama,Monday: 7:30 AM – 6:00 PM | Tuesday: 7:30 AM – 6:00 PM | Wednesday: 7:30 AM – 6:00 PM | Thursday: 7:30 AM – 6:00 PM | Friday: 7:30 AM – 6:00 PM | Saturday: 7:30 AM – 6:00 PM | Sunday: 7:30 AM – 6:00 PM,OPERATIONAL,Ahangama,restaurant,cafe,Top,False
ChIJp9w-TCgT4ToR6q0op1SNT3s,Mavi Rooftop Restaurant & Bar,"63 Matara Rd, Ahangama, Sri Lanka",5.972210899999999,80.3643395,4.8,,,"bar, establishment, food, point_of_interest, restaurant",071 997 2426,,Monday: 11:00 AM – 11:00 PM | Tuesday: 11:00 AM – 11:00 PM | Wednesday: 11:00 AM – 11:00 PM | Thursday: 11:00 AM – 1:00 AM | Friday: 11:00 AM – 1:00 AM | Saturday: 11:00 AM – 1:00 AM | Sunday: 11:00 AM – 1:00 AM,OPERATIONAL,Ahangama,restaurant,bar,Top,False
ChIJyUzrRrEU4ToRtI1tB3bWa2I,Soul & Surf Sri Lanka,"Matara Rd, Ahangama 80650, Sri Lanka",5.9685729,80.37081930000001,4.7,,,"cafe, establishment, food, gym, health, lodging, point_of_interest, store",076 755 2182,http://www.soulandsurf.com/retreats/sri-lanka/,,OPERATIONAL,Ahangama,cafe,cafe,Top,False
ChIJsRvIOKgV4ToROXjN6gLOasA,Rollingpin,"Imaduwa Road, Ahangama 80650, Sri Lanka",5.977318599999999,80.36630850000002,4.6,,,"bakery, cafe, establishment, food, point_of_interest, store",071 699 9285,https://www.instagram.com/rollingpin_lk_ahangama/,Monday: 7:30 AM – 6:00 PM | Tuesday: 7:30 AM – 6:00 PM | Wednesday: 7:30 AM – 6:00 PM | Thursday: 7:30 AM – 6:00 PM | Friday: 7:30 AM – 6:00 PM | Saturday: 7:30 AM – 6:00 PM | Sunday: 7:30 AM – 6:00 PM,OPERATIONAL,Ahangama,cafe,cafe,Top,False
ChIJ7c7nIvwV4ToRGSLpNWMYoA8,Divide Coffee & Matcha Ahangama,"110, 04 Matara Rd, Ahangama 80650, Sri Lanka",5.9708882,80.3664797,4.4,,,"cafe, establishment, food, point_of_interest, store",,,Monday: 7:00 AM – 6:30 PM | Tuesday: 7:00 AM – 6:30 PM | Wednesday: 7:00 AM – 6:30 PM | Thursday: 7:00 AM – 6:30 PM | Friday: 7:00 AM – 6:30 PM | Saturday: 7:00 AM – 6:30 PM | Sunday: 7:00 AM – 6:30 PM,OPERATIONAL,Ahangama,cafe,cafe,Top,False
ChIJC8lqoekT4ToRyqVFF3SrX5Y,Focus Hub Co-Working & Cafe Ahangama,"opposite Ahangama Bus Station, Matara Rd, Ahangama 80650, Sri Lanka",5.9715913,80.3655448,4.7,,,"cafe, establishment, food, point_of_interest, store",077 732 7763,http://www.instagram.com/focushubcoworking,Monday: 9:00 AM – 6:00 PM | Tuesday: 9:00 AM – 6:00 PM | Wednesday: 9:00 AM – 6:00 PM | Thursday: 9:00 AM – 6:00 PM | Friday: 9:00 AM – 6:00 PM | Saturday: Closed | Sunday: Closed,OPERATIONAL,Ahangama,cafe,cafe,Top,False
ChIJPUlJF4AT4ToRfxoFN5qp59w,Lumora Cafe,"2nd lane Munidasa Rd, Ahangama 80650, Sri Lanka",5.9744323,80.3645787,5.0,,,"cafe, establishment, food, point_of_interest",075 016 1107,,Monday: 8:00 AM – 2:30 PM | Tuesday: 8:00 AM – 2:30 PM | Wednesday: 8:00 AM – 2:30 PM | Thursday: 8:00 AM – 2:30 PM | Friday: 8:00 AM – 2:30 PM | Saturday: 8:00 AM – 2:30 PM | Sunday: 8:00 AM – 2:30 PM,OPERATIONAL,Ahangama,cafe,cafe,Top,False
ChIJvy8IcOEV4ToRk50D6oyW8bc,Kalu's Kade,"X999+RV, Ahangama, Sri Lanka",5.969562499999999,80.3696875,4.0,,,"cafe, establishment, food, point_of_interest",,,,OPERATIONAL,Ahangama,cafe,cafe,Top,False
ChIJi3qZsLsT4ToRFksxXDpsvL0,Barista Ahangama,"Infront of police, Ahangama 80650, Sri Lanka",5.9717484,80.36473219999999,4.6,,,"cafe, establishment, food, point_of_interest",0913 120 700,https://barista.lk/,Monday: 7:00 AM – 10:00 PM | Tuesday: 7:00 AM – 10:00 PM | Wednesday: 7:00 AM – 10:00 PM | Thursday: 7:00 AM – 10:00 PM | Friday: 7:00 AM – 10:00 PM | Saturday: 7:00 AM – 10:00 PM | Sunday: 7:00 AM – 10:00 PM,OPERATIONAL,Ahangama,cafe,cafe,Top,False
ChIJ0TvdWOwT4ToR6jLTuVZD-yg,UFO coffee shop,"76 Matara Rd, Ahangama 80650, Sri Lanka",5.9719807,80.364313,4.5,,,"cafe, establishment, food, point_of_interest, store",078 752 2333,https://www.instagram.com/ufo.ahangama?igsh=Mmxpd2YxeTlpMGYy,Monday: 7:30 AM – 5:30 PM | Tuesday: 7:30 AM – 5:30 PM | Wednesday: 7:30 AM – 5:30 PM | Thursday: 7:30 AM – 5:30 PM | Friday: 7:30 AM – 5:30 PM | Saturday: 7:30 AM – 5:30 PM | Sunday: 7:30 AM – 5:30 PM,OPERATIONAL,Ahangama,cafe,cafe,Top,False
ChIJt3hLf54V4ToREyjL3erDgOc,Chameleon Ahangama,"Chameleon ahangama, central, galle road, Ahangama 80650, Sri Lanka",5.9690783,80.3705611,5.0,,,"cafe, establishment, food, point_of_interest, restaurant, store",077 715 9846,,Monday: 7:30 AM – 5:30 PM | Tuesday: 7:30 AM – 5:30 PM | Wednesday: 7:30 AM – 5:30 PM | Thursday: 7:30 AM – 5:30 PM | Friday: 7:30 AM – 5:30 PM | Saturday: 7:30 AM – 5:30 PM | Sunday: Closed,OPERATIONAL,Ahangama,cafe,cafe,Top,False
ChIJ3XlQ7z0T4ToRfAv-CstU8gY,Ceylon Sliders,"70 Matara Rd, Ahangama 80650, Sri Lanka",5.9721737,80.3640169,4.3,,,"bar, cafe, establishment, food, point_of_interest, restaurant, store",074 201 2444,https://www.ceylonsliders.com/,Monday: 7:30 AM – 11:00 PM | Tuesday: 7:30 AM – 11:00 PM | Wednesday: 7:30 AM – 11:00 PM | Thursday: 7:30 AM – 11:00 PM | Friday: 7:30 AM – 11:00 PM | Saturday: 7:30 AM – 11:00 PM | Sunday: 7:30 AM – 11:00 PM,OPERATIONAL,Ahangama,cafe,cafe,Top,False
ChIJu7pmUN0T4ToRzNnyYODfGU4,Kaffi Ahangama,"Matara Rd, Ahangama 80650, Sri Lanka",5.968907799999999,80.3706031,4.7,,,"cafe, establishment, food, point_of_interest, store",0912 281 724,,Monday: 8:00 AM – 4:00 PM | Tuesday: 8:00 AM – 4:00 PM | Wednesday: 8:00 AM – 4:00 PM | Thursday: 8:00 AM – 4:00 PM | Friday: 8:00 AM – 4:00 PM | Saturday: 8:00 AM – 4:00 PM | Sunday: 8:00 AM – 4:00 PM,OPERATIONAL,Ahangama,cafe,cafe,Top,False
ChIJNQ54VwAV4ToRAUucL6XrytM,Keerthi place,"X99C+F8Q, Ahangama, Sri Lanka",5.9687225,80.37087129999999,5.0,,,"cafe, establishment, food, point_of_interest, store",071 431 3151,,Monday: 6:30 AM – 10:00 PM | Tuesday: 6:30 AM – 10:00 PM | Wednesday: 6:30 AM – 10:00 PM | Thursday: 6:30 AM – 10:00 PM | Friday: 6:30 AM – 10:00 PM | Saturday: 6:30 AM – 10:00 PM | Sunday: 6:30 AM – 10:00 PM,OPERATIONAL,Ahangama,cafe,cafe,Top,False
ChIJMWdHKFgT4ToRU_rkte-QoDI,Marshmellow Surf Café,"62d Matara Rd, Ahangama 80650, Sri Lanka",5.9722427,80.3635965,4.5,,,"cafe, establishment, food, point_of_interest, restaurant",,https://www.instagram.com/marshmellowcafe.srilanka/,Monday: 8:00 AM – 6:00 PM | Tuesday: 8:00 AM – 6:00 PM | Wednesday: 8:00 AM – 6:00 PM | Thursday: 8:00 AM – 6:00 PM | Friday: 8:00 AM – 6:00 PM | Saturday: 8:00 AM – 6:00 PM | Sunday: 8:00 AM – 6:00 PM,OPERATIONAL,Ahangama,cafe,cafe,Top,False
ChIJJ-Yfo80T4ToRLAWLOgc2CVM,Living Room Concept Store & Coffee Shop,"No. 4 & 5, Railway Station Road Ahangama, Galle 80650, Sri Lanka",5.9725731,80.3634778,4.9,,,"bakery, cafe, clothing_store, establishment, food, point_of_interest, store",078 622 8424,,Monday: 8:00 AM – 6:00 PM | Tuesday: 8:00 AM – 6:00 PM | Wednesday: 8:00 AM – 6:00 PM | Thursday: 8:00 AM – 6:00 PM | Friday: 8:00 AM – 6:00 PM | Saturday: 8:00 AM – 6:00 PM | Sunday: 8:00 AM – 6:00 PM,OPERATIONAL,Ahangama,cafe,cafe,Top,False
ChIJfYrhgIIT4ToRievwfwRei9w,Ivy Ahangama,"No. 671 Piyadigama, Ahangama 80650, Sri Lanka",5.9727184,80.3633845,4.9,,,"cafe, establishment, food, point_of_interest",,https://www.instagram.com/ivy.ahangama/,,OPERATIONAL,Ahangama,cafe,cafe,Top,False
ChIJdbFkzNUV4ToRgOYufGcOr4E,Soul & Surf Canteen,"Matara Rd, Ahangama 80650, Sri Lanka",5.9686528,80.37101439999999,4.6,,,"bar, cafe, establishment, food, point_of_interest",076 755 2182,https://www.soulandsurf.com/retreats/sri-lanka/food/,Monday: 7:00 AM – 7:00 PM | Tuesday: 7:00 AM – 7:00 PM | Wednesday: 7:00 AM – 7:00 PM | Thursday: 7:00 AM – 7:00 PM | Friday: 7:00 AM – 7:00 PM | Saturday: 7:00 AM – 7:00 PM | Sunday: 7:00 AM – 7:00 PM,OPERATIONAL,Ahangama,cafe,cafe,Top,False
ChIJTReyUsAT4ToRl3v_ATGQoq4,Omnia Cafe & Hostel,"226c Imaduwa Road, Ahangama 80650, Sri Lanka",5.977877899999999,80.3640405,4.9,,,"cafe, establishment, food, lodging, point_of_interest",070 121 1084,https://www.booking.com/Share-AmXx7F,,OPERATIONAL,Ahangama,cafe,cafe,Top,False
ChIJl3q_dgAT4ToRPLBHzlrAWk0,Kaluge tee kade,"78 Imaduwa Road, Ahangama, Sri Lanka",5.975117399999999,80.36256320000001,,,,"cafe, establishment, food, point_of_interest, store",,,,OPERATIONAL,Ahangama,cafe,cafe,Top,False
ChIJ0-Bfq0gV4ToRKk9sA699hgk,Negombo Surf Co,"38 Matara Rd, Ahangama 80650, Sri Lanka",5.9726696,80.3626997,4.7,,,"cafe, clothing_store, establishment, food, point_of_interest, store",076 007 5146,https://negombosurfco.com/,Monday: 10:00 AM – 9:00 PM | Tuesday: 10:00 AM – 9:00 PM | Wednesday: 11:00 AM – 7:00 PM | Thursday: 10:00 AM – 9:00 PM | Friday: 10:00 AM – 9:00 PM | Saturday: 10:00 AM – 9:00 PM | Sunday: 10:00 AM – 9:00 PM,OPERATIONAL,Ahangama,cafe,cafe,Top,False
ChIJu02vZCwT4ToRNnVlZzxu0lc,Loose Keys,"Galle road, Ahangama 80650, Sri Lanka",5.9730932,80.3622714,4.8,,,"cafe, establishment, food, point_of_interest, store",076 076 8290,,Monday: 8:00 AM – 5:00 PM | Tuesday: 8:00 AM – 5:00 PM | Wednesday: 8:00 AM – 5:00 PM | Thursday: 8:00 AM – 5:00 PM | Friday: 8:00 AM – 5:00 PM | Saturday: 8:00 AM – 5:00 PM | Sunday: 8:00 AM – 4:00 PM,OPERATIONAL,Ahangama,cafe,cafe,Top,False
ChIJ9y-qkHK95ToR7BPkd9mZu9Q,Le Café French Bistro Ahangama,"Wella Watta, Ahangama 80650, Sri Lanka",5.972360699999999,80.36243300000001,4.8,,,"cafe, establishment, food, point_of_interest, restaurant",,,"Monday: 9:00 AM – 3:30 PM, 5:00 – 9:00 PM | Tuesday: 9:00 AM – 3:30 PM, 5:00 – 9:00 PM | Wednesday: 9:00 AM – 3:30 PM, 5:00 – 9:00 PM | Thursday: 9:00 AM – 3:30 PM, 5:00 – 9:00 PM | Friday: 9:00 AM – 3:30 PM, 5:00 – 9:00 PM | Saturday: 9:00 AM – 3:30 PM, 5:00 – 9:00 PM | Sunday: 9:00 AM – 3:30 PM, 5:00 – 9:00 PM",OPERATIONAL,Ahangama,cafe,cafe,Top,False
ChIJ_Qf0eN0T4ToRlU1NzMsjCDE,Tofay Food,"11 ගාලු පාර, Ahangama, Sri Lanka",5.9729677,80.3619489,4.0,,,"cafe, establishment, food, point_of_interest",077 507 8063,,Monday: 7:00 AM – 9:00 PM | Tuesday: 7:00 AM – 9:00 PM | Wednesday: 7:00 AM – 9:00 PM | Thursday: 7:00 AM – 9:00 PM | Friday: 7:00 AM – 9:00 PM | Saturday: 7:00 AM – 9:00 PM | Sunday: 7:00 AM – 9:00 PM,OPERATIONAL,Ahangama,cafe,cafe,Top,False
ChIJ7Q316CEV4ToRR2vkb_xfNCU,serendipity - coffee.eat.sleep.,"Thalduwa Road, Ahangama 80650, Sri Lanka",5.9716371,80.3760923,4.9,,,"cafe, establishment, food, point_of_interest",077 166 1891,http://www.serendipitylk.com/,Monday: 8:00 AM – 2:00 PM | Tuesday: 8:00 AM – 2:00 PM | Wednesday: 8:00 AM – 2:00 PM | Thursday: 8:00 AM – 2:00 PM | Friday: 8:00 AM – 2:00 PM | Saturday: 8:00 AM – 2:00 PM | Sunday: 8:00 AM – 2:00 PM,OPERATIONAL,Ahangama,cafe,cafe,Top,False
ChIJX5HgawAT4ToRpfRf86vsM4Q,Mr. Paan,"super market Ahangama සුපර් මාර්කට් අහංගම, A2, Ahangama, Sri Lanka",5.9732455,80.3617146,5.0,,,"cafe, establishment, food, point_of_interest, store",,,,OPERATIONAL,Ahangama,cafe,cafe,Top,False
ChIJt2e3EEQV4ToRUqgcr_LXi5Q,Samba Ahangama,"A2 Southern Bch Rd, Ahangama, Sri Lanka",5.968079599999999,80.3734503,4.8,,,"bar, cafe, establishment, food, lodging, point_of_interest, restaurant",077 335 3025,https://instagram.com/samba_ahangama?igshid=MzRlODBiNWFlZA==,Monday: 7:30 AM – 10:00 PM | Tuesday: 7:30 AM – 10:00 PM | Wednesday: 7:30 AM – 10:00 PM | Thursday: 7:30 AM – 10:00 PM | Friday: 7:30 AM – 10:00 PM | Saturday: 7:30 AM – 10:00 PM | Sunday: 7:30 AM – 10:00 PM,OPERATIONAL,Ahangama,cafe,cafe,Top,False
ChIJ1Y4f6aQV4ToRNWssJbVk1dY,Hungry Puppet Ahangama,"No29A Thappawatta,Aranwala, Ahangama 80650, Sri Lanka",5.9692542,80.3752722,4.9,,,"cafe, establishment, food, point_of_interest, restaurant",076 921 7621,https://hungrypuppet.com/,Monday: 8:00 AM – 11:00 PM | Tuesday: 8:00 AM – 11:00 PM | Wednesday: 8:00 AM – 11:00 PM | Thursday: 8:00 AM – 11:00 PM | Friday: 8:00 AM – 11:00 PM | Saturday: 8:00 AM – 11:00 PM | Sunday: 8:00 AM – 11:00 PM,OPERATIONAL,Ahangama,cafe,cafe,Top,False
ChIJuxAoNLgT4ToRk2m0YtXkzlU,Sandwich Spot,"Ahangama 80650, Sri Lanka",5.9732081,80.3611526,5.0,,,"cafe, establishment, food, point_of_interest",077 174 1299,https://www.instagram.com/sandwich_spot_ahangama/,"Monday: Closed | Tuesday: 8:00 AM – 1:00 PM, 5:00 PM – 1:00 AM | Wednesday: 8:00 AM – 1:00 PM, 5:00 PM – 1:00 AM | Thursday: 8:00 AM – 1:00 PM, 5:00 PM – 1:00 AM | Friday: 8:00 AM – 1:00 PM, 5:00 PM – 1:00 AM | Saturday: 8:00 AM – 1:00 PM, 5:00 PM – 1:00 AM | Sunday: Closed",OPERATIONAL,Ahangama,cafe,cafe,Top,False
ChIJ30q9adET4ToR5oSAehWi8Fk,Twin Fin Surf x Coffee,"ගාලු පාර, Ahangama 80650, Sri Lanka",5.973358,80.36049349999999,4.9,,,"cafe, clothing_store, establishment, food, point_of_interest, restaurant, store",076 118 7532,,Monday: 7:00 AM – 4:00 PM | Tuesday: 7:00 AM – 4:00 PM | Wednesday: 7:00 AM – 4:00 PM | Thursday: 7:00 AM – 4:00 PM | Friday: 7:00 AM – 4:00 PM | Saturday: 7:00 AM – 4:00 PM | Sunday: 7:00 AM – 4:00 PM,OPERATIONAL,Ahangama,cafe,cafe,Top,False
ChIJoUInqa0T4ToRj3sGiuTB3bU,Hakuna Matata,"Aranwala Junction, Matara Rd, Ahangama 80600, Sri Lanka",5.9669647,80.3748064,4.5,,,"bar, cafe, establishment, food, point_of_interest, restaurant",078 932 8328,,Monday: 11:00 AM – 11:00 PM | Tuesday: 11:00 AM – 11:00 PM | Wednesday: 11:00 AM – 11:00 PM | Thursday: 11:00 AM – 11:00 PM | Friday: 11:00 AM – 11:00 PM | Saturday: 11:00 AM – 11:00 PM | Sunday: 11:00 AM – 11:00 PM,OPERATIONAL,Ahangama,cafe,cafe,Top,False
ChIJpa3uj-MT4ToRiAI7nZPTrWo,Tea Avenue,"X9F5+GW, Ahangama 80650, Sri Lanka",5.973812499999999,80.35981249999999,1.0,,,"cafe, establishment, food, point_of_interest, restaurant, store",,https://www.tea-avenue.com/,,OPERATIONAL,Ahangama,cafe,cafe,Top,False
ChIJ4T0amp8T4ToRQGegQ0fU3yo,The Pink House,"X9G5+GRH, Ahangama 80650, Sri Lanka",5.9763125,80.3595625,4.9,,,"cafe, establishment, food, point_of_interest, restaurant",,https://www.thewell-srilanka.com/webinar-registration,Monday: Closed | Tuesday: 8:00 AM – 3:00 PM | Wednesday: 8:00 AM – 3:00 PM | Thursday: 8:00 AM – 3:00 PM | Friday: 8:00 AM – 3:00 PM | Saturday: 8:00 AM – 3:00 PM | Sunday: 8:00 AM – 3:00 PM,OPERATIONAL,Ahangama,cafe,cafe,Top,False
ChIJpUrKEAAT4ToRztEu7ugzKCQ,Bumba cafe,"Sri Visudhdharama road , Mahawaththa ,Aranwala, Ahangama, Sri Lanka",5.967736899999999,80.3764032,5.0,,,"cafe, establishment, food, point_of_interest",,,Monday: 8:00 AM – 11:00 PM | Tuesday: 8:00 AM – 11:00 PM | Wednesday: 8:00 AM – 11:00 PM | Thursday: 8:00 AM – 11:00 PM | Friday: 8:00 AM – 11:00 PM | Saturday: 8:00 AM – 11:00 PM | Sunday: 8:00 AM – 11:00 PM,OPERATIONAL,Ahangama,cafe,cafe,Top,False
ChIJ96Mwsbw_4ToRE5WfSZI7o8U,Squeeze Me,"Kaya collective, Ahangama, Sri Lanka",5.9667637,80.3753645,4.7,,,"cafe, establishment, food, point_of_interest, restaurant, store",077 732 0679,http://www.squeezeme.lk/,Monday: 8:00 AM – 6:00 PM | Tuesday: 8:00 AM – 6:00 PM | Wednesday: 8:00 AM – 6:00 PM | Thursday: 9:00 AM – 6:00 PM | Friday: 8:00 AM – 6:00 PM | Saturday: 8:00 AM – 6:00 PM | Sunday: 8:00 AM – 6:00 PM,OPERATIONAL,Ahangama,cafe,cafe,Top,False
ChIJ31XVBAAV4ToRHegjKc4V04U,Sunset coffee ahangama ☕️,"AH 43, Sri Lanka",5.9664209,80.3754763,5.0,,,"cafe, establishment, food, point_of_interest, store",,,,OPERATIONAL,Ahangama,cafe,cafe,Top,False
ChIJY-h0mAoV4ToR0sTHQYk45Eo,Yin Yang Ahangama,"Thalduwa, no 341/A Thalduwa Road, Ahangama 80650, Sri Lanka",5.9759324,80.3792874,4.8,,,"cafe, establishment, food, gym, health, point_of_interest, travel_agency",077 027 5639,https://www.instagram.com/yin_yang_ahangama/,,OPERATIONAL,Ahangama,cafe,cafe,Top,False
ChIJDcjm9kUT4ToRyXJt9M36JC0,The cake boxxx,"Follow the white rabbit, Matara Rd, Ahangama 80650, Sri Lanka",5.974677,80.35768159999999,4.7,,,"cafe, establishment, food, point_of_interest",077 310 0884,https://instagram.com/thecakeboxx_?igshid=MjEwN2IyYWYwYw==,Monday: 10:00 AM – 10:00 PM | Tuesday: 10:00 AM – 10:00 PM | Wednesday: 10:00 AM – 10:00 PM | Thursday: 10:00 AM – 10:00 PM | Friday: 10:00 AM – 10:00 PM | Saturday: 10:00 AM – 10:00 PM | Sunday: 10:00 AM – 10:00 PM,OPERATIONAL,Ahangama,cafe,cafe,Top,False
ChIJex8iYgAV4ToRNoOdf35CvIo,Hungry Balance Restaurant,"Thuduwa waththa, Thalduwa Road, Ahangama, Sri Lanka",5.978020799999999,80.38023629999999,5.0,,,"cafe, establishment, food, point_of_interest, restaurant",077 928 3509,,Monday: 9:00 AM – 10:00 PM | Tuesday: 9:00 AM – 10:00 PM | Wednesday: 9:00 AM – 10:00 PM | Thursday: 9:00 AM – 10:00 PM | Friday: 9:00 AM – 10:00 PM | Saturday: 9:00 AM – 10:00 PM | Sunday: 9:00 AM – 10:00 PM,OPERATIONAL,Ahangama,cafe,cafe,Top,False
ChIJBwcseUsV4ToRAWATcJuDezs,Lighthouse Ahangama Hotel,"Goviyapana, Ahangama, Sri Lanka",5.965881599999999,80.3770888,4.7,,,"bar, cafe, establishment, food, lodging, point_of_interest, restaurant, store",076 552 1242,http://www.lighthouseahangama.com/,,OPERATIONAL,Ahangama,cafe,cafe,Top,False
ChIJo4cGR_kT4ToRhIM6t8uibno,Follow The White Rabbit – Restaurant & Bar,"welikanda Matara Rd, Ahangama 80650, Sri Lanka",5.9745022,80.35753919999999,4.4,,,"bakery, bar, cafe, establishment, food, point_of_interest, restaurant, store",077 310 0884,https://www.tripadvisor.com/Restaurant_Review-g674590-d15856012-Reviews-Follow_The_White_Rabbit-Ahangama_Galle_District_Southern_Province.html?m=19905,Monday: 6:30 AM – 10:30 PM | Tuesday: 6:30 AM – 10:30 PM | Wednesday: 6:30 AM – 10:30 PM | Thursday: 6:30 AM – 10:30 PM | Friday: 6:30 AM – 10:00 PM | Saturday: 6:30 AM – 10:30 PM | Sunday: 6:30 AM – 10:30 PM,OPERATIONAL,Ahangama,cafe,cafe,Top,False
ChIJmfK-MwAV4ToRi2uZoy_x9b4,Mudra Herbal Spices and Tea Shop,"Thuduwa waththa, Ahangama 80650, Sri Lanka",5.978006499999999,80.3802856,4.9,,,"cafe, establishment, food, point_of_interest, store",077 928 3509,,Monday: 2:00 AM – 7:30 PM | Tuesday: 9:00 AM – 7:30 PM | Wednesday: 9:00 AM – 7:30 PM | Thursday: 9:00 AM – 7:30 PM | Friday: 9:00 AM – 7:30 PM | Saturday: 9:00 AM – 8:00 PM | Sunday: Closed,OPERATIONAL,Ahangama,cafe,cafe,Top,False
ChIJ2X9K05QT4ToRJKLjjbW8UZg,Latte Cafe Coffee House Ahangama,"Goviyapana, Ahangama 80650, Sri Lanka",5.970196899999999,80.3804156,5.0,,,"cafe, establishment, food, point_of_interest, store",077 845 3817,,Monday: 8:00 AM – 10:00 PM | Tuesday: 8:00 AM – 10:00 PM | Wednesday: 8:00 AM – 10:00 PM | Thursday: 8:00 AM – 10:00 PM | Friday: 8:00 AM – 10:00 PM | Saturday: 8:00 AM – 10:00 PM | Sunday: 8:00 AM – 10:00 PM,OPERATIONAL,Ahangama,cafe,cafe,Top,False
ChIJ44m89fcV4ToR1pXcRgKKsJM,Roaming Retreat Hostel & Villa,"Goviyapana, Jayasumanarama Rd, Ahangama 80650, Sri Lanka",5.9670526,80.3788799,4.9,,,"cafe, establishment, food, lodging, point_of_interest",076 766 2414,,,OPERATIONAL,Ahangama,cafe,cafe,Top,False
ChIJG1VKYAAT4ToRo2FKtt0FVY4,Life's Good Cafe,"Ticket To Ride Surf House, Matara Rd, Ahangama 80650, Sri Lanka",5.975291899999999,80.35682489999999,4.9,,,"cafe, establishment, food, point_of_interest",077 960 0516,,Monday: 9:00 AM – 3:00 PM | Tuesday: 9:00 AM – 3:00 PM | Wednesday: 9:00 AM – 3:00 PM | Thursday: 9:00 AM – 3:00 PM | Friday: 9:00 AM – 3:00 PM | Saturday: 9:00 AM – 3:00 PM | Sunday: 9:00 AM – 3:00 PM,OPERATIONAL,Ahangama,cafe,cafe,Top,False
ChIJf0H-eNAV4ToRVcr1-wmH--A,zupiri cafe - Ahangama,"No 5, Jayasumanarama road, Punchi palutagahawatta, Goviyapana, Ahangama 80650, Sri Lanka",5.966284099999999,80.3786741,,,,"cafe, establishment, food, point_of_interest",,,,OPERATIONAL,Ahangama,cafe,cafe,Top,False
ChIJDWjcQ9oV4ToRjH1WYQ2Ltfs,Sundays Cafe & Restaurant,"Eramudugaha Watta, Goviyapana, Ahangama 80650, Sri Lanka",5.965799,80.37829219999999,4.9,,,"cafe, establishment, food, point_of_interest, restaurant, store",076 263 3144,,Monday: 8:00 AM – 4:30 PM | Tuesday: 8:00 AM – 4:30 PM | Wednesday: 8:00 AM – 4:30 PM | Thursday: 8:00 AM – 4:30 PM | Friday: 8:00 AM – 4:30 PM | Saturday: 8:00 AM – 4:30 PM | Sunday: 8:00 AM – 4:30 PM,OPERATIONAL,Ahangama,cafe,cafe,Top,False
ChIJUePSrEVt4ToRjCgJo0M2CkM,WB Villa,"Uyana Bandarawatta, A2, Unawatuna, Sri Lanka",5.9948104,80.28879529999999,4.4,,,"establishment, food, lodging, point_of_interest, restaurant",077 787 8563,http://www.whybeach.com/,,OPERATIONAL,Talpe-Habaraduwa,restaurant,restaurant,Top,False
ChIJF13VrEVt4ToRW0nZoYbmNyc,JH beach steak et al,"Palatugaha junction, Talpe, Sri Lanka",5.9947013,80.2911839,4.9,,,"establishment, food, point_of_interest, restaurant",077 770 0352,http://www.jhvilla.com/,Monday: 6:00 – 11:00 PM | Tuesday: 6:00 – 11:00 PM | Wednesday: 6:00 – 11:00 PM | Thursday: 6:00 – 11:00 PM | Friday: 6:00 – 11:00 PM | Saturday: 6:00 – 11:00 PM | Sunday: 6:00 – 11:00 PM,OPERATIONAL,Talpe-Habaraduwa,restaurant,restaurant,Top,False
ChIJveMqLvJy4ToRtBWZc2lVpsE,Kat's Coffee,"Bakmegahawatta, 36/1 Temple Road, Talpe 80615, Sri Lanka",5.9975339,80.2859156,4.7,,2.0,"cafe, establishment, food, point_of_interest, restaurant",076 023 8495,https://www.katscoffee.com/,Monday: 9:00 AM – 5:00 PM | Tuesday: Closed | Wednesday: 9:00 AM – 5:00 PM | Thursday: 9:00 AM – 5:00 PM | Friday: 9:00 AM – 5:00 PM | Saturday: 9:00 AM – 5:00 PM | Sunday: 9:00 AM – 5:00 PM,OPERATIONAL,Talpe-Habaraduwa,restaurant,cafe,Top,False
ChIJsetEwKBy4ToRl7hjGss7RrI,Apa Villa,"X7XG+GCJ, Talpe, Sri Lanka",5.998148400000001,80.2759902,4.5,,,"establishment, food, lodging, point_of_interest, restaurant",077 002 4391,http://www.apavillathalpe.com/,Monday: Open 24 hours | Tuesday: Open 24 hours | Wednesday: Open 24 hours | Thursday: Open 24 hours | Friday: Open 24 hours | Saturday: Open 24 hours | Sunday: Open 24 hours,OPERATIONAL,Talpe-Habaraduwa,restaurant,restaurant,Top,False
ChIJ7XmXfDht4ToR_I4D4ueqt9M,Canolack restaurant and bar,"No: 10, Pilana Road, Habaraduwa Road, Habaraduwa, Sri Lanka",5.9947754,80.2996562,3.4,,,"establishment, food, point_of_interest, restaurant",077 917 8561,,,OPERATIONAL,Talpe-Habaraduwa,restaurant,restaurant,Top,False
ChIJTRNKl7Bt4ToR4JJNRZfb9Sg,Henwalla Juice Bar,"Uyanawatta, X7VQ+QHQ, A2, Talpe, Sri Lanka",5.9944544,80.28899539999999,4.5,,,"establishment, food, point_of_interest, restaurant",,,Monday: 9:00 AM – 5:00 PM | Tuesday: 9:00 AM – 5:00 PM | Wednesday: 9:00 AM – 5:00 PM | Thursday: 9:00 AM – 5:00 PM | Friday: 9:00 AM – 5:00 PM | Saturday: 9:00 AM – 5:00 PM | Sunday: 9:00 AM – 5:00 PM,OPERATIONAL,Talpe-Habaraduwa,restaurant,restaurant,Top,False
ChIJ00fxNABt4ToRk9wIq9RP3NY,Italian by WB,"X7VQ+WGJ, A2, Unawatuna, Sri Lanka",5.9948395,80.2887623,,,,"establishment, food, point_of_interest, restaurant",,,Monday: 12:00 – 10:00 PM | Tuesday: 12:00 – 10:00 PM | Wednesday: 12:00 – 10:00 PM | Thursday: 12:00 – 10:00 PM | Friday: 12:00 – 10:00 PM | Saturday: 12:00 – 10:00 PM | Sunday: 12:00 – 10:00 PM,OPERATIONAL,Talpe-Habaraduwa,restaurant,restaurant,Top,False
ChIJyTszNVtt4ToRUslLn00gXXI,Anara villa Roof Top open Restaurant,"595 uyanawatta, තල්පෙ 80000, Sri Lanka",5.995351299999999,80.2887319,4.0,,,"establishment, food, point_of_interest, restaurant",077 307 7578,,Monday: 7:00 AM – 8:00 PM | Tuesday: 7:00 AM – 8:00 PM | Wednesday: 7:00 AM – 8:00 PM | Thursday: 7:00 AM – 8:00 PM | Friday: 7:00 AM – 8:00 PM | Saturday: 7:00 AM – 8:00 PM | Sunday: 7:00 AM – 8:00 PM,OPERATIONAL,Talpe-Habaraduwa,restaurant,restaurant,Top,False
ChIJDyebHV5t4ToR9HFv-adYMqg,Grill & Chill Restaurant,"Matara Rd, Talpe 80360, Sri Lanka",5.9959614,80.28756159999999,4.8,,,"establishment, food, point_of_interest, restaurant",077 618 1007,,Monday: 8:00 AM – 10:00 PM | Tuesday: 8:00 AM – 10:00 PM | Wednesday: 8:00 AM – 10:00 PM | Thursday: 8:00 AM – 10:00 PM | Friday: 8:00 AM – 10:00 PM | Saturday: 8:00 AM – 10:00 PM | Sunday: 8:00 AM – 10:00 PM,OPERATIONAL,Talpe-Habaraduwa,restaurant,restaurant,Top,False
ChIJPfD8p4pt4ToRpjzmcAvNYuw,The Ceylon beach saefood resturant,"Uyanawaththa, Talpe 80230, Sri Lanka",5.9954069,80.2887451,5.0,,,"establishment, food, point_of_interest, restaurant",074 328 3651,,Monday: 10:00 AM – 11:00 PM | Tuesday: 10:00 AM – 11:00 PM | Wednesday: 10:00 AM – 11:00 PM | Thursday: 10:00 AM – 11:00 PM | Friday: 10:30 AM – 11:00 PM | Saturday: 10:00 AM – 11:00 PM | Sunday: 10:00 AM – 11:00 PM,OPERATIONAL,Talpe-Habaraduwa,restaurant,restaurant,Top,False
ChIJ6c8IFpdt4ToRCoqGNgi5Onk,Turtle Beach restaurant,"Palutagaha Junction, Talpe, Sri Lanka",5.9947469,80.291378,4.8,,,"establishment, food, point_of_interest, restaurant",076 408 4721,,Monday: 8:00 AM – 10:00 PM | Tuesday: 8:00 AM – 10:00 PM | Wednesday: 8:00 AM – 10:00 PM | Thursday: 8:00 AM – 10:00 PM | Friday: 8:00 AM – 10:00 PM | Saturday: 8:00 AM – 10:00 PM | Sunday: 8:00 AM – 10:00 PM,OPERATIONAL,Talpe-Habaraduwa,restaurant,restaurant,Top,False
ChIJt0FgnNht4ToRzJmV5KuRx_0,Ceylon Sun Garden,"495/A Paluthagha junction, Talpe 80000, Sri Lanka",5.9950399,80.29121959999999,5.0,,,"establishment, food, lodging, point_of_interest, restaurant",077 947 9004,,Monday: 8:00 AM – 10:00 PM | Tuesday: 8:00 AM – 10:00 PM | Wednesday: 8:00 AM – 10:00 PM | Thursday: 8:00 AM – 10:00 PM | Friday: 8:00 AM – 10:00 PM | Saturday: 8:00 AM – 10:00 PM | Sunday: 8:00 AM – 10:00 PM,OPERATIONAL,Talpe-Habaraduwa,restaurant,restaurant,Top,False
ChIJn68HCflt4ToRSPrrkt2qR9c,The Angara - Green View Restaurant,"Palutagaha, Talpe 80615, Sri Lanka",5.995862499999999,80.2907031,5.0,,,"establishment, food, point_of_interest, restaurant",070 572 8645,,Monday: 4:00 – 10:00 PM | Tuesday: 4:00 – 10:00 PM | Wednesday: 4:00 – 10:00 PM | Thursday: 4:00 – 10:00 PM | Friday: 4:00 – 10:00 PM | Saturday: 4:00 – 10:00 PM | Sunday: 4:00 – 10:00 PM,OPERATIONAL,Talpe-Habaraduwa,restaurant,restaurant,Top,False
ChIJ8b_ZWgBt4ToR0DYR3UhjZ34,Oneida Beach Restaurant (O B R),"949, AH 43, Talpe, Sri Lanka",5.9948311,80.29178569999999,4.9,,,"establishment, food, point_of_interest, restaurant",077 577 5448,,Monday: 9:00 AM – 11:30 PM | Tuesday: 9:00 AM – 11:30 PM | Wednesday: 9:00 AM – 11:30 PM | Thursday: 9:00 AM – 11:30 PM | Friday: 9:00 AM – 11:30 PM | Saturday: 9:00 AM – 11:30 PM | Sunday: 9:00 AM – 11:30 PM,OPERATIONAL,Talpe-Habaraduwa,restaurant,restaurant,Top,False
ChIJ0Uh7uyxt4ToRN_kqA2jltF0,Secret Waves Seafood Restaurant - Dickwella,"12 Matara Rd, Dikwella 81200, Sri Lanka",5.9969379,80.28142509999999,5.0,,,"establishment, food, point_of_interest, restaurant",077 326 2886,,Monday: 8:00 AM – 12:00 AM | Tuesday: 8:00 AM – 12:00 AM | Wednesday: 8:00 AM – 12:00 AM | Thursday: 8:00 AM – 12:00 AM | Friday: 8:00 AM – 12:00 AM | Saturday: 8:00 AM – 12:00 AM | Sunday: 8:00 AM – 12:00 AM,OPERATIONAL,Talpe-Habaraduwa,restaurant,restaurant,Top,False
ChIJ4UjrxVFy4ToRfdUg3QYYLVI,Orchid Restaurant,"No 532/2 Matara Rd, මාතර, Sri Lanka",5.9969379,80.28142509999999,,,,"establishment, food, point_of_interest, restaurant",,,,OPERATIONAL,Talpe-Habaraduwa,restaurant,restaurant,Top,False
ChIJ2-Yz9k5t4ToRCGTU1dfX3c8,Noa Sands Talpe By Ceylon Vistas,"Talpe Railway Junction Matara, Galle Road, Talpe 80615, Sri Lanka",5.9970335,80.28071039999999,4.6,,,"bar, establishment, food, point_of_interest, restaurant",077 759 8383,https://noasands.com/,Monday: 9:00 AM – 11:30 PM | Tuesday: 9:00 AM – 11:30 PM | Wednesday: 9:00 AM – 11:30 PM | Thursday: 9:00 AM – 11:30 PM | Friday: 9:00 AM – 11:30 PM | Saturday: 9:00 AM – 11:30 PM | Sunday: 9:00 AM – 11:30 PM,OPERATIONAL,Talpe-Habaraduwa,restaurant,bar,Top,False
ChIJOYUMicZt4ToRhM5krGr2Yww,18 Sanniya,"928/1 Talpe railway Junction Matara Galle Road Heenatigale South, Talpe, Sri Lanka",5.9971982,80.2803079,4.8,,,"establishment, food, point_of_interest, restaurant",,,,OPERATIONAL,Talpe-Habaraduwa,restaurant,restaurant,Top,False
ChIJCRjsn45t4ToRSUkRiH7Jx2I,Post 127 by The Southern Heritage,"10 Palutagaha Road, Talpe 80630, Sri Lanka",5.996578,80.29203079999999,4.8,,,"cafe, establishment, food, point_of_interest, restaurant",077 464 8382,,Monday: 9:00 AM – 11:00 PM | Tuesday: 9:00 AM – 11:00 PM | Wednesday: 9:00 AM – 11:00 PM | Thursday: 9:00 AM – 11:00 PM | Friday: 9:00 AM – 11:00 PM | Saturday: 9:00 AM – 11:00 PM | Sunday: 9:00 AM – 11:00 PM,OPERATIONAL,Talpe-Habaraduwa,restaurant,cafe,Top,False
ChIJhQ91zWtt4ToRfbDDZ3sspzs,Sri Lanka food take away + art studio,"Talpe, Sri Lanka",5.9973871,80.28012149999999,4.8,,,"establishment, food, point_of_interest, restaurant",,,Monday: 8:00 AM – 3:00 PM | Tuesday: 8:00 AM – 3:00 PM | Wednesday: 8:00 AM – 3:00 PM | Thursday: 8:00 AM – 3:00 PM | Friday: 8:00 AM – 3:00 PM | Saturday: 8:00 AM – 3:00 PM | Sunday: 8:00 AM – 3:00 PM,OPERATIONAL,Talpe-Habaraduwa,restaurant,restaurant,Top,False
ChIJeT--ly5t4ToRbWAQynhGoV0,Krishan Sri Lankan Food,"X7WJ+X2H, Talpe, Sri Lanka",5.9974532,80.2801272,,,,"establishment, food, point_of_interest, restaurant",077 511 0322,,,OPERATIONAL,Talpe-Habaraduwa,restaurant,restaurant,Top,False
ChIJzVcTJERt4ToRlW8kkTwBRAM,Chilli 78,"78 post Matara Rd, Talpe 80000, Sri Lanka",5.9974568,80.27994580000001,2.0,,,"establishment, food, point_of_interest, restaurant",076 969 2984,,,OPERATIONAL,Talpe-Habaraduwa,restaurant,restaurant,Top,False
ChIJ53_e115t4ToRp8o7XXA5LIk,Diyawara Family Food & Roti Shop,"78 post, Matara Rd., Talpe 80000, Sri Lanka",5.9974748,80.2799055,2.8,,,"establishment, food, point_of_interest, restaurant",077 464 7664,,Monday: 8:30 AM – 10:00 PM | Tuesday: 8:30 AM – 10:00 PM | Wednesday: 8:30 AM – 10:00 PM | Thursday: 8:30 AM – 10:00 PM | Friday: 8:30 AM – 10:00 PM | Saturday: 8:30 AM – 10:00 PM | Sunday: 8:30 AM – 10:00 PM,OPERATIONAL,Talpe-Habaraduwa,restaurant,restaurant,Top,False
ChIJv83uYx1t4ToRMI5GZz5Av8E,Shanti Shanti,"Near Railway Station, Matara Rd, Talpe 80651, Sri Lanka",5.9973518,80.2794377,4.7,,,"bar, establishment, food, point_of_interest, restaurant",070 150 4749,,Monday: 11:00 AM – 10:00 PM | Tuesday: 11:00 AM – 10:00 PM | Wednesday: 11:00 AM – 11:00 PM | Thursday: 11:00 AM – 10:00 PM | Friday: 11:00 AM – 10:00 PM | Saturday: 11:00 AM – 10:00 PM | Sunday: 11:00 AM – 10:00 PM,OPERATIONAL,Talpe-Habaraduwa,restaurant,bar,Top,False
ChIJHXoJSF9t4ToRVKspz7hrXUc,Madeesha Restaurant,"Talpe, Sri Lanka",5.997718799999999,80.2780633,5.0,,,"establishment, food, point_of_interest, restaurant",,,,OPERATIONAL,Talpe-Habaraduwa,restaurant,restaurant,Top,False
ChIJ4Rg4p59t4ToRSC8HuN6mZYE,Sea brew beach restaurant,"Matara Rd, Talpe 80615, Sri Lanka",5.994256699999999,80.29598879999999,5.0,,,"establishment, food, point_of_interest, restaurant",070 511 1488,,Monday: 8:00 AM – 10:00 PM | Tuesday: 8:00 AM – 10:00 PM | Wednesday: 8:00 AM – 10:00 PM | Thursday: 8:00 AM – 10:00 PM | Friday: 8:00 AM – 10:00 PM | Saturday: 8:00 AM – 10:00 PM | Sunday: 8:00 AM – 10:00 PM,OPERATIONAL,Talpe-Habaraduwa,restaurant,restaurant,Top,False
ChIJ6Y2aYABt4ToRWB69-_lsMuo,Happy coconut beach Restaurant,"AH 43, Sri Lanka",5.994262099999999,80.2961929,4.6,,,"establishment, food, point_of_interest, restaurant",074 231 5932,,Monday: 9:00 AM – 12:00 AM | Tuesday: 9:00 AM – 12:00 AM | Wednesday: 9:00 AM – 12:00 AM | Thursday: 9:00 AM – 12:00 AM | Friday: 9:00 AM – 12:00 AM | Saturday: 9:00 AM – 12:00 AM | Sunday: 9:00 AM – 12:00 AM,OPERATIONAL,Talpe-Habaraduwa,restaurant,restaurant,Top,False
ChIJVdcWAD5z4ToR-lxNArT8KfA,Gami Gedara Restaurant,"No.78 Lansiya waththa, Talpe, Sri Lanka",5.9983207,80.2761003,,,,"establishment, food, point_of_interest, restaurant",077 102 9652,,Monday: Open 24 hours | Tuesday: Open 24 hours | Wednesday: Open 24 hours | Thursday: Open 24 hours | Friday: Open 24 hours | Saturday: Open 24 hours | Sunday: Open 24 hours,OPERATIONAL,Talpe-Habaraduwa,restaurant,restaurant,Top,False
ChIJ-UrLItJz4ToRcmIosQWVpjk,Rangana Hotel,"No 846/B, Matara Road Thalpe, Unawatuna 80600, Sri Lanka",5.9982444,80.27571669999999,4.4,,,"establishment, food, point_of_interest, restaurant",077 915 7262,,,OPERATIONAL,Talpe-Habaraduwa,restaurant,restaurant,Top,False
ChIJ1Y_YawBt4ToRTTCw3OqxzVM,Tuna Beach Club,"Hadiwatta Junction, Habaraduwa 80630, Sri Lanka",5.9939307,80.2984209,5.0,,,"establishment, food, point_of_interest, restaurant",077 138 9726,https://tunabeachclub.nexo.menu/,Monday: 11:00 AM – 11:00 PM | Tuesday: 11:00 AM – 11:00 PM | Wednesday: 11:00 AM – 11:00 PM | Thursday: 11:00 AM – 11:00 PM | Friday: 11:00 AM – 11:00 PM | Saturday: 11:00 AM – 11:00 PM | Sunday: 11:00 AM – 11:00 PM,OPERATIONAL,Talpe-Habaraduwa,restaurant,restaurant,Top,False
ChIJTyGNRMpz4ToRHFADtM8GzIc,Persian Kitchen (BBQ),"No 637 Lansiya watta, තල්පෙ 80615, Sri Lanka",5.9987707,80.27452840000001,4.8,,,"establishment, food, point_of_interest, restaurant",077 766 0045,https://persiankitchen.menu/,Monday: 12:30 – 8:00 PM | Tuesday: 12:30 – 8:00 PM | Wednesday: Closed | Thursday: 12:30 – 8:00 PM | Friday: 12:30 – 8:00 PM | Saturday: 12:30 – 8:00 PM | Sunday: 12:30 – 8:00 PM,OPERATIONAL,Talpe-Habaraduwa,restaurant,restaurant,Top,False
ChIJB449awBt4ToR9l48-mkCHJU,Funnycook Restaurant,"Habaraduwa Road, Sri Lanka",6.003311,80.29312449999999,4.4,,,"establishment, food, point_of_interest, restaurant",077 618 4577,,Monday: Open 24 hours | Tuesday: Open 24 hours | Wednesday: Open 24 hours | Thursday: Open 24 hours | Friday: Open 24 hours | Saturday: Open 24 hours | Sunday: Open 24 hours,OPERATIONAL,Talpe-Habaraduwa,restaurant,restaurant,Top,False
ChIJ3dDCLppt4ToRo-oZyoFR4MQ,The FOOD CART by Jani,"Hadiwaththa junction, Habaraduwa, Sri Lanka",5.9943181,80.30043320000001,4.7,,,"establishment, food, point_of_interest, restaurant",075 555 5424,,Monday: 1:00 – 6:30 PM | Tuesday: Closed | Wednesday: 12:00 – 10:00 PM | Thursday: 11:00 AM – 10:00 PM | Friday: 11:00 AM – 10:30 PM | Saturday: 11:30 AM – 10:30 PM | Sunday: 1:00 – 10:00 PM,OPERATIONAL,Talpe-Habaraduwa,restaurant,restaurant,Top,False
ChIJXezdFmZt4ToRcq4S-zQHI24,Chai Cafe,"A2 Matara Road, Hadiwaththa, Habaraduwa 80630, Sri Lanka",5.9942698,80.3007513,5.0,,,"establishment, food, point_of_interest, restaurant",070 250 1124,,Monday: 8:00 AM – 10:30 PM | Tuesday: 8:00 AM – 10:30 PM | Wednesday: 8:00 AM – 10:30 PM | Thursday: 8:00 AM – 10:30 PM | Friday: 8:00 AM – 10:30 PM | Saturday: 8:00 AM – 10:30 PM | Sunday: 8:00 AM – 10:30 PM,OPERATIONAL,Talpe-Habaraduwa,restaurant,restaurant,Top,False
ChIJrcNsbic34ToR3YHiRN6JmKQ,KK Beach Galle,"Habaraduwa 80630, Sri Lanka",5.9939467,80.30158,4.6,,,"establishment, food, lodging, point_of_interest, restaurant",077 203 5555,https://www.kkcollection.com/kk-beach?utm_source=google&utm_medium=organic&utm_campaign=KKBeach&utm_term=gbp,Monday: Open 24 hours | Tuesday: Open 24 hours | Wednesday: Open 24 hours | Thursday: Open 24 hours | Friday: Open 24 hours | Saturday: Open 24 hours | Sunday: Open 24 hours,OPERATIONAL,Talpe-Habaraduwa,restaurant,restaurant,Top,False
ChIJ5091yCxz4ToR0d9kuS5Ibso,The Runcible Spoon Restaurant,"788 Matara Rd, Talpe, Sri Lanka",5.9985656,80.2715197,4.2,,,"establishment, food, point_of_interest, restaurant",077 724 0077,https://www.otphotel.com/eat/,Monday: 7:30 AM – 11:00 PM | Tuesday: 7:30 AM – 11:00 PM | Wednesday: 7:30 AM – 11:00 PM | Thursday: 7:30 AM – 11:00 PM | Friday: 7:30 AM – 11:00 PM | Saturday: 7:30 AM – 11:00 PM | Sunday: 7:30 AM – 11:00 PM,OPERATIONAL,Talpe-Habaraduwa,restaurant,restaurant,Top,False
ChIJRckmv6dt4ToRrS0gOrClzvY,Serenity Boutique Unawatuna - Hotel & Restaurant,"Hageduwawatta, Talpe 80000, Sri Lanka",6.0074729,80.2865442,4.4,,,"bar, establishment, food, lodging, point_of_interest, restaurant",077 713 6681,,,OPERATIONAL,Talpe-Habaraduwa,restaurant,bar,Top,False
ChIJ6SXX_01t4ToRTdspcHNyxlY,Serenity Boutique Restaurant (Special Sri Lankan Rice And Curry Daily),"Hageduwawatta, Talpe 80000, Sri Lanka",6.0075514,80.2865593,4.4,,,"bar, establishment, food, lodging, point_of_interest, restaurant",077 713 6681,,Monday: 8:00 AM – 7:00 PM | Tuesday: 8:00 AM – 7:00 PM | Wednesday: 8:00 AM – 7:00 PM | Thursday: 8:00 AM – 7:00 PM | Friday: 8:00 AM – 7:00 PM | Saturday: 8:00 AM – 7:00 PM | Sunday: 8:00 AM – 7:00 PM,OPERATIONAL,Talpe-Habaraduwa,restaurant,bar,Top,False
ChIJr6dnEzhz4ToRRkekWZsGgZY,Thotupola Cafe,"Matara Rd, Unawatuna, Sri Lanka",5.9991536,80.2694188,4.7,,,"establishment, food, point_of_interest, restaurant",,,Monday: 9:00 AM – 9:00 PM | Tuesday: 9:00 AM – 9:00 PM | Wednesday: 9:00 AM – 9:00 PM | Thursday: 9:00 AM – 9:00 PM | Friday: 9:00 AM – 9:00 PM | Saturday: 9:00 AM – 9:00 PM | Sunday: 9:00 AM – 9:00 PM,OPERATIONAL,Talpe-Habaraduwa,restaurant,restaurant,Top,False
ChIJsa9jUQBz4ToR5rnbtAgv15g,King and Queen,"273F+XJG King and queen, Talpe, Sri Lanka",6.0049342,80.2740747,,,,"establishment, food, point_of_interest, restaurant",,,,OPERATIONAL,Talpe-Habaraduwa,restaurant,restaurant,Top,False
ChIJr7H3-uxz4ToRJM2MbWB0ZL0,King and Queen Cantina Talpe,"paragan village, no.11, Talpe 80615, Sri Lanka",6.0049072,80.27398319999999,4.6,,,"establishment, food, point_of_interest, restaurant",077 543 5890,,Monday: 10:00 AM – 10:00 PM | Tuesday: 10:00 AM – 10:00 PM | Wednesday: 10:00 AM – 10:00 PM | Thursday: 10:00 AM – 10:00 PM | Friday: 10:00 AM – 10:00 PM | Saturday: 10:00 AM – 10:00 PM | Sunday: 10:00 AM – 10:00 PM,OPERATIONAL,Talpe-Habaraduwa,restaurant,restaurant,Top,False
ChIJoSN5enVz4ToR-io8_fEXNmY,A Bar in Una,"449 Matara Rd, Talpe 80615, Sri Lanka",5.9995371,80.2691806,4.3,,,"bar, establishment, food, point_of_interest, restaurant",077 429 7940,,Monday: 9:00 AM – 10:00 PM | Tuesday: 9:00 AM – 10:00 PM | Wednesday: 9:00 AM – 10:00 PM | Thursday: 9:00 AM – 10:00 PM | Friday: 9:00 AM – 10:00 PM | Saturday: 9:00 AM – 10:00 PM | Sunday: 9:00 AM – 10:00 PM,OPERATIONAL,Talpe-Habaraduwa,restaurant,bar,Top,False
ChIJmwMCLwBz4ToRPDTl4t5BtFY,Fairy Beach Cafe,"Mihiripenna, Unawatuna 80600, Sri Lanka",5.999528,80.26880039999999,5.0,,,"establishment, food, point_of_interest, restaurant",071 811 8640,,Monday: 8:00 AM – 10:00 PM | Tuesday: 8:00 AM – 10:00 PM | Wednesday: 8:00 AM – 10:00 PM | Thursday: 8:00 AM – 10:00 PM | Friday: 8:00 AM – 10:00 PM | Saturday: 8:00 AM – 10:00 PM | Sunday: Closed,OPERATIONAL,Talpe-Habaraduwa,restaurant,restaurant,Top,False
ChIJ0yblV7tt4ToRJIv3XW7zeAM,Police Inspectors' Mess Galle,"X8V4+F26, Matara Rd, Habaraduwa, Sri Lanka",5.993651799999999,80.30500359999999,4.6,,,"establishment, food, point_of_interest, restaurant",,,"Monday: 11:00 AM – 2:00 PM, 5:00 – 11:00 PM | Tuesday: 11:00 AM – 2:00 PM, 5:00 – 11:00 PM | Wednesday: 11:00 AM – 2:00 PM, 5:00 – 11:00 PM | Thursday: 11:00 AM – 2:00 PM, 5:00 – 11:00 PM | Friday: 11:00 AM – 2:00 PM, 5:00 – 11:00 PM | Saturday: 11:00 AM – 2:00 PM, 5:00 – 11:00 PM | Sunday: 11:00 AM – 2:00 PM, 5:00 – 11:00 PM",OPERATIONAL,Talpe-Habaraduwa,restaurant,restaurant,Top,False
ChIJrdTit11t4ToR0xyQplCdarI,"The Dutch, Restaurant and Lounge by Tabula Rasa Resort & Spa","Polkanda Rd, Habaraduwa 80630, Sri Lanka",6.000388,80.3030239,5.0,,,"establishment, food, point_of_interest, restaurant",076 096 2390,https://www.tabularasaresort.com/dining/the-dutch-restaurant,Monday: 12:00 – 10:00 PM | Tuesday: 12:00 – 10:00 PM | Wednesday: 12:00 – 10:00 PM | Thursday: 12:00 – 10:00 PM | Friday: 12:00 – 10:00 PM | Saturday: 12:00 – 10:00 PM | Sunday: 12:00 – 10:00 PM,OPERATIONAL,Talpe-Habaraduwa,restaurant,restaurant,Top,False
ChIJt1KyJDpt4ToRnjAwc7ETpEQ,Nina's Restorant,"X8V4+J42, Habaraduwa, Sri Lanka",5.994022,80.3052799,4.7,,,"establishment, food, point_of_interest, restaurant",,,,OPERATIONAL,Talpe-Habaraduwa,restaurant,restaurant,Top,False
ChIJeUR6qPdz4ToRR62e1psf1qE,Cloud Coffee Experience,"Mihiripenna, Galle 80000, Sri Lanka",5.9996253,80.26816409999999,5.0,,,"establishment, food, point_of_interest, restaurant",076 561 9427,,Monday: Open 24 hours | Tuesday: Open 24 hours | Wednesday: Open 24 hours | Thursday: Open 24 hours | Friday: Open 24 hours | Saturday: Open 24 hours | Sunday: Open 24 hours,OPERATIONAL,Talpe-Habaraduwa,restaurant,restaurant,Top,False
ChIJxbRJVaJy4ToRW-CKr3fmaUU,Vira Beach restaurant,"X7X9+V7C, Talpe, Sri Lanka",5.999693499999999,80.26813299999999,3.8,,,"establishment, food, point_of_interest, restaurant",,,Monday: 8:00 AM – 10:00 PM | Tuesday: 8:00 AM – 10:00 PM | Wednesday: 8:00 AM – 10:00 PM | Thursday: 8:00 AM – 10:00 PM | Friday: 8:00 AM – 10:00 PM | Saturday: 8:00 AM – 10:00 PM | Sunday: 8:00 AM – 10:00 PM,OPERATIONAL,Talpe-Habaraduwa,restaurant,restaurant,Top,False
ChIJPZ1lfF5t4ToRzgY8lpnk-ag,Anula Tea Room,"272J+2P8, Talpe, Sri Lanka",6.0000307,80.2818243,2.7,,,"cafe, establishment, food, point_of_interest",077 611 9128,,Monday: 9:00 AM – 7:30 PM | Tuesday: 9:00 AM – 7:30 PM | Wednesday: 9:00 AM – 7:30 PM | Thursday: 9:00 AM – 7:30 PM | Friday: 9:00 AM – 7:30 PM | Saturday: 9:00 AM – 7:30 PM | Sunday: 9:00 AM – 7:30 PM,OPERATIONAL,Talpe-Habaraduwa,cafe,cafe,Top,False
ChIJiXHdcwBz4ToRNkll_8vSgwQ,VA Ceylon Coffee Shop,"X7X8+XC5, Unawatuna, Sri Lanka",5.9998518,80.26607849999999,4.9,,,"cafe, establishment, food, point_of_interest, store",,,Monday: 8:30 AM – 6:30 PM | Tuesday: 8:30 AM – 6:30 PM | Wednesday: 8:30 AM – 5:30 PM | Thursday: 8:30 AM – 5:30 PM | Friday: 8:30 AM – 6:30 PM | Saturday: 8:30 AM – 6:30 PM | Sunday: 8:30 AM – 6:30 PM,OPERATIONAL,Talpe-Habaraduwa,cafe,cafe,Top,False
ChIJ2dMvsL1t4ToRTzTSVqPRfHI,Dream cafe habaraduwa,"Damwalkoratuwa, Habaraduwa 80630, Sri Lanka",6.00087,80.3075985,4.1,,,"cafe, establishment, food, point_of_interest",076 233 2959,,Monday: 10:00 AM – 8:00 PM | Tuesday: 10:00 AM – 8:00 PM | Wednesday: 10:00 AM – 8:00 PM | Thursday: 10:00 AM – 8:00 PM | Friday: 10:00 AM – 7:00 PM | Saturday: 10:00 AM – 8:00 PM | Sunday: 10:00 AM – 8:00 PM,OPERATIONAL,Talpe-Habaraduwa,cafe,cafe,Top,False
ChIJg6wHawBt4ToRoKRIWHpwJqs,IMASHA house,"Punchi pittaniya vaththa, 277W+2VQ lanumodara, Habaraduwa, Sri Lanka",6.012592499999999,80.2972363,,,,"cafe, establishment, food, point_of_interest, store",,,,OPERATIONAL,Talpe-Habaraduwa,cafe,cafe,Top,False
ChIJtcUCWX1x4ToR7MOvC1N6KF0,Sahana Restaurant,"56A Hirimbura Cross Rd, Galle 80000, Sri Lanka",6.064157799999999,80.22194379999999,4.1,,,"establishment, food, point_of_interest, restaurant",0912 222 192,https://www.facebook.com/sahanagalle,Monday: 6:30 AM – 8:30 PM | Tuesday: 6:30 AM – 8:30 PM | Wednesday: 6:30 AM – 8:30 PM | Thursday: 6:30 AM – 8:30 PM | Friday: 6:30 AM – 8:30 PM | Saturday: 6:30 AM – 8:30 PM | Sunday: 6:30 AM – 8:30 PM,OPERATIONAL,Galle Town Centre,restaurant,restaurant,Top,False
ChIJ76LpSHxx4ToRukqXL-EAGq4,Rasa Risi Bojuna,"368F+RWX, Hirimbura Rd, Galle 80000, Sri Lanka",6.0671246,80.2248582,5.0,,2.0,"establishment, food, point_of_interest, restaurant",0914 944 299,http://pereraandsons.com/,Monday: 10:00 AM – 9:30 PM | Tuesday: 10:00 AM – 9:30 PM | Wednesday: 10:00 AM – 9:30 PM | Thursday: 10:00 AM – 9:30 PM | Friday: 10:00 AM – 9:30 PM | Saturday: 10:00 AM – 9:30 PM | Sunday: 10:00 AM – 9:30 PM,OPERATIONAL,Galle Town Centre,restaurant,restaurant,Top,False
ChIJZ5ZjkX5x4ToRHwv4UZccxkQ,P&S (Perera & Sons) - Karapitiya,"598 Hirimbura Rd, Galle 80000, Sri Lanka",6.0675754,80.227583,4.1,,2.0,"bakery, cafe, establishment, food, meal_takeaway, point_of_interest, restaurant, store",0914 944 299,https://pereraandsons.com/,Monday: 6:00 AM – 7:00 PM | Tuesday: 6:00 AM – 7:00 PM | Wednesday: 6:00 AM – 7:00 PM | Thursday: 6:00 AM – 7:00 PM | Friday: 6:00 AM – 7:00 PM | Saturday: 6:00 AM – 7:00 PM | Sunday: 6:00 AM – 7:00 PM,OPERATIONAL,Galle Town Centre,restaurant,cafe,Top,False
ChIJsQwO1jVy4ToRSX1O-4Zh2Bs,Friendship Villa,"88/5 B2, Sri Subadrarama Road,Thenkallagoda, Galle 80000, Sri Lanka",6.0456509,80.2377049,4.6,,,"establishment, food, lodging, park, point_of_interest, restaurant",077 970 6861,,Monday: Open 24 hours | Tuesday: Open 24 hours | Wednesday: Open 24 hours | Thursday: Open 24 hours | Friday: Open 24 hours | Saturday: Open 24 hours | Sunday: Open 24 hours,OPERATIONAL,Galle Town Centre,restaurant,restaurant,Top,False
ChIJy5-yXzBy4ToRuqVWOIlEOq0,Hotel Hillside Galle,"No:46, Springfield Garden, D.Samson Rajapaksha Mw, Haliwala Rd, Galle 80000, Sri Lanka",6.0517208,80.24140670000001,3.5,,,"establishment, food, lodging, point_of_interest, restaurant",0917 213 141,https://www.oyorooms.com/85606,Monday: Open 24 hours | Tuesday: Open 24 hours | Wednesday: Open 24 hours | Thursday: Open 24 hours | Friday: Open 24 hours | Saturday: Open 24 hours | Sunday: Open 24 hours,OPERATIONAL,Galle Town Centre,restaurant,restaurant,Top,False
ChIJCUnbAEZz4ToRWgReJ_GLFxw,KN spicy,"28A 1upper Disson Road, Galle 80000, Sri Lanka",6.0535019,80.2209737,,,,"establishment, food, grocery_or_supermarket, point_of_interest, restaurant, store",074 108 2298,,Monday: 9:00 AM – 5:00 PM | Tuesday: 9:00 AM – 5:00 PM | Wednesday: 9:00 AM – 5:00 PM | Thursday: 9:00 AM – 5:00 PM | Friday: 9:00 AM – 5:00 PM | Saturday: 9:00 AM – 5:00 PM | Sunday: 9:00 AM – 5:00 PM,OPERATIONAL,Galle Town Centre,restaurant,restaurant,Top,False
ChIJLbQMHZpz4ToRCW4kB3_e9Nw,ILYAS hotel,"363C+C94, Galle 80000, Sri Lanka",6.053503699999999,80.22096549999999,5.0,,,"establishment, food, point_of_interest, restaurant",,,Monday: 5:00 AM – 10:00 PM | Tuesday: 5:00 AM – 10:00 PM | Wednesday: 5:00 AM – 10:00 PM | Thursday: 5:00 AM – 10:00 PM | Friday: 5:00 AM – 10:00 PM | Saturday: 5:00 AM – 10:00 PM | Sunday: 5:00 AM – 10:00 PM,OPERATIONAL,Galle Town Centre,restaurant,restaurant,Top,False
ChIJVVVVVcVz4ToRa2zvc8Klw-o,Cheff lady chinese restaurant,"No:92/B,sandagiripura,punchi akurugoda,Thissamaharama, Galle 80000, Sri Lanka",6.053503699999999,80.22096549999999,5.0,,,"establishment, food, point_of_interest, restaurant",077 109 9588,,Monday: 8:00 AM – 11:00 PM | Tuesday: 8:00 AM – 11:00 PM | Wednesday: 8:00 AM – 11:00 PM | Thursday: 8:00 AM – 11:00 PM | Friday: 8:00 AM – 11:00 PM | Saturday: 8:00 AM – 11:00 PM | Sunday: 8:00 AM – 11:00 PM,OPERATIONAL,Galle Town Centre,restaurant,restaurant,Top,False
ChIJ8anNaVRz4ToRtyIa1GPykfQ,RIO Ice Cream,"363C+C94 RIO Ice Cream II, Galle 80000, Sri Lanka",6.053503699999999,80.22096549999999,4.6,,,"establishment, food, point_of_interest, restaurant",,,,OPERATIONAL,Galle Town Centre,restaurant,restaurant,Top,False
ChIJy5w5laJz4ToR4zgZh3ZlTbI,Kaveesha Keshan,"363C+C94, Galle 80000, Sri Lanka",6.053505299999999,80.2209577,,,,"establishment, food, point_of_interest, restaurant",,,,OPERATIONAL,Galle Town Centre,restaurant,restaurant,Top,False
ChIJEc0KQStz4ToRoR6d3mUH770,Karagoda natural pool,"363C+C94 Karagoda natural pool, Galle 80000, Sri Lanka",6.053505299999999,80.2209577,5.0,,,"establishment, food, point_of_interest, restaurant",,,,OPERATIONAL,Galle Town Centre,restaurant,restaurant,Top,False
ChIJa5ReXMVz4ToRrQNPGdAWN-I,Sky Tourism And Administration (Pvt) Ltd,"362C+X5C, Galle 80000, Sri Lanka",6.052443999999999,80.2203895,4.0,,,"establishment, food, point_of_interest, restaurant",,,,OPERATIONAL,Galle Town Centre,restaurant,restaurant,Top,False
ChIJFRPXfmpz4ToREugrn3OcgWg,Those Kade,"3639+G9F, Galle 80000, Sri Lanka",6.0538131,80.2184323,4.2,,,"establishment, food, point_of_interest, restaurant",077 780 3432,,,OPERATIONAL,Galle Town Centre,restaurant,restaurant,Top,False
ChIJk87p1tpz4ToRmXDz7R5XjQ4,Ceylon Fisheries Corporation Outlet,"3639+H9C, Galle 80000, Sri Lanka",6.053929,80.2183989,4.0,,,"establishment, food, point_of_interest, restaurant",,http://www.cfc.gov.lk/,Monday: 9:00 AM – 8:00 PM | Tuesday: 9:00 AM – 8:00 PM | Wednesday: 9:00 AM – 8:00 PM | Thursday: 9:00 AM – 8:00 PM | Friday: 9:00 AM – 8:00 PM | Saturday: 9:00 AM – 8:00 PM | Sunday: 9:00 AM – 8:00 PM,OPERATIONAL,Galle Town Centre,restaurant,restaurant,Top,False
ChIJu-Wk0-1z4ToRxCExTC2I33I,Elaina Restaurant & Catering Service,"362C+7R7, A.H.E Fernando Mawatha, Galle 80000, Sri Lanka",6.0506508,80.22203890000002,3.9,,1.0,"establishment, food, point_of_interest, restaurant",076 167 4707,https://www.facebook.com/elainarestaurant/,Monday: 10:00 AM – 10:00 PM | Tuesday: 10:00 AM – 10:00 PM | Wednesday: 10:00 AM – 10:00 PM | Thursday: 10:00 AM – 10:00 PM | Friday: 10:00 AM – 10:00 PM | Saturday: 10:00 AM – 10:00 PM | Sunday: 10:00 AM – 10:00 PM,OPERATIONAL,Galle Town Centre,restaurant,restaurant,Top,False
ChIJ9Q8TDE9z4ToR91pPbpW15Sk,Cup cake lab,"Thalgahawaththa, Galle 80000, Sri Lanka",6.056432699999999,80.2249585,,,,"establishment, food, point_of_interest, restaurant",0912 226 381,,,OPERATIONAL,Galle Town Centre,restaurant,restaurant,Top,False
ChIJZRg4Vbpz4ToRqFz5wcO-MIw,Central 101,"No:438/E, Dangedara Mawatha, Beligaha Junction, Dangedara Road, Galle 80000, Sri Lanka",6.0574064,80.21785299999999,4.4,,,"establishment, food, point_of_interest, restaurant",071 323 0406,https://www.facebook.com/Central-101-116217403451531/,Monday: 10:30 AM – 10:30 PM | Tuesday: 10:30 AM – 10:30 PM | Wednesday: 10:30 AM – 10:30 PM | Thursday: 10:30 AM – 10:30 PM | Friday: 10:30 AM – 10:30 PM | Saturday: 10:30 AM – 10:30 PM | Sunday: 10:30 AM – 10:15 PM,OPERATIONAL,Galle Town Centre,restaurant,restaurant,Top,False
ChIJpXOAf8Zz4ToREqiUSZYf4Bo,Melano Leaf Restaurant & Cafe,"26XC+8F9 UKG Maha Gedara, Dangedara Road, Galle 80000, Sri Lanka",6.0482872,80.22123719999999,,,,"establishment, food, point_of_interest, restaurant",,,Monday: 11:00 AM – 9:00 PM | Tuesday: 11:00 AM – 9:00 PM | Wednesday: 11:00 AM – 9:00 PM | Thursday: 11:00 AM – 9:00 PM | Friday: 11:00 AM – 9:00 PM | Saturday: 11:00 AM – 9:00 PM | Sunday: 11:00 AM – 9:00 PM,OPERATIONAL,Galle Town Centre,restaurant,restaurant,Top,False
ChIJ5-b0UwBz4ToREqKLhwz0Ib8,Zuuger Kitchen,"3659+339, Sri Hemanandha Mawatha, Galle 80000, Sri Lanka",6.057615900000001,80.2177366,3.3,,,"establishment, food, point_of_interest, restaurant",,,,OPERATIONAL,Galle Town Centre,restaurant,restaurant,Top,False
ChIJj-CHRgBz4ToRnOJFR-5rbiM,Fruit Store,"3658+2X5, Galle 80000, Sri Lanka",6.0575026,80.21747380000001,,,,"establishment, food, point_of_interest, restaurant",070 565 0565,,Monday: Open 24 hours | Tuesday: Open 24 hours | Wednesday: Open 24 hours | Thursday: Open 24 hours | Friday: Open 24 hours | Saturday: Open 24 hours | Sunday: Open 24 hours,OPERATIONAL,Galle Town Centre,restaurant,restaurant,Top,False
ChIJLdjfmAhx4ToRW7PTu5UoViQ,MAHEE kitchen,"320 Hirimbura Road, Galle 80000, Sri Lanka",6.048197399999999,80.2214989,4.2,,,"establishment, food, point_of_interest, restaurant",077 336 6026,,Monday: 10:00 AM – 10:30 PM | Tuesday: 10:00 AM – 10:30 PM | Wednesday: 10:00 AM – 10:30 PM | Thursday: 10:00 AM – 10:30 PM | Friday: 10:00 AM – 10:30 PM | Saturday: 10:00 AM – 10:30 PM | Sunday: 10:00 AM – 10:30 PM,OPERATIONAL,Galle Town Centre,restaurant,restaurant,Top,False
ChIJM0fETwBz4ToRgA8Gpe6fRhY,Walawwa - වලව්ව,"3648+HHQ, Sri Hemanandha Mawatha, Galle 80000, Sri Lanka",6.0564597,80.216483,5.0,,,"establishment, food, point_of_interest, restaurant",077 102 7748,,Monday: 8:00 AM – 11:00 PM | Tuesday: 8:00 AM – 11:00 PM | Wednesday: 8:00 AM – 11:00 PM | Thursday: 8:00 AM – 11:00 PM | Friday: 8:00 AM – 11:00 PM | Saturday: 8:00 AM – 11:00 PM | Sunday: 8:00 AM – 11:00 PM,OPERATIONAL,Galle Town Centre,restaurant,restaurant,Top,False
ChIJwcnkIYFz4ToR12ZMCjpENOs,Dr.Goodness,"55 Hirimbura Cross Rd, Galle 80000, Sri Lanka",6.058030899999999,80.21769979999999,3.3,,,"establishment, food, point_of_interest, restaurant",076 985 4693,,Monday: 2:00 – 10:00 PM | Tuesday: 2:00 – 10:00 PM | Wednesday: 2:00 – 10:00 PM | Thursday: 2:00 – 10:00 PM | Friday: 2:00 – 10:00 PM | Saturday: 2:00 – 10:00 PM | Sunday: 2:00 – 10:00 PM,OPERATIONAL,Galle Town Centre,restaurant,restaurant,Top,False
ChIJL8i40dtz4ToRpPM5gJXVjHY,Beligaha Restaurant,"3659+63F, Hirimbura Cross Rd, Galle 80000, Sri Lanka",6.0580514,80.2176772,3.8,,,"establishment, food, point_of_interest, restaurant",,,Monday: 8:00 AM – 10:00 PM | Tuesday: 8:00 AM – 10:00 PM | Wednesday: 8:00 AM – 10:00 PM | Thursday: 8:00 AM – 10:00 PM | Friday: 8:00 AM – 10:00 PM | Saturday: 8:00 AM – 10:00 PM | Sunday: 8:00 AM – 10:00 PM,OPERATIONAL,Galle Town Centre,restaurant,restaurant,Top,False
ChIJza4lPNFz4ToRCsRofZHqklc,Sunilak Food Corner & Groceries,"68/A Anagarika Dharmapala Mawatha, Galle 80000, Sri Lanka",6.057702099999999,80.2247805,4.9,,,"establishment, food, grocery_or_supermarket, point_of_interest, restaurant, store",0914 224 807,,Monday: 5:30 AM – 8:00 PM | Tuesday: 5:30 AM – 8:00 PM | Wednesday: 5:30 AM – 8:00 PM | Thursday: 5:30 AM – 8:00 PM | Friday: 5:30 AM – 8:00 PM | Saturday: 5:30 AM – 8:00 PM | Sunday: 5:30 AM – 8:00 PM,OPERATIONAL,Galle Town Centre,restaurant,restaurant,Top,False
ChIJ9d4wedtz4ToR702IZmp0LRQ,Dons Restaurant,"3648+86R, Galle 80000, Sri Lanka",6.0558509,80.21552919999999,4.0,,,"establishment, food, point_of_interest, restaurant",,,Monday: 8:00 AM – 8:00 PM | Tuesday: 8:00 AM – 8:00 PM | Wednesday: 8:00 AM – 8:00 PM | Thursday: 8:00 AM – 8:00 PM | Friday: 8:00 AM – 8:00 PM | Saturday: 8:00 AM – 8:00 PM | Sunday: 8:00 AM – 8:00 PM,OPERATIONAL,Galle Town Centre,restaurant,restaurant,Top,False
ChIJAdLJRxdz4ToRO4VGrU_l4PM,Kingz Restaurant,"Donald Janz Rd, Galle 80000, Sri Lanka",6.0557135,80.21534319999999,3.8,,,"establishment, food, point_of_interest, restaurant",077 779 8944,,,OPERATIONAL,Galle Town Centre,restaurant,restaurant,Top,False
ChIJpdqR3DBz4ToR1dN8af0lISA,මචං Kitchen Resturant,"26WC+XQ5, Galle 80000, Sri Lanka",6.0473763,80.22199750000001,3.8,,,"establishment, food, point_of_interest, restaurant",074 052 0069,,Monday: 7:00 – 11:00 PM | Tuesday: 7:00 AM – 11:00 PM | Wednesday: 7:00 AM – 11:00 PM | Thursday: 7:00 AM – 11:00 PM | Friday: 7:00 AM – 11:00 PM | Saturday: 7:00 AM – 11:00 PM | Sunday: 7:00 – 11:00 PM,OPERATIONAL,Galle Town Centre,restaurant,restaurant,Top,False
ChIJxWVvZT9z4ToRJgXAAUhBzQo,Daiya Food Restaurant,"347 Dangedara Road, Galle 80000, Sri Lanka",6.0467315,80.222216,3.6,,,"establishment, food, point_of_interest, restaurant",071 266 9900,https://www.facebook.com/daiyafood.lk/,Monday: 12:00 – 10:00 PM | Tuesday: 12:00 – 10:00 PM | Wednesday: 12:00 – 10:00 PM | Thursday: 12:00 – 10:00 PM | Friday: 12:00 – 10:00 PM | Saturday: 12:00 – 10:00 PM | Sunday: 12:00 – 10:00 PM,OPERATIONAL,Galle Town Centre,restaurant,restaurant,Top,False
ChIJEQ1yAwBx4ToRYelm65d6ZW4,Lunu Mirisa Food Hut,"448 /1/1 , Hirimbura Road, Beligaha, Galle 80000, Sri Lanka",6.0592139,80.2170118,4.7,,,"establishment, food, point_of_interest, restaurant",077 293 9534,,Monday: 10:00 AM – 10:00 PM | Tuesday: 10:00 AM – 10:00 PM | Wednesday: 10:00 AM – 10:00 PM | Thursday: 10:00 AM – 10:00 PM | Friday: 10:00 AM – 10:00 PM | Saturday: 10:00 AM – 10:00 PM | Sunday: 10:00 AM – 10:00 PM,OPERATIONAL,Galle Town Centre,restaurant,restaurant,Top,False
ChIJC7-9AQBz4ToRVeWgYWaqZhQ,රොටි කඩෙ Restaurant,"26WF+M22, Dangedara Road, Galle 80000, Sri Lanka",6.0466479,80.2225005,,,,"establishment, food, point_of_interest, restaurant",,,Monday: 9:00 AM – 10:00 PM | Tuesday: 9:00 AM – 10:00 PM | Wednesday: 9:00 AM – 10:00 PM | Thursday: 9:00 AM – 10:00 PM | Friday: 9:00 AM – 10:00 PM | Saturday: 9:00 AM – 10:00 PM | Sunday: 9:00 AM – 10:00 PM,OPERATIONAL,Galle Town Centre,restaurant,restaurant,Top,False
ChIJb4pm1wBz4ToR5NzePqgNbFQ,Sajid home,"24 Steel Rd, Galle 80000, Sri Lanka",6.046614099999999,80.2195682,,,,"establishment, food, point_of_interest, restaurant",,,,OPERATIONAL,Galle Town Centre,restaurant,restaurant,Top,False
ChIJu5vrJQBz4ToRCStwDAQVr9Q,Sahana Henuka,"366C+63P, Galle 80000, Sri Lanka",6.060592499999999,80.22018849999999,,,,"establishment, food, point_of_interest, restaurant",,,,OPERATIONAL,Galle Town Centre,restaurant,restaurant,Top,False
ChIJMVL_ys1z4ToRPcpznzNq7Dk,The PAPRIKA RESTAURANT AND CAFE,"Galle 80000, Sri Lanka",6.0511899,80.2277951,,,,"establishment, food, point_of_interest, restaurant",,,,OPERATIONAL,Galle Town Centre,restaurant,restaurant,Top,False
ChIJnWAo3v5z4ToRSDwVDzqmfLA,Yasassi Family Restaurant,"Galle - Moris Road Ambalanwaththa, Galle 80000, Sri Lanka",6.0537233,80.2281819,3.9,,,"establishment, food, point_of_interest, restaurant",077 360 6625,,Monday: 7:00 AM – 11:00 PM | Tuesday: 7:00 AM – 11:00 PM | Wednesday: 7:00 AM – 11:00 PM | Thursday: 7:00 AM – 11:00 PM | Friday: 7:00 AM – 11:00 PM | Saturday: 7:00 AM – 11:00 PM | Sunday: 7:00 AM – 11:00 PM,OPERATIONAL,Galle Town Centre,restaurant,restaurant,Top,False
ChIJTzC1Wtpz4ToRIQx5q63T4R8,Noon cafe,"296 Hirimbura Road, Galle 80000, Sri Lanka",6.0463938,80.2226481,3.9,,,"establishment, food, point_of_interest, restaurant",076 863 9307,,Monday: 12:00 – 10:00 PM | Tuesday: 12:00 – 10:00 PM | Wednesday: 12:00 – 10:00 PM | Thursday: 12:00 – 10:00 PM | Friday: 12:00 – 10:00 PM | Saturday: 12:00 – 10:00 PM | Sunday: 12:00 – 10:00 PM,OPERATIONAL,Galle Town Centre,restaurant,restaurant,Top,False
ChIJM96dj3pz4ToRAoKGXRWPAQI,Binora,"Yakkalamulla 80000, Sri Lanka",6.0481918,80.2153998,,,,"establishment, food, point_of_interest, restaurant",,,,OPERATIONAL,Galle Town Centre,restaurant,restaurant,Top,False
ChIJmyvMeNhz4ToRk-fhyz7oWiQ,Xxxxx,"Udawalawa 80000, Sri Lanka",6.0481918,80.2153998,,,,"establishment, food, point_of_interest, restaurant",,,Monday: Open 24 hours | Tuesday: Open 24 hours | Wednesday: Open 24 hours | Thursday: Open 24 hours | Friday: 12:00 AM – 10:00 PM | Saturday: Closed | Sunday: Open 24 hours,OPERATIONAL,Galle Town Centre,restaurant,restaurant,Top,False
ChIJKwOD9TZz4ToRUox6FxqWsOQ,Chill Port City,"Cyvuv, Uvyv 80000, Sri Lanka",6.0481918,80.2153998,5.0,,,"establishment, food, point_of_interest, restaurant",,https://www.chillcolombo.com/,,OPERATIONAL,Galle Town Centre,restaurant,restaurant,Top,False
ChIJGT3tdgBz4ToRZBxtzhMi3O0,Yellow bites,"282 Dangedara Road, Galle 80000, Sri Lanka",6.0460049,80.222892,5.0,,,"establishment, food, meal_takeaway, point_of_interest, restaurant",,,,OPERATIONAL,Galle Town Centre,restaurant,takeaway,Top,False
ChIJzTnuEgRz4ToRSBxt_DpxY8k,EAT SMART,"Koggala 80000, Sri Lanka",6.048182,80.21534400000002,,,,"establishment, food, point_of_interest, restaurant",072 290 0758,,Monday: Open 24 hours | Tuesday: Open 24 hours | Wednesday: Open 24 hours | Thursday: Open 24 hours | Friday: Closed | Saturday: Open 24 hours | Sunday: Open 24 hours,OPERATIONAL,Galle Town Centre,restaurant,restaurant,Top,False
ChIJP6FSsnRz4ToRtGDfg_jXr6A,MJM Hotel & Restaurant,"366C+F4X, Hirimbura Cross Rd, Galle 80000, Sri Lanka",6.0612137,80.2203273,4.3,,2.0,"establishment, food, point_of_interest, restaurant",0914 930 550,,Monday: 5:30 AM – 10:00 PM | Tuesday: 5:30 AM – 10:00 PM | Wednesday: 5:30 AM – 10:00 PM | Thursday: 5:30 AM – 10:00 PM | Friday: 5:30 AM – 10:00 PM | Saturday: 5:30 AM – 10:00 PM | Sunday: 5:30 AM – 10:00 PM,OPERATIONAL,Galle Town Centre,restaurant,restaurant,Top,False
ChIJk0oEWwBz4ToR9YqIv6nGdrI,Chill Cafe Galle,"108/1 Morris Rd, Galle 80000, Sri Lanka",6.047052499999999,80.22541930000001,4.8,,,"establishment, food, point_of_interest, restaurant",,,,OPERATIONAL,Galle Town Centre,restaurant,restaurant,Top,False
ChIJPe5acABz4ToRdB-PkH6hlOA,friendliez,"26WF+935 Henry Pedris mawatha, Galle 80000, Sri Lanka",6.045880299999999,80.22273059999999,,,,"establishment, food, point_of_interest, restaurant",,,,OPERATIONAL,Galle Town Centre,restaurant,restaurant,Top,False
ChIJm4Z5J5Rz4ToRGwbto-DUCA8,madu,"363C+C94 korakeena, Galle 80350, Sri Lanka",6.053505299999999,80.2209577,,,,"cafe, establishment, food, point_of_interest",,,,OPERATIONAL,Galle Town Centre,cafe,cafe,Top,False
ChIJrw8kCgBz4ToRuGKikq93DKI,Koffilo,"445 Galle - Baddegama Rd, Galle 80000, Sri Lanka",6.0544705,80.2182759,4.8,,,"cafe, establishment, food, point_of_interest, store",0912 223 774,https://www.facebook.com/profile.php?id=61586047477602,Monday: 7:00 AM – 8:00 PM | Tuesday: 7:00 AM – 8:00 PM | Wednesday: 7:00 AM – 8:00 PM | Thursday: 7:00 AM – 8:00 PM | Friday: 7:00 AM – 8:00 PM | Saturday: 9:00 AM – 8:00 PM | Sunday: 9:00 AM – 8:00 PM,OPERATIONAL,Galle Town Centre,cafe,cafe,Top,False
ChIJUcKYJwBz4ToRDM1Ik0uuwjo,Sweet Bean Cafe,"302A pedris mawatha, Galle 80000, Sri Lanka",6.046982799999999,80.22234,4.7,,,"cafe, establishment, food, point_of_interest, store",070 115 2195,,Monday: 9:00 AM – 9:30 PM | Tuesday: 9:00 AM – 9:30 PM | Wednesday: 9:00 AM – 9:30 PM | Thursday: 9:00 AM – 9:30 PM | Friday: 9:00 AM – 9:30 PM | Saturday: 9:00 AM – 9:30 PM | Sunday: 9:00 AM – 9:30 PM,OPERATIONAL,Galle Town Centre,cafe,cafe,Top,False
ChIJd3Yca8lz4ToRFRntSj2cMxo,Hidayath Food Center,"97, 1B Morris Rd, Galle 80000, Sri Lanka",6.046880499999999,80.225276,4.2,,,"cafe, establishment, food, point_of_interest",077 252 8044,,Monday: 5:00 AM – 12:00 AM | Tuesday: 5:00 AM – 12:00 AM | Wednesday: 5:00 AM – 12:00 AM | Thursday: 5:00 AM – 12:00 AM | Friday: 5:00 AM – 12:00 AM | Saturday: 5:00 AM – 12:00 AM | Sunday: 5:00 AM – 12:00 AM,OPERATIONAL,Galle Town Centre,cafe,cafe,Top,False
ChIJr-fxjfdz4ToRZ5l0LG7J0Ks,Mamidu Liyanage Place,"Galle 80000, Sri Lanka",6.0509084,80.2286491,5.0,,,"cafe, establishment, food, point_of_interest",071 766 3585,,,OPERATIONAL,Galle Town Centre,cafe,cafe,Top,False
ChIJR2Bwuh1z4ToR9ue2FyW7BV4,ආකාශ් හොටෙල් ඇන්ඩ් රෙස්ටුරන්ට්,"177 Kitulampitiya Rd, Galle 80000, Sri Lanka",6.063025,80.21446329999999,5.0,,,"cafe, establishment, food, point_of_interest, store",,,,OPERATIONAL,Galle Town Centre,cafe,cafe,Top,False
ChIJe8mfzEtz4ToRDyt2OSPpefE,Ruwan Cafe - රුවන් කැෆේ,"257 Wakwella Rd, Galle 80000, Sri Lanka",6.044022399999999,80.2138495,5.0,,,"cafe, establishment, food, point_of_interest",,,,OPERATIONAL,Galle Town Centre,cafe,cafe,Top,False
ChIJLVRD4-Fz4ToRi4U2pCAjPaA,ABC,"285, 1 Wakwella Rd, Galle 80000, Sri Lanka",6.050471,80.20936429999999,5.0,,,"cafe, establishment, food, point_of_interest, store",,,,OPERATIONAL,Galle Town Centre,cafe,cafe,Top,False
ChIJkRj70Gpz4ToRs68iLt89UFc,Kopi & Treats - Wackwella Road,"Wakwella Rd, Galle 80000, Sri Lanka",6.050974099999999,80.2090965,5.0,,,"cafe, establishment, food, point_of_interest, store",076 765 4165,,Monday: 10:00 AM – 9:00 PM | Tuesday: 10:00 AM – 9:00 PM | Wednesday: Closed | Thursday: 10:00 AM – 9:00 PM | Friday: 10:00 AM – 9:00 PM | Saturday: 10:00 AM – 9:00 PM | Sunday: 10:00 AM – 9:00 PM,OPERATIONAL,Galle Town Centre,cafe,cafe,Top,False
ChIJsVDgDi1x4ToRaMXWc1lOiuI,Nethmina Hotel,"No 532, Kalegana Road, Galle 80000, Sri Lanka",6.0659154,80.2185968,,,,"cafe, establishment, food, point_of_interest",071 826 2725,,Monday: 6:55 AM – 10:00 PM | Tuesday: 6:55 AM – 10:00 PM | Wednesday: 6:55 AM – 10:00 PM | Thursday: 6:55 AM – 10:00 PM | Friday: 6:55 AM – 10:00 PM | Saturday: 6:55 AM – 10:00 PM | Sunday: Closed,OPERATIONAL,Galle Town Centre,cafe,cafe,Top,False
ChIJm0rmYmhz4ToRnYRzuApXiP0,"Hasara COFFEE house (кафе,Kaffe)","Wakwella Rd, Galle 80650, Sri Lanka",6.0427269,80.2141168,1.0,,,"cafe, establishment, food, point_of_interest, store",076 395 1742,,Monday: 8:00 AM – 8:30 PM | Tuesday: 8:00 AM – 8:00 PM | Wednesday: 8:00 AM – 8:30 PM | Thursday: 8:00 AM – 8:30 PM | Friday: 8:00 AM – 8:30 PM | Saturday: 8:00 AM – 8:30 PM | Sunday: 8:00 AM – 8:30 PM,OPERATIONAL,Galle Town Centre,cafe,cafe,Top,False
ChIJ-WUjOQBz4ToRqlYurUabPag,LASANTHA MILK BAR,"3635+75X, Wakwella Rd, Galle 80000, Sri Lanka",6.053232,80.2079821,,,,"cafe, establishment, food, point_of_interest, store",,,,OPERATIONAL,Galle Town Centre,cafe,cafe,Top,False
ChIJwX9JZ8Bz4ToROwG3bPCgyHs,Thilaka Bekary,"3635+858, Wakwella Rd, Galle 80000, Sri Lanka",6.0532989,80.20795989999999,,,,"cafe, establishment, food, point_of_interest",,,Monday: 3:00 – 7:30 PM | Tuesday: 3:00 – 7:30 PM | Wednesday: 3:00 – 7:30 PM | Thursday: 3:00 – 7:30 PM | Friday: 3:00 – 7:30 PM | Saturday: 3:00 – 7:30 PM | Sunday: 3:00 – 7:30 PM,OPERATIONAL,Galle Town Centre,cafe,cafe,Top,False
ChIJb4-StK1z4ToR3mfUZB8rKs4,Misge kade,"26R7+WQ6, Galle 80000, Sri Lanka",6.0422771,80.2143973,,,,"cafe, establishment, food, point_of_interest, store",,,,OPERATIONAL,Galle Town Centre,cafe,cafe,Top,False
ChIJUZEARr9z4ToRJObDXCuGFzo,ROYAL TASTE CAFETERIA,"Galle 80000, Sri Lanka",6.0419702,80.2146877,,,,"cafe, establishment, food, point_of_interest",,,,OPERATIONAL,Galle Town Centre,cafe,cafe,Top,False
ChIJv34lybhz4ToRdo7j4keCjEM,Mccoy Juice Bar,"26R8+H92, Eliot Rd, Galle 80000, Sri Lanka",6.0413842,80.21588899999999,,,,"cafe, establishment, food, point_of_interest",,,,OPERATIONAL,Galle Town Centre,cafe,cafe,Top,False
ChIJ46x-LQBz4ToRSeCKi-U0bFo,Flour Dude,"No.72 bandaranayaka Road, Galle 80000, Sri Lanka",6.0419317,80.2275046,5.0,,,"cafe, establishment, food, point_of_interest",077 751 7490,https://flourdude.com/,Monday: 9:00 AM – 9:00 PM | Tuesday: 9:00 AM – 9:00 PM | Wednesday: 9:00 AM – 9:00 PM | Thursday: 9:00 AM – 9:00 PM | Friday: 9:00 AM – 9:00 PM | Saturday: 9:00 AM – 9:00 PM | Sunday: 9:00 AM – 9:00 PM,OPERATIONAL,Galle Town Centre,cafe,cafe,Top,False
ChIJgYcoOVZz4ToR6485XeqNt0E,D'Caf,"E.A. Wijesooriya Mawatha, Galle 80000, Sri Lanka",6.0412332,80.2158432,5.0,,,"cafe, establishment, food, point_of_interest",077 692 8864,,Monday: 10:30 AM – 7:00 PM | Tuesday: 10:30 AM – 7:00 PM | Wednesday: 10:30 AM – 7:00 PM | Thursday: 10:30 AM – 7:00 PM | Friday: 10:30 AM – 7:00 PM | Saturday: 10:30 AM – 7:00 PM | Sunday: 10:30 AM – 7:00 PM,OPERATIONAL,Galle Town Centre,cafe,cafe,Top,False
ChIJffqE2X1x4ToRrGjpKLe-xrI,Canteen NHG,"368G+8FR, 1st Lane, Galle 80000, Sri Lanka",6.0658686,80.2261303,3.0,,1.0,"cafe, establishment, food, point_of_interest",,,Monday: 6:00 AM – 8:00 PM | Tuesday: 6:00 AM – 8:00 PM | Wednesday: 6:00 AM – 8:00 PM | Thursday: 6:00 AM – 8:00 PM | Friday: 6:00 AM – 8:00 PM | Saturday: 6:00 AM – 8:00 PM | Sunday: 6:00 AM – 8:00 PM,OPERATIONAL,Galle Town Centre,cafe,cafe,Top,False
ChIJ-wE4B8Fz4ToR7xHjSe8lWLs,Kandurata fresh tea company,"5 Bandaranayaka Mawatha, Galle 80000, Sri Lanka",6.0416719,80.2276704,5.0,,,"cafe, establishment, food, point_of_interest",077 357 7767,,,OPERATIONAL,Galle Town Centre,cafe,cafe,Top,False
ChIJK2QXNABz4ToRgMbYZlSJUWM,Hoppers Place Galle,"384/54 B130, Galle 80000, Sri Lanka",6.0544934,80.20735979999999,5.0,,,"cafe, establishment, food, point_of_interest, store",,,,OPERATIONAL,Galle Town Centre,cafe,cafe,Top,False
ChIJx-pk2H1x4ToRM4XohEz3pkk,Highland Milk Bar - National Hospital Galle,"368G+CJC, Galle 80000, Sri Lanka",6.0660523,80.2265262,2.5,,,"cafe, establishment, food, point_of_interest",,,Monday: 8:00 AM – 6:00 PM | Tuesday: 8:00 AM – 6:00 PM | Wednesday: 8:00 AM – 6:00 PM | Thursday: 8:00 AM – 6:00 PM | Friday: 8:00 AM – 6:00 PM | Saturday: 8:00 AM – 6:00 PM | Sunday: 8:00 AM – 6:00 PM,OPERATIONAL,Galle Town Centre,cafe,cafe,Top,False
ChIJw3qdJgBx4ToROeg0AU2cGIo,Hungry mommy,"Hungry mommy caffe 384 justing kanda, Hirimbura Rd, Galle 80000, Sri Lanka",6.0673809,80.22184539999999,4.9,,,"cafe, establishment, food, point_of_interest, store",070 512 8206,,Monday: 9:00 AM – 9:00 PM | Tuesday: 9:00 AM – 9:00 PM | Wednesday: 9:00 AM – 9:00 PM | Thursday: 9:00 AM – 9:00 PM | Friday: 9:00 AM – 9:00 PM | Saturday: 9:00 AM – 9:00 PM | Sunday: 9:00 AM – 9:00 PM,OPERATIONAL,Galle Town Centre,cafe,cafe,Top,False
ChIJlTt4b7hz4ToR9k6inHABQt0,Jello Roller Ice Cream,"151 B130, Galle 80000, Sri Lanka",6.0401805,80.21516629999999,3.7,,,"cafe, establishment, food, point_of_interest",076 488 2499,,Monday: 9:00 AM – 7:30 PM | Tuesday: 9:00 AM – 7:30 PM | Wednesday: 9:00 AM – 7:30 PM | Thursday: 9:00 AM – 7:30 PM | Friday: 9:00 AM – 7:30 PM | Saturday: 9:00 AM – 7:30 PM | Sunday: 9:00 AM – 7:30 PM,OPERATIONAL,Galle Town Centre,cafe,cafe,Top,False
ChIJtxFTbQBz4ToRGM23uDXOOZ8,Meritha Resturant,"143c Kandewatta Rd, Galle 80000, Sri Lanka",6.040348799999999,80.2146683,,,,"cafe, establishment, food, point_of_interest, store",,,,OPERATIONAL,Galle Town Centre,cafe,cafe,Top,False
ChIJWxN4ZgBz4ToRC36lZeRmoMg,Stacko cafe,"122 Wakwella Rd, Galle 80000, Sri Lanka",6.0398662,80.2155379,5.0,,,"cafe, establishment, food, point_of_interest, store",,,,OPERATIONAL,Galle Town Centre,cafe,cafe,Top,False
ChIJDyquX35x4ToReG9vcj7qxGw,Samali,"368H+J6P, Galle 80000, Sri Lanka",6.066580099999999,80.2280796,4.8,,,"cafe, establishment, food, point_of_interest",077 532 1395,,Monday: 8:30 AM – 8:00 PM | Tuesday: 8:30 AM – 8:00 PM | Wednesday: 8:30 AM – 8:00 PM | Thursday: 8:30 AM – 8:00 PM | Friday: 8:30 AM – 8:00 PM | Saturday: 8:30 AM – 8:00 PM | Sunday: 8:30 AM – 8:00 PM,OPERATIONAL,Galle Town Centre,cafe,cafe,Top,False
ChIJtdeQAxFx4ToRKE9cSzDB6OA,Mr.Fruits (Online/Pre Order Only),"26/3 A Maitipe 2nd Ln, Galle 80000, Sri Lanka",6.064225899999999,80.23139719999999,4.8,,,"cafe, establishment, food, point_of_interest",077 140 3825,https://www.facebook.com/Mr-Fruits-,Monday: 7:00 AM – 9:00 PM | Tuesday: 7:00 AM – 9:00 PM | Wednesday: 7:00 AM – 9:00 PM | Thursday: 7:00 AM – 9:00 PM | Friday: 7:00 AM – 9:00 PM | Saturday: 7:00 AM – 9:00 PM | Sunday: 7:00 AM – 9:00 PM,OPERATIONAL,Galle Town Centre,cafe,cafe,Top,False
ChIJOUrcfQJx4ToRSFE1GK1-ELQ,Refresh - Hot & Cool Experience (Ice Cream Shop & Cafe),"369F+6VH, 10 Godakanda Rd, Galle 80000, Sri Lanka",6.068046400000001,80.2247945,5.0,,,"cafe, establishment, food, point_of_interest",,,Monday: 10:00 AM – 8:00 PM | Tuesday: 10:00 AM – 8:00 PM | Wednesday: 10:00 AM – 8:00 PM | Thursday: 10:00 AM – 8:00 PM | Friday: 10:00 AM – 8:00 PM | Saturday: 10:00 AM – 8:00 PM | Sunday: 10:00 AM – 8:00 PM,OPERATIONAL,Galle Town Centre,cafe,cafe,Top,False
ChIJmVSR6eFx4ToRCtt5qj8BBEQ,Diwakara Snak Bar,"368G+XQM, Road, Galle 80000, Sri Lanka",6.0674519,80.22692049999999,5.0,,,"cafe, establishment, food, point_of_interest",077 242 3710,,,OPERATIONAL,Galle Town Centre,cafe,cafe,Top,False
ChIJ07jeT5Vz4ToRK2qfn8v7IZs,Nuska Bake house,"135/B Abdul Wahab Mawatha, Galle 80000, Sri Lanka",6.039251900000001,80.2264096,5.0,,,"cafe, establishment, food, point_of_interest",,,,OPERATIONAL,Galle Town Centre,cafe,cafe,Top,False
ChIJG4uQqSBz4ToRsDF0Jda_NNE,Sino Cafe,"82 Wakwella Rd, Galle 80000, Sri Lanka",6.0381616,80.2159296,5.0,,,"cafe, establishment, food, point_of_interest",,,,OPERATIONAL,Galle Town Centre,cafe,cafe,Top,False
ChIJw3Ft1h1z4ToRj_NS9PIFJ8E,Barista Galle Diner,"111 Old Matara Rd, Galle 80000, Sri Lanka",6.037764399999999,80.2250601,4.8,,2.0,"cafe, establishment, food, point_of_interest",0912 121 447,https://www.barista.lk/,Monday: 8:00 AM – 10:00 PM | Tuesday: 8:00 AM – 10:00 PM | Wednesday: 8:00 AM – 10:00 PM | Thursday: 8:00 AM – 10:00 PM | Friday: 8:00 AM – 10:00 PM | Saturday: 8:00 AM – 10:00 PM | Sunday: 8:00 AM – 10:00 PM,OPERATIONAL,Galle Town Centre,cafe,cafe,Top,False
ChIJZSeNJ7Fz4ToRlZ_x4MmORw4,Cafeteria,"26PF+VG7, Old Matara Rd, Galle 80000, Sri Lanka",6.037166900000001,80.2237957,3.7,,,"cafe, establishment, food, point_of_interest",,,Monday: 8:00 AM – 9:30 PM | Tuesday: 8:00 AM – 9:30 PM | Wednesday: 8:00 AM – 9:30 PM | Thursday: 8:00 AM – 9:30 PM | Friday: 8:00 AM – 9:30 PM | Saturday: 8:00 AM – 9:30 PM | Sunday: 8:00 AM – 9:30 PM,OPERATIONAL,Galle Town Centre,cafe,cafe,Top,False
ChIJ6eH-PxJx4ToRNXarPrG9Oa8,Lanki Place,"40 Galle - Baddegama Rd, Galle 80000, Sri Lanka",6.0702883,80.2180286,,,,"cafe, establishment, food, point_of_interest",076 491 8617,,Monday: Closed | Tuesday: 2:00 – 10:00 PM | Wednesday: 2:00 – 10:00 PM | Thursday: 2:00 – 10:00 PM | Friday: 2:00 – 10:00 PM | Saturday: 2:00 – 10:00 PM | Sunday: 2:00 – 10:00 PM,OPERATIONAL,Galle Town Centre,cafe,cafe,Top,False
ChIJP99a5WBz4ToRKoXP4BZc6J4,Korean Lanka Restaurant - 코리안 랑카 식당,"26PF+H2M, Galle 80000, Sri Lanka",6.0364375,80.22256250000001,4.1,,1.0,"cafe, establishment, food, grocery_or_supermarket, point_of_interest, restaurant, store",076 672 2967,http://www.koreanlanka.lk/,Monday: 8:00 AM – 10:00 PM | Tuesday: 8:00 AM – 10:00 PM | Wednesday: 8:00 AM – 10:00 PM | Thursday: 8:00 AM – 10:00 PM | Friday: 8:00 AM – 10:00 PM | Saturday: 8:00 AM – 10:00 PM | Sunday: 8:00 AM – 10:00 PM,OPERATIONAL,Galle Town Centre,cafe,cafe,Top,False
ChIJjVmQWbFz4ToRucxRp5ACOXg,Jothipala Tea Room,"26PG+VG6, Galle 80000, Sri Lanka",6.0371691,80.2262592,5.0,,,"cafe, establishment, food, point_of_interest",,,,OPERATIONAL,Galle Town Centre,cafe,cafe,Top,False
ChIJ0WT3EQBz4ToR1ziZ7o45Q0Y,Chef Sudath Cafe (Korean cafe),"26PF+H2M, Galle 80000, Sri Lanka",6.0364207,80.2225891,4.2,,,"cafe, establishment, food, point_of_interest, restaurant, store",076 672 2967,,Monday: 8:00 AM – 10:00 PM | Tuesday: 8:00 AM – 10:00 PM | Wednesday: 8:00 AM – 10:00 PM | Thursday: 8:00 AM – 10:00 PM | Friday: 8:00 AM – 10:00 PM | Saturday: 8:00 AM – 10:00 PM | Sunday: 8:00 AM – 10:00 PM,OPERATIONAL,Galle Town Centre,cafe,cafe,Top,False
ChIJterg97tz4ToRnzv3ba7IEqc,M G Cafe,"26P7+RX3, Sri Pagngnasara Mawatha, Galle 80000, Sri Lanka",6.0370049,80.2149249,4.1,,,"cafe, establishment, food, point_of_interest",0912 242 912,,Monday: 6:00 AM – 9:00 PM | Tuesday: 6:00 AM – 9:00 PM | Wednesday: 6:00 AM – 9:00 PM | Thursday: 6:00 AM – 9:00 PM | Friday: 6:00 AM – 9:00 PM | Saturday: 6:00 AM – 9:00 PM | Sunday: 6:00 AM – 9:00 PM,OPERATIONAL,Galle Town Centre,cafe,cafe,Top,False
ChIJ28EYpchz4ToR9aNVUIFIjw4,Kelum Tea Room,"26P9+6RV, Ward St, Galle 80000, Sri Lanka",6.0356025,80.21956159999999,4.3,,,"cafe, establishment, food, point_of_interest",077 915 7658,,Monday: 7:00 AM – 5:00 PM | Tuesday: 7:00 AM – 5:00 PM | Wednesday: 7:00 AM – 5:00 PM | Thursday: 7:00 AM – 5:00 PM | Friday: 7:00 AM – 5:00 PM | Saturday: 7:00 AM – 5:00 PM | Sunday: Closed,OPERATIONAL,Galle Town Centre,cafe,cafe,Top,False
ChIJu-vsfHpz4ToRrnzEDCd18dw,Sahana Main Street Cafe,"74A Main Street, Galle 80000, Sri Lanka",6.0355395,80.2199739,4.4,,,"cafe, establishment, food, point_of_interest",0912 222 192,,Monday: 6:00 AM – 7:00 PM | Tuesday: 6:00 AM – 7:00 PM | Wednesday: 6:00 AM – 7:00 PM | Thursday: 6:00 AM – 7:00 PM | Friday: 6:00 AM – 7:00 PM | Saturday: 6:00 AM – 7:00 PM | Sunday: 6:00 AM – 7:00 PM,OPERATIONAL,Galle Town Centre,cafe,cafe,Top,False
ChIJd27MQTpz4ToRmh0EntU0p30,P&S (Perera & Sons) - Wakwella Road,"57 Wakwella Rd, Galle 80000, Sri Lanka",6.035626199999999,80.21644839999999,4.6,,,"cafe, establishment, food, point_of_interest",0914 944 385,,Monday: 6:00 AM – 7:00 PM | Tuesday: 6:00 AM – 7:00 PM | Wednesday: 6:00 AM – 7:00 PM | Thursday: 6:00 AM – 7:00 PM | Friday: 6:00 AM – 7:00 PM | Saturday: 6:00 AM – 7:00 PM | Sunday: 4:00 AM – 7:00 PM,OPERATIONAL,Galle Town Centre,cafe,cafe,Top,False
ChIJ58xNoC1z4ToRgkr-rZ9PTgE,Sunberry,"No 58/4 Wakwella Rd, Galle 80000, Sri Lanka",6.0353061,80.216815,5.0,,,"cafe, establishment, food, point_of_interest, store",,,,OPERATIONAL,Galle Town Centre,cafe,cafe,Top,False
ChIJOWNm_Lpz4ToR48i2youes-c,N H Juice Corner,"Galle 80000, Sri Lanka",6.0347234,80.21844639999999,4.0,,,"cafe, establishment, food, point_of_interest",,,,OPERATIONAL,Galle Town Centre,cafe,cafe,Top,False
ChIJb7IfGh9z4ToRAYNsU8bAmX4,CHAIHUB,"Searoad, Galle 80000, Sri Lanka",6.0344114,80.2192553,5.0,,,"cafe, establishment, food, point_of_interest",074 237 4579,,Monday: 4:30 PM – 2:00 AM | Tuesday: 4:30 PM – 2:00 AM | Wednesday: 4:30 PM – 2:00 AM | Thursday: 4:30 PM – 2:00 AM | Friday: 4:30 PM – 2:00 AM | Saturday: 4:30 PM – 2:00 AM | Sunday: 4:30 PM – 2:00 AM,OPERATIONAL,Galle Town Centre,cafe,cafe,Top,False
ChIJlxoC7_Vz4ToRa_zcqB-2aps,Sri Ramesh Hotel,"NO 59 Galle - Udugama Rd, Galle, Sri Lanka",6.0414086,80.2360709,4.0,,,"cafe, establishment, food, point_of_interest",,,Monday: 8:00 AM – 10:30 PM | Tuesday: 8:00 AM – 10:30 PM | Wednesday: 8:00 AM – 10:30 PM | Thursday: 8:00 AM – 10:30 PM | Friday: 8:00 AM – 10:30 PM | Saturday: 8:00 AM – 10:30 PM | Sunday: 8:00 AM – 10:30 PM,OPERATIONAL,Galle Town Centre,cafe,cafe,Top,False
ChIJfd5mHQBz4ToRBfg1H3lTwp4,BREW CREED,"Havelock Rd, Galle 80000, Sri Lanka",6.035119700000001,80.2145748,,,,"cafe, establishment, food, point_of_interest, store",070 636 2271,,Monday: 8:00 AM – 9:00 PM | Tuesday: 8:00 AM – 9:00 PM | Wednesday: 8:00 AM – 9:00 PM | Thursday: 8:00 AM – 9:00 PM | Friday: 8:00 AM – 9:00 PM | Saturday: 8:00 AM – 9:00 PM | Sunday: 8:00 AM – 9:00 PM,OPERATIONAL,Galle Town Centre,cafe,cafe,Top,False
ChIJN0R2efFz4ToRgwgjWFKbOow,Chithu's cafe,"37 Main Street, Galle 80000, Sri Lanka",6.034195899999999,80.2183616,,,,"cafe, establishment, food, point_of_interest",071 618 3513,,Monday: Closed | Tuesday: 8:00 AM – 7:00 AM | Wednesday: Closed | Thursday: Closed | Friday: Closed | Saturday: Closed | Sunday: Closed,OPERATIONAL,Galle Town Centre,cafe,cafe,Top,False
ChIJBUx4anBz4ToRTaz4EU2x7Qk,IPPO Restaurant & Cafe,"46 Havelock Rd, Galle 80000, Sri Lanka",6.0348089,80.2146259,4.4,,,"cafe, establishment, food, point_of_interest, store",076 230 1919,,Monday: 7:00 AM – 5:00 PM | Tuesday: 7:00 AM – 5:00 PM | Wednesday: 7:00 AM – 5:00 PM | Thursday: 7:00 AM – 5:00 PM | Friday: 7:00 AM – 5:00 PM | Saturday: 7:00 AM – 5:00 PM | Sunday: 7:00 AM – 5:00 PM,OPERATIONAL,Galle Town Centre,cafe,cafe,Top,False
ChIJ7cZU5Lpz4ToRIPX2BoXCScQ,Bake 'n' Take,"No 137, Main Street, Galle., Galle 80000, Sri Lanka",6.0339158,80.2185142,4.6,,,"cafe, establishment, food, point_of_interest",0912 232 000,,Monday: 7:00 AM – 8:00 PM | Tuesday: 7:00 AM – 8:00 PM | Wednesday: 7:00 AM – 8:00 PM | Thursday: 7:00 AM – 8:00 PM | Friday: 7:00 AM – 8:00 PM | Saturday: 7:30 AM – 8:30 PM | Sunday: 8:00 AM – 9:00 PM,OPERATIONAL,Galle Town Centre,cafe,cafe,Top,False
ChIJJYeqjVVz4ToRdiwFdBc-YXU,Akkis Cafe,"4.2 mount calvary, Galle 80000, Sri Lanka",6.0351656,80.2126449,4.8,,,"cafe, establishment, food, point_of_interest",076 621 0245,,Monday: 9:00 AM – 7:00 PM | Tuesday: 9:00 AM – 7:00 PM | Wednesday: 9:00 AM – 7:00 PM | Thursday: 9:00 AM – 7:00 PM | Friday: 9:00 AM – 7:00 PM | Saturday: 9:00 AM – 7:00 PM | Sunday: 9:00 AM – 7:00 PM,OPERATIONAL,Galle Town Centre,cafe,cafe,Top,False
ChIJ5a5kU5Nz4ToRGa5zl1K94rk,Ak's Palace,"26V3+3FX, Bope Cross Rd, Galle, Sri Lanka",6.042742899999999,80.20374489999999,5.0,,,"cafe, establishment, food, point_of_interest",,,Monday: Closed | Tuesday: Closed | Wednesday: Closed | Thursday: Closed | Friday: Closed | Saturday: 9:00 AM – 5:00 PM | Sunday: 9:00 AM – 5:00 PM,OPERATIONAL,Galle Town Centre,cafe,cafe,Top,False
ChIJ539lwBsV4ToRJ-7nl1dKocw,We Are Surfers hotel,"251/29A, Bandrawatta, Kapparatota, Weligama, Weligama 81700, Sri Lanka",5.9565863,80.4176178,4.6,,,"bar, establishment, food, lodging, point_of_interest, restaurant",074 331 7364,https://wearesurfers.net/,,OPERATIONAL,Weligama Border,restaurant,bar,Top,False
ChIJY2dwhDwV4ToR-9_pgIlnzo8,Ceylon Sliders,"No 9 New Galle Road Rest House Junction, Weligama 81700, Sri Lanka",5.968017,80.4237732,4.5,,,"bar, cafe, establishment, food, lodging, point_of_interest, restaurant, store",076 359 4734,http://www.ceylonsliders.com/,Monday: 8:00 AM – 8:00 PM | Tuesday: 8:00 AM – 8:00 PM | Wednesday: 8:00 AM – 8:00 PM | Thursday: 8:00 AM – 8:00 PM | Friday: 8:00 AM – 8:00 PM | Saturday: 8:00 AM – 8:00 PM | Sunday: 8:00 AM – 8:00 PM,OPERATIONAL,Weligama Border,restaurant,cafe,Top,False
ChIJKaVZEjgV4ToRhkN6B6ZF9lM,Golden Bay Resort and Restaurant,"301 Beach Road, වැලිගම 81700, Sri Lanka",5.972631,80.432416,4.1,,,"establishment, food, lodging, point_of_interest, restaurant",077 046 7372,,Monday: 8:00 AM – 11:00 PM | Tuesday: 8:00 AM – 11:00 PM | Wednesday: 8:00 AM – 11:00 PM | Thursday: 8:00 AM – 11:00 PM | Friday: 8:00 AM – 11:00 PM | Saturday: 8:00 AM – 11:00 PM | Sunday: 8:00 AM – 11:00 PM,OPERATIONAL,Weligama Border,restaurant,restaurant,Top,False
ChIJQ0LRbDkq4joRzYBKVTZeQpg,Stay Ceylon,"34 Weligama By Pass Rd, Weligama 81700, Sri Lanka",5.972378099999999,80.43048979999999,4.6,,,"bar, establishment, food, lodging, point_of_interest, restaurant",076 569 9027,http://www.stay-ceylon.com/,Monday: Open 24 hours | Tuesday: Open 24 hours | Wednesday: Open 24 hours | Thursday: Open 24 hours | Friday: Open 24 hours | Saturday: Open 24 hours | Sunday: Closed,OPERATIONAL,Weligama Border,restaurant,bar,Top,False
ChIJsQ2wdKQV4ToRNJ5XPmFZTGM,"Elsewhere Surf Camps in Weligama, Sri Lanka","291 Weligama By Pass Rd, Weligama 81700, Sri Lanka",5.9728639,80.4318292,4.8,,,"cafe, establishment, food, gym, health, lodging, point_of_interest, restaurant, store",074 177 5858,http://www.elsewheresurfcamps.com/srilanka,Monday: 8:00 AM – 9:00 PM | Tuesday: 8:00 AM – 9:00 PM | Wednesday: 8:00 AM – 9:00 PM | Thursday: 8:00 AM – 9:00 PM | Friday: 8:00 AM – 9:00 PM | Saturday: 8:00 AM – 9:00 PM | Sunday: 8:00 AM – 9:00 PM,OPERATIONAL,Weligama Border,restaurant,cafe,Top,False
ChIJqxV7_0cV4ToRQzAezmDyy0A,Meewitha Restaurant Weligama,"486/C Matara Rd, Weligama 81700, Sri Lanka",5.973654000000001,80.43270969999999,4.8,,1.0,"establishment, food, point_of_interest, restaurant",077 910 5039,https://www.facebook.com/chamreggaeboy1/,Monday: 11:00 AM – 9:00 PM | Tuesday: 11:00 AM – 9:00 PM | Wednesday: 11:00 AM – 9:00 PM | Thursday: 11:00 AM – 9:00 PM | Friday: 11:00 AM – 9:00 PM | Saturday: 11:00 AM – 9:00 PM | Sunday: 11:00 AM – 9:00 PM,OPERATIONAL,Weligama Border,restaurant,restaurant,Top,False
ChIJpXbwc0gV4ToRPZOwKRMcpCo,Baba's Roty Shop & Restaurant,"538, pelane, Weligama 81700, Sri Lanka",5.9740668,80.4343846,3.8,,,"establishment, food, point_of_interest, restaurant",077 260 0475,https://www.facebook.com/pages/Babas-Roty-Shop-And-Restaurant/494282087398184,Monday: Open 24 hours | Tuesday: Open 24 hours | Wednesday: Open 24 hours | Thursday: Open 24 hours | Friday: Open 24 hours | Saturday: Open 24 hours | Sunday: Open 24 hours,OPERATIONAL,Weligama Border,restaurant,restaurant,Top,False
ChIJY3-26UcV4ToRAt_yPxmKEVY,Hangtime Hostel,"540 Weligama By Pass Rd, Weligama 81700, Sri Lanka",5.9730912,80.434591,4.5,,,"cafe, establishment, food, lodging, point_of_interest, restaurant, store",076 006 6468,http://www.hangtimehostel.com/,Monday: 7:30 AM – 8:00 PM | Tuesday: 7:30 AM – 8:00 PM | Wednesday: 7:30 AM – 8:00 PM | Thursday: 7:30 AM – 8:00 PM | Friday: 7:30 AM – 8:00 PM | Saturday: 7:30 AM – 8:00 PM | Sunday: 7:30 AM – 8:00 PM,OPERATIONAL,Weligama Border,restaurant,cafe,Top,False
ChIJh6jXyEcV4ToRXWZFsXgFTOI,Catamaran Restaurant,"Weligama By Pass Rd, Sri Lanka",5.9727218,80.4349019,4.0,,,"establishment, food, point_of_interest, restaurant",076 935 6757,,Monday: 8:00 AM – 11:00 PM | Tuesday: 8:00 AM – 11:00 PM | Wednesday: 8:00 AM – 11:00 PM | Thursday: 8:00 AM – 11:00 PM | Friday: 8:00 AM – 11:00 PM | Saturday: 8:00 AM – 11:00 PM | Sunday: 8:00 AM – 11:00 PM,OPERATIONAL,Weligama Border,restaurant,restaurant,Top,False
ChIJi-8nBjcV4ToR99gg2f8i8dU,Luvi Lucas River Side,"XCGP+JCW, Gangarama Cross Rd, Weligama, Sri Lanka",5.976613899999999,80.4360661,4.8,,1.0,"establishment, food, lodging, point_of_interest, restaurant",077 803 3775,,Monday: Open 24 hours | Tuesday: Open 24 hours | Wednesday: Open 24 hours | Thursday: Open 24 hours | Friday: Open 24 hours | Saturday: Open 24 hours | Sunday: Open 24 hours,OPERATIONAL,Weligama Border,restaurant,restaurant,Top,False
ChIJP2E87EUV4ToRxaMYvZVoJZ0,Big Fish Restaurant,"700 Matara Rd, Weligama 81700, Sri Lanka",5.97286,80.43893469999999,4.4,,,"establishment, food, point_of_interest, restaurant",0414 600 100,http://www.marriott.com/hotels/hotel-information/restaurant/cmbmc-weligama-bay-marriott-resort-and-spa,Monday: 7:00 – 11:00 PM | Tuesday: 7:00 – 11:00 PM | Wednesday: 7:00 – 11:00 PM | Thursday: 7:00 – 11:00 PM | Friday: 7:00 – 11:00 PM | Saturday: 7:00 – 11:00 PM | Sunday: 7:00 – 11:00 PM,OPERATIONAL,Weligama Border,restaurant,restaurant,Top,False
ChIJhfie0iIV4ToRMZCxsHr0GgU,Welle Gedara Homestay & Cooking,"Kaparatota, Weligama 81700, Sri Lanka",5.964947599999999,80.4213697,5.0,,,"establishment, food, lodging, point_of_interest, restaurant",071 312 3148,https://www.facebook.com/BeachHouse-1557323374552984/,Monday: Open 24 hours | Tuesday: Open 24 hours | Wednesday: Open 24 hours | Thursday: Open 24 hours | Friday: Open 24 hours | Saturday: Open 24 hours | Sunday: Open 24 hours,OPERATIONAL,Weligama Border,restaurant,restaurant,Top,False
ChIJgdsItkcV4ToRl87xaBIC_IY,"Kuma Surf Camp Weligama, Sri Lanka","Surf Beach, වැලිගම 81700, Sri Lanka",5.9708348,80.4431992,4.9,,,"establishment, food, lodging, point_of_interest, restaurant, store",077 433 3374,https://kumasurfcamp.com/,Monday: Open 24 hours | Tuesday: Open 24 hours | Wednesday: Open 24 hours | Thursday: Open 24 hours | Friday: Open 24 hours | Saturday: Open 24 hours | Sunday: Open 24 hours,OPERATIONAL,Weligama Border,restaurant,restaurant,Top,False
ChIJi0Wgdx8V4ToRd2ilSK6vFqo,Sithmal Restaurant & Homestay,"Weligama By Pass Rd, Weligama 81700, Sri Lanka",5.9617467,80.4136915,4.1,,,"establishment, food, point_of_interest, restaurant",074 375 1542,,Monday: 6:30 AM – 5:30 PM | Tuesday: 6:30 AM – 5:30 PM | Wednesday: 6:30 AM – 5:30 PM | Thursday: 6:30 AM – 5:30 PM | Friday: 6:30 AM – 5:30 PM | Saturday: 6:30 AM – 5:30 PM | Sunday: 6:30 AM – 5:30 PM,OPERATIONAL,Weligama Border,restaurant,restaurant,Top,False
ChIJn3kDIxoV4ToRjA0HAao_6aI,Tiki bar Weligama,"1 AwariYawaththa Kapparatota, Weligama 81700, Sri Lanka",5.957154999999999,80.4198128,4.2,,,"establishment, food, point_of_interest, restaurant",076 314 4517,http://www.facebook.com/tikiweligama%20%20%20%20%20#tiki_bar_weligama,Monday: 2:00 – 10:00 PM | Tuesday: 2:00 – 10:00 PM | Wednesday: 2:00 – 10:00 PM | Thursday: 2:00 – 10:00 PM | Friday: 2:00 PM – 4:00 AM | Saturday: Closed | Sunday: 2:00 – 10:00 PM,OPERATIONAL,Weligama Border,restaurant,restaurant,Top,False
ChIJAVEI7V4V4ToRLgJM3Gta0GA,Fujisan Restaurant,"Latheena Resort, Mirissa, POLWATHUMODARA, PELENA, Weligama 81700, Sri Lanka",5.9673926,80.4513051,4.5,,2.0,"establishment, food, point_of_interest, restaurant",077 367 0868,,,OPERATIONAL,Weligama Border,restaurant,restaurant,Top,False
ChIJR_BfeRkV4ToRATWtQkagJlA,Kavija Restaurant weligama,"KGD Stores, Awariyawatta Kapparatota, XC59+79C, Weligama 81740, Sri Lanka",5.9581842,80.41839709999999,4.9,,,"establishment, food, point_of_interest, restaurant",076 557 9202,,,OPERATIONAL,Weligama Border,restaurant,restaurant,Top,False
ChIJYWzrw1sV4ToRmIuaRciDk8E,Easy Life Happy Home &cafe,"Colombo - Galle - Hambantota - Wellawaya Rd, Weligama 81700, Sri Lanka",5.970371699999999,80.4484502,4.6,,,"cafe, establishment, food, point_of_interest, restaurant",071 480 8730,,Monday: 8:00 AM – 10:00 PM | Tuesday: 8:00 AM – 10:00 PM | Wednesday: 8:00 AM – 10:00 PM | Thursday: 8:00 AM – 10:00 PM | Friday: 8:00 AM – 10:00 PM | Saturday: 8:00 AM – 10:00 PM | Sunday: 8:00 AM – 10:00 PM,OPERATIONAL,Weligama Border,restaurant,cafe,Top,False
ChIJu9gLRhgV4ToRSNREeqJM7M0,Castle Bay Resort,"124, Kapparathota, Weligama 81700, Sri Lanka",5.961111100000001,80.4197222,4.5,,,"establishment, food, lodging, point_of_interest, restaurant, spa, travel_agency",0412 252 335,,Monday: Open 24 hours | Tuesday: Open 24 hours | Wednesday: Open 24 hours | Thursday: Open 24 hours | Friday: Open 24 hours | Saturday: Open 24 hours | Sunday: Open 24 hours,OPERATIONAL,Weligama Border,restaurant,restaurant,Top,False
ChIJiz7z4boV4ToR5Du50W5j0y4,Janaranjana Hotel,"No 145 Station Rd, Weligama, Sri Lanka",5.9755015,80.4280107,,,,"establishment, food, point_of_interest, restaurant",077 293 9191,,Monday: 5:30 AM – 10:00 PM | Tuesday: 5:30 AM – 10:00 PM | Wednesday: 5:30 AM – 10:00 PM | Thursday: 5:30 AM – 10:30 PM | Friday: 5:30 AM – 10:00 PM | Saturday: 5:30 AM – 10:00 PM | Sunday: Closed,OPERATIONAL,Weligama Border,restaurant,restaurant,Top,False
ChIJ5xwAFTcV4ToRlvPpi7vPdeg,Global Shopping (Pvt) Ltd & FOODCITY,"111 Vajiragnana Mawatha, Weligama 81700, Sri Lanka",5.9752725,80.42873929999999,3.8,,,"clothing_store, establishment, food, point_of_interest, restaurant, shopping_mall, store",076 005 2505,https://globalfoodcity.com/,Monday: 8:30 AM – 8:30 PM | Tuesday: 8:30 AM – 8:30 PM | Wednesday: 8:30 AM – 8:30 PM | Thursday: 8:30 AM – 8:30 PM | Friday: 8:30 AM – 8:30 PM | Saturday: 8:30 AM – 8:30 PM | Sunday: 8:30 AM – 8:30 PM,OPERATIONAL,Weligama Border,restaurant,restaurant,Top,False
ChIJ_z9c4AIV4ToRG6r_abcKlJc,Jay’s cafe,"No.327, sappukade, Weligama 81700, Sri Lanka",5.973807499999999,80.42850320000001,4.8,,,"cafe, establishment, food, point_of_interest, restaurant",077 754 1760,,Monday: 10:00 AM – 10:00 PM | Tuesday: 10:00 AM – 10:00 PM | Wednesday: 10:00 AM – 10:00 PM | Thursday: 10:00 AM – 10:00 PM | Friday: 10:00 AM – 10:00 PM | Saturday: 10:00 AM – 10:00 PM | Sunday: 11:00 AM – 10:00 PM,OPERATIONAL,Weligama Border,restaurant,cafe,Top,False
ChIJtzxhXzcV4ToRtth9LubCFTk,NGM Hotel & Bakers,"304 Main Street, වැලිගම 81700, Sri Lanka",5.9736148,80.4282355,4.4,,,"establishment, food, point_of_interest, restaurant",077 651 2565,https://ngmhotel.lk/,Monday: 5:00 AM – 10:00 PM | Tuesday: 5:00 AM – 10:00 PM | Wednesday: 5:00 AM – 10:00 PM | Thursday: 5:00 AM – 10:00 PM | Friday: 5:00 AM – 10:00 PM | Saturday: 5:00 AM – 10:00 PM | Sunday: 5:00 AM – 10:00 PM,OPERATIONAL,Weligama Border,restaurant,restaurant,Top,False
ChIJg8D0TwAV4ToRZ85uD8O53VI,Mara gaha yata rice kade,"XCFH+JHG, Weligama, Sri Lanka",5.9740517,80.4289384,,,,"establishment, food, point_of_interest, restaurant",077 711 7998,,,OPERATIONAL,Weligama Border,restaurant,restaurant,Top,False
ChIJG0E6M9YV4ToRWCu0NzGkc1k,Seegiri Hotel Weligama,"163 Hetti Weediya, Weligama, Sri Lanka",5.975569999999999,80.42721039999999,4.8,,,"establishment, food, point_of_interest, restaurant",077 048 5039,,Monday: 6:00 AM – 6:00 PM | Tuesday: 6:00 AM – 6:00 PM | Wednesday: 6:00 AM – 6:00 PM | Thursday: 6:00 AM – 6:00 PM | Friday: 6:00 AM – 6:00 PM | Saturday: 6:00 AM – 6:00 PM | Sunday: 6:00 AM – 6:00 PM,OPERATIONAL,Weligama Border,restaurant,restaurant,Top,False
ChIJy84gYDcV4ToRPz5EBJYJQRw,Jesmin Hotel,"No. 326, A2, Weligama, Sri Lanka",5.9736273,80.42858640000001,4.7,,,"establishment, food, point_of_interest, restaurant",072 625 7222,,Monday: 5:00 AM – 8:30 PM | Tuesday: 5:00 AM – 8:30 PM | Wednesday: 5:00 AM – 8:30 PM | Thursday: 5:00 AM – 8:30 PM | Friday: 5:00 AM – 8:30 PM | Saturday: 5:00 AM – 8:30 PM | Sunday: 5:00 AM – 8:30 PM,OPERATIONAL,Weligama Border,restaurant,restaurant,Top,False
ChIJk41cHwAV4ToRBxKQ3n0dtpU,Hot chicken,"35 Galbokka Rd, Weligama, Sri Lanka",5.9760794,80.428361,5.0,,,"establishment, food, point_of_interest, restaurant",,,,OPERATIONAL,Weligama Border,restaurant,restaurant,Top,False
ChIJ65qDDgAV4ToRD0NeDIVZMsE,La Felina Cafe and Restaurants,"No. 261 Main Street, Weligama 81700, Sri Lanka",5.973704,80.42692219999999,4.7,,,"establishment, food, point_of_interest, restaurant",076 886 9777,,Monday: 11:00 AM – 11:00 PM | Tuesday: 11:00 AM – 11:00 PM | Wednesday: 11:00 AM – 11:00 PM | Thursday: 11:00 AM – 11:00 PM | Friday: 11:00 AM – 11:00 PM | Saturday: 11:00 AM – 11:00 PM | Sunday: 11:00 AM – 11:00 PM,OPERATIONAL,Weligama Border,restaurant,restaurant,Top,False
ChIJcXW60DkV4ToRCiETy2v0sVM,Zam Zam Restaurant,"XCGH+F74, Samaraweera Pl, Weligama, Sri Lanka",5.9761314,80.42819879999999,4.4,,,"establishment, food, point_of_interest, restaurant",,,Monday: 7:00 AM – 10:00 PM | Tuesday: 7:00 AM – 10:00 PM | Wednesday: 7:00 AM – 10:00 PM | Thursday: 7:00 AM – 10:00 PM | Friday: 7:00 AM – 6:00 PM | Saturday: 7:00 AM – 10:00 PM | Sunday: 7:00 AM – 10:00 PM,OPERATIONAL,Weligama Border,restaurant,restaurant,Top,False
ChIJaXKV6mAV4ToRzlFc0dOUO9s,Black Olives Lounge,"229/B Samaraweera Pl, Weligama 81700, Sri Lanka",5.9735593,80.4291525,,,,"establishment, food, point_of_interest, restaurant",076 921 6951,,,OPERATIONAL,Weligama Border,restaurant,restaurant,Top,False
ChIJ4-HpUOEV4ToReaCCWyyYe5g,UNIQUE CHAI,"88 Samaraweera Pl, Weligama 81700, Sri Lanka",5.9735381,80.42915339999999,,,,"establishment, food, point_of_interest, restaurant",077 765 0656,,,OPERATIONAL,Weligama Border,restaurant,restaurant,Top,False
ChIJWbFTLQAV4ToRVpMNAM9C00g,Binu Home,"No 04 Modarawatta, Weligama, Sri Lanka",5.973710899999999,80.4293545,,,,"establishment, food, point_of_interest, restaurant",,,,OPERATIONAL,Weligama Border,restaurant,restaurant,Top,False
ChIJBzLNdwAV4ToRAT-W4BxIfSw,See you foods,"No 580,wanigasiri mawatha kudalumulla, Weligama, Sri Lanka",5.973710899999999,80.4293545,,,,"establishment, food, point_of_interest, restaurant",,,,OPERATIONAL,Weligama Border,restaurant,restaurant,Top,False
ChIJk1oNHB4V4ToRUGOlNMX5bwM,"Layback Rooftop Café, Restaurant & Bar (part of Layback surf camp)","Layback Surf Camp Rooftop, 247 Main Street, Weligama 81700, Sri Lanka",5.9736009,80.42664359999999,4.8,,,"bar, cafe, establishment, food, point_of_interest, restaurant, store",076 630 0126,https://www.layback.lk/weligama-cafe,Monday: 8:00 AM – 8:00 PM | Tuesday: 8:00 AM – 8:00 PM | Wednesday: 8:00 AM – 8:00 PM | Thursday: 8:00 AM – 8:00 PM | Friday: 8:00 AM – 8:00 PM | Saturday: 8:00 AM – 8:00 PM | Sunday: 8:00 AM – 8:00 PM,OPERATIONAL,Weligama Border,restaurant,cafe,Top,False
ChIJBcRrxTkV4ToRKyjV9TXZOk4,AVM cream house,"No : 03 Samaraweera Pl, Weligama 81700, Sri Lanka",5.973305799999999,80.4292287,4.0,,,"establishment, food, point_of_interest, restaurant",077 279 2495,,Monday: 8:00 AM – 9:00 PM | Tuesday: 8:00 AM – 9:00 PM | Wednesday: 8:00 AM – 9:00 PM | Thursday: 8:00 AM – 9:00 PM | Friday: 8:00 AM – 9:00 PM | Saturday: 8:00 AM – 9:00 PM | Sunday: 8:00 AM – 9:00 PM,OPERATIONAL,Weligama Border,restaurant,restaurant,Top,False
ChIJkxAhUQA54ToRfcLLNpJX7UQ,SABABA RESTAURANT WELIGAMA,"No 239/5 Mains street, Weligama, Sri Lanka",5.9736609,80.4263179,4.5,,,"establishment, food, point_of_interest, restaurant",071 199 4831,,Monday: 8:30 AM – 10:00 PM | Tuesday: 8:30 AM – 10:00 PM | Wednesday: 8:30 AM – 10:00 PM | Thursday: 8:30 AM – 10:00 PM | Friday: 8:30 AM – 10:30 PM | Saturday: 8:30 AM – 10:30 PM | Sunday: 8:30 AM – 10:30 PM,OPERATIONAL,Weligama Border,restaurant,restaurant,Top,False
ChIJK4iEfHwV4ToRoAiTB9lBsLw,Home Plus Restaurant,"Cooperative Building, Weligama, Sri Lanka",5.9738012,80.4297869,4.2,,,"establishment, food, point_of_interest, restaurant",077 880 0793,,Monday: 7:00 AM – 10:00 PM | Tuesday: 7:00 AM – 10:00 PM | Wednesday: 7:00 AM – 10:00 PM | Thursday: 7:00 AM – 10:00 PM | Friday: 7:00 AM – 10:00 PM | Saturday: 7:00 AM – 10:00 PM | Sunday: 7:00 AM – 10:00 PM,OPERATIONAL,Weligama Border,restaurant,restaurant,Top,False
ChIJw9dkMuYV4ToR3Dga2cKMC48,Sampath Rotti Shop,"Weligama Bus Stand, Weligama 81700, Sri Lanka",5.973469400000001,80.4297462,4.0,,,"establishment, food, point_of_interest, restaurant",070 143 3606,,Monday: 6:00 PM – 4:30 AM | Tuesday: 6:00 PM – 4:30 AM | Wednesday: 6:00 PM – 4:30 AM | Thursday: 6:00 PM – 4:30 AM | Friday: 6:00 PM – 4:30 AM | Saturday: 6:00 PM – 4:30 AM | Sunday: 6:00 PM – 4:30 AM,OPERATIONAL,Weligama Border,restaurant,restaurant,Top,False
ChIJG7-GLQAV4ToRvrdalFTHEaI,KFC Weligama,"234 Matara Rd, Weligama, Sri Lanka",5.9732555,80.4263568,3.8,,2.0,"establishment, food, point_of_interest, restaurant",0115 532 532,https://www.kfc.lk/,Monday: 10:00 AM – 11:00 PM | Tuesday: 10:00 AM – 11:00 PM | Wednesday: 10:00 AM – 11:00 PM | Thursday: 10:00 AM – 11:00 PM | Friday: 10:00 AM – 11:00 PM | Saturday: 10:00 AM – 11:00 PM | Sunday: 10:00 AM – 11:00 PM,OPERATIONAL,Weligama Border,restaurant,restaurant,Top,False
ChIJMXpcq5AV4ToRMclj3q8kRo0,"XCCH+XP Weligama, Sri Lanka","6 Samaraweera Pl, Weligama, Sri Lanka",5.9727578,80.4292601,5.0,,,"establishment, food, point_of_interest, restaurant",077 517 3657,,,OPERATIONAL,Weligama Border,restaurant,restaurant,Top,False
ChIJJZkEKzgV4ToRPSRnZpDxCos,Jonee Regale City,"A2, Weligama, Sri Lanka",5.9735473,80.4300348,3.7,,,"establishment, food, point_of_interest, restaurant",0412 252 453,https://www.joneeregalecity.lk/,Monday: 10:00 AM – 10:00 PM | Tuesday: 10:00 AM – 10:00 PM | Wednesday: 10:00 AM – 10:00 PM | Thursday: 10:00 AM – 10:00 PM | Friday: 10:00 AM – 10:00 PM | Saturday: 10:00 AM – 10:00 PM | Sunday: 10:00 AM – 10:00 PM,OPERATIONAL,Weligama Border,restaurant,restaurant,Top,False
ChIJSWemwFgV4ToR58dynQeo2dI,Rotty hut,"Samaraweera Pl, Weligama 04921, Sri Lanka",5.9728788,80.4294841,3.7,,,"establishment, food, point_of_interest, restaurant",077 880 0793,,,OPERATIONAL,Weligama Border,restaurant,restaurant,Top,False
ChIJEdskBDgV4ToRF1ztUN-k_kM,Devil's Travel and Tour,"XCGH+R7P, ගාලු පාර, Weligama 81700, Sri Lanka",5.9770943,80.4282171,,,,"establishment, food, point_of_interest, restaurant, travel_agency",071 212 4901,,Monday: Open 24 hours | Tuesday: Open 24 hours | Wednesday: Open 24 hours | Thursday: Open 24 hours | Friday: Open 24 hours | Saturday: Open 24 hours | Sunday: Open 24 hours,OPERATIONAL,Weligama Border,restaurant,restaurant,Top,False
ChIJ_TRfEVQV4ToRK7i5cCoUhro,Six upon six food corner,"117A Galbokka Rd, Weligama 81700, Sri Lanka",5.9769182,80.4290912,4.4,,,"establishment, food, point_of_interest, restaurant",076 693 4094,,Monday: 11:00 AM – 11:00 PM | Tuesday: 11:00 AM – 11:00 PM | Wednesday: 11:00 AM – 11:00 PM | Thursday: 11:00 AM – 11:00 PM | Friday: 11:00 AM – 11:00 PM | Saturday: 11:00 AM – 11:00 PM | Sunday: 11:00 AM – 11:00 PM,OPERATIONAL,Weligama Border,restaurant,restaurant,Top,False
ChIJC-tjU2gV4ToRyl1ecmrN7kU,Rasayuru Restaurant,"Matara Rd, Weligama, Sri Lanka",5.9736767,80.4303113,4.5,,,"establishment, food, point_of_interest, restaurant",074 221 3557,,Monday: 7:00 AM – 11:55 PM | Tuesday: 7:00 AM – 11:55 PM | Wednesday: 7:00 AM – 11:55 PM | Thursday: 7:00 AM – 11:55 PM | Friday: 7:00 AM – 11:55 PM | Saturday: 7:00 AM – 11:55 PM | Sunday: 7:00 AM – 11:55 PM,OPERATIONAL,Weligama Border,restaurant,restaurant,Top,False
ChIJXefnSzQV4ToRSAEGU8jAkNc,Hela Rasa Piyasa - Weligama,"XCCH+WG4, Paranakade, Sri Lanka",5.972260299999999,80.4288164,4.0,,,"establishment, food, point_of_interest, restaurant",071 868 2440,,,OPERATIONAL,Weligama Border,restaurant,restaurant,Top,False
ChIJI3UNAmwV4ToRjw9pcxLfINg,Weligood Waffles,"XCCH+V36, Weligama, Sri Lanka",5.972135499999999,80.4276331,5.0,,,"establishment, food, point_of_interest, restaurant",077 249 6532,,Monday: 8:00 – 11:00 AM | Tuesday: 8:00 – 11:00 AM | Wednesday: Closed | Thursday: Closed | Friday: 8:00 – 11:00 AM | Saturday: 8:00 – 11:00 AM | Sunday: 8:00 – 11:00 AM,OPERATIONAL,Weligama Border,restaurant,restaurant,Top,False
ChIJx8jYUgAV4ToRSbgjs89GbW8,Raavana Cafe,"121 Hettiweediya, Weligama 81700, Sri Lanka",5.974993899999999,80.42540249999999,5.0,,,"establishment, food, point_of_interest, restaurant",071 316 6013,,Monday: 8:00 AM – 2:00 PM | Tuesday: 8:00 AM – 2:00 PM | Wednesday: 8:00 AM – 2:00 PM | Thursday: 8:00 AM – 2:00 PM | Friday: 8:00 AM – 2:00 PM | Saturday: 8:00 AM – 2:00 PM | Sunday: 8:00 AM – 2:00 PM,OPERATIONAL,Weligama Border,restaurant,restaurant,Top,False
ChIJS8prtbYV4ToR1hSDzIlypT8,UNIQUE CHAI,"88 Galbokka Rd, Weligama 81700, Sri Lanka",5.976903000000001,80.4293194,5.0,,,"establishment, food, point_of_interest, restaurant",077 765 0656,,Monday: 3:30 PM – 1:30 AM | Tuesday: 3:30 PM – 1:30 AM | Wednesday: 3:30 PM – 1:30 AM | Thursday: 3:30 PM – 1:30 AM | Friday: 3:30 PM – 1:30 AM | Saturday: 3:30 PM – 1:30 AM | Sunday: 3:30 PM – 1:30 AM,OPERATIONAL,Weligama Border,restaurant,restaurant,Top,False
ChIJYaOzDxkV4ToRwDSPaMZRg8U,New Ajith Hotel,"7 Samaraweera Pl, Weligama 81700, Sri Lanka",5.972413599999999,80.42927840000002,4.9,,,"establishment, food, point_of_interest, restaurant",077 495 0880,,,OPERATIONAL,Weligama Border,restaurant,restaurant,Top,False
ChIJbWTHT2gV4ToRz-DNqRQWKzM,Cafe Yalu,"No: 16 Samaraweera Pl, Weligama 81700, Sri Lanka",5.9724131,80.4292789,4.5,,,"establishment, food, point_of_interest, restaurant",071 989 0292,,Monday: 9:00 AM – 10:00 PM | Tuesday: 9:00 AM – 10:00 PM | Wednesday: 9:00 AM – 10:00 PM | Thursday: 9:00 AM – 10:00 PM | Friday: 9:00 AM – 10:00 PM | Saturday: 9:00 AM – 10:00 PM | Sunday: 9:00 AM – 10:00 PM,OPERATIONAL,Weligama Border,restaurant,restaurant,Top,False
ChIJ34a2NAAV4ToREqefhNyOTC8,Сифуд,"XCCH+V36, Weligama, Sri Lanka",5.9720876,80.4276838,,,,"establishment, food, point_of_interest, restaurant",,,,OPERATIONAL,Weligama Border,restaurant,restaurant,Top,False
ChIJgZxhCX4V4ToRYkcxeU188_4,PLAN B Weligama,"223/1 Weligama By Pass Rd, Weligama 81700, Sri Lanka",5.9721609,80.4287253,4.9,,,"bar, cafe, establishment, food, point_of_interest, restaurant, store",071 222 0798,https://www.planbsrilanka.com/,Monday: 8:00 AM – 9:00 PM | Tuesday: 8:00 AM – 9:00 PM | Wednesday: 8:00 AM – 9:00 PM | Thursday: 8:00 AM – 9:00 PM | Friday: 8:00 AM – 9:00 PM | Saturday: 8:00 AM – 9:00 PM | Sunday: 8:00 AM – 9:00 PM,OPERATIONAL,Weligama Border,restaurant,cafe,Top,False
ChIJUyg8yzkV4ToR78Lqj1RnGIg,Gold Coast Resort,"XCFH+2VH, Weligama By Pass Rd, Weligama, Sri Lanka",5.9725628,80.4297479,4.0,,,"establishment, food, point_of_interest, restaurant",076 280 3434,,Monday: Open 24 hours | Tuesday: Open 24 hours | Wednesday: Open 24 hours | Thursday: Open 24 hours | Friday: Open 24 hours | Saturday: Open 24 hours | Sunday: Open 24 hours,OPERATIONAL,Weligama Border,restaurant,restaurant,Top,False
ChIJudUJtjkV4ToRRbb0tVaJbe0,Red Apple Restaurant,"10 Samaraweera Pl, Weligama, Sri Lanka",5.9723172,80.4295202,3.8,,,"establishment, food, point_of_interest, restaurant",071 607 5940,,Monday: 7:00 AM – 10:00 PM | Tuesday: 7:00 AM – 10:00 PM | Wednesday: 7:00 AM – 10:00 PM | Thursday: 7:00 AM – 10:00 PM | Friday: 7:00 AM – 10:00 PM | Saturday: 7:00 AM – 10:00 PM | Sunday: 7:00 AM – 10:00 PM,OPERATIONAL,Weligama Border,restaurant,restaurant,Top,False
ChIJ_1-EDgAV4ToR4WsSKDcn_to,Number One Fish Point,"Number One Fish Point, New Galle Road, Weligama, Sri Lanka",5.971871,80.4283232,4.8,,,"establishment, food, point_of_interest, restaurant",0412 260 378,,Monday: 10:00 AM – 11:00 PM | Tuesday: 10:00 AM – 11:00 PM | Wednesday: 10:00 AM – 11:00 PM | Thursday: 10:00 AM – 11:00 PM | Friday: 10:00 AM – 11:00 PM | Saturday: 10:00 AM – 11:00 PM | Sunday: 10:00 AM – 11:00 PM,OPERATIONAL,Weligama Border,restaurant,restaurant,Top,False
ChIJ0Qr3HAAV4ToRvGhjyqkRklM,Sithum Fish Point,"XCCH+P7V, Bypass Beach Road, Weligama 81700, Sri Lanka",5.9718646,80.42829669999999,4.9,,,"establishment, food, point_of_interest, restaurant",077 521 7518,,Monday: 9:00 AM – 10:00 PM | Tuesday: 9:00 AM – 10:00 PM | Wednesday: 9:00 AM – 10:00 PM | Thursday: 9:00 AM – 10:00 PM | Friday: 9:00 AM – 10:00 PM | Saturday: 9:00 AM – 10:00 PM | Sunday: 9:00 AM – 10:00 PM,OPERATIONAL,Weligama Border,restaurant,restaurant,Top,False
ChIJw7DR8EgV4ToRICKlG3eHWGs,Winnie Rose Weligama,"39 Samaraweera Pl, Weligama 81700, Sri Lanka",5.973323499999999,80.4305014,4.8,,,"establishment, food, point_of_interest, restaurant",071 147 5959,https://web.facebook.com/winnieroseweligama,Monday: 8:00 AM – 10:00 PM | Tuesday: 8:00 AM – 10:00 PM | Wednesday: 8:00 AM – 10:00 PM | Thursday: 8:00 AM – 10:00 PM | Friday: 8:00 AM – 10:00 PM | Saturday: 8:00 AM – 10:00 PM | Sunday: 8:00 AM – 10:00 PM,OPERATIONAL,Weligama Border,restaurant,restaurant,Top,False
ChIJfwJuSDcV4ToR2fch6dBctFk,Sisila Cream House,"Station Rd, Weligama, Sri Lanka",5.9748167,80.4277659,4.8,,,"cafe, establishment, food, point_of_interest",071 921 9577,,Monday: 9:00 AM – 6:30 PM | Tuesday: 9:00 AM – 6:30 PM | Wednesday: 9:00 AM – 6:30 PM | Thursday: 9:00 AM – 6:30 PM | Friday: 9:00 AM – 6:30 PM | Saturday: 9:00 AM – 6:30 PM | Sunday: 9:00 AM – 6:30 PM,OPERATIONAL,Weligama Border,cafe,cafe,Top,False
ChIJp5mGeTcV4ToRxSb2725_GWs,Sahana Cream House,"XCFH+MR7, Weligama, Sri Lanka",5.9741521,80.4295558,3.1,,,"cafe, establishment, food, point_of_interest",,,,OPERATIONAL,Weligama Border,cafe,cafe,Top,False
ChIJr_mqQgAV4ToRQogiNEOgBkU,sewmini cafe,"XCGH+4WG, Weligama, Sri Lanka",5.975301099999999,80.4298289,4.9,,,"cafe, establishment, food, point_of_interest, store",,,,OPERATIONAL,Weligama Border,cafe,cafe,Top,False
ChIJG1vZGgAV4ToRMEXPab9gr9g,Cafe AMORE,"no 15, 4 Samaraweera Pl, Weligama 81700, Sri Lanka",5.9732401,80.4294638,4.8,,,"cafe, establishment, food, point_of_interest, store",077 549 6647,,Monday: 9:00 AM – 10:00 PM | Tuesday: 9:00 AM – 10:00 PM | Wednesday: 9:00 AM – 10:00 PM | Thursday: 9:00 AM – 10:00 PM | Friday: 9:00 AM – 10:00 PM | Saturday: 9:00 AM – 10:00 PM | Sunday: 9:00 AM – 10:00 PM,OPERATIONAL,Weligama Border,cafe,cafe,Top,False
ChIJSwWTglIV4ToR-kbA1cVVHMo,RIZZIE'S Cafe weligama,"217 By Pass Road, Weligama 81700, Sri Lanka",5.9721851,80.42866049999999,5.0,,,"cafe, establishment, food, point_of_interest",074 126 4377,https://www.instagram.com/rizzies_weligama/#,Monday: 7:00 AM – 7:00 PM | Tuesday: 7:00 AM – 7:00 PM | Wednesday: 7:00 AM – 7:00 PM | Thursday: 7:00 AM – 7:00 PM | Friday: 7:00 AM – 7:00 PM | Saturday: 7:00 AM – 7:00 PM | Sunday: 7:00 AM – 7:00 PM,OPERATIONAL,Weligama Border,cafe,cafe,Top,False
ChIJ4Run2CcV4ToRadsgjNmexgg,P&S (Perera & Sons) - Weligama,"10 Samaraweera Pl, Weligama, Sri Lanka",5.9723619,80.4294682,4.2,,2.0,"cafe, establishment, food, point_of_interest",0414 939 384,http://pereraandsons.com/,Monday: 6:15 AM – 8:00 PM | Tuesday: 6:15 AM – 8:00 PM | Wednesday: 6:15 AM – 8:00 PM | Thursday: 6:15 AM – 8:00 PM | Friday: 6:15 AM – 8:00 PM | Saturday: 6:15 AM – 8:00 PM | Sunday: 6:15 AM – 8:00 PM,OPERATIONAL,Weligama Border,cafe,cafe,Top,False
ChIJhbP4Ww4V4ToRuJs98FzCdCk,flow café Weligama,"No. 220/ 11 Paranakade, Weligama 81700, Sri Lanka",5.9724258,80.42634919999999,4.6,,,"cafe, establishment, food, point_of_interest",077 246 7777,https://www.flow-lanka.com/,Monday: 7:00 AM – 3:00 PM | Tuesday: 7:00 AM – 3:00 PM | Wednesday: 7:00 AM – 3:00 PM | Thursday: 7:00 AM – 3:00 PM | Friday: 7:00 AM – 3:00 PM | Saturday: 7:00 AM – 3:00 PM | Sunday: 7:00 AM – 3:00 PM,OPERATIONAL,Weligama Border,cafe,cafe,Top,False
ChIJz6PU0u8V4ToR5HeOyM-29yI,Rangani's coconuts,"Near XC9X+V89 Rangani's coconuts, Matara, Weligama, Sri Lanka",5.9773782,80.4288487,,,,"cafe, establishment, food, point_of_interest",071 558 1533,,,OPERATIONAL,Weligama Border,cafe,cafe,Top,False
ChIJ0wmKcQAV4ToRjOqv08XhVB8,Coffee With Suzy,"Weligama, Sri Lanka",5.9719397,80.4272778,,,,"cafe, establishment, food, point_of_interest, store",076 002 5002,,Monday: 10:00 AM – 3:30 AM | Tuesday: 10:00 AM – 3:30 AM | Wednesday: Closed | Thursday: 10:00 AM – 3:30 AM | Friday: 10:00 AM – 3:30 AM | Saturday: 10:00 AM – 3:30 AM | Sunday: 10:00 AM – 12:00 AM,OPERATIONAL,Weligama Border,cafe,cafe,Top,False
ChIJv8oqBAAV4ToR2h_XKwu0cO0,තේ කඩය,"XCGH+XGG, Weligama, Sri Lanka",5.9774312,80.42882879999999,,,,"cafe, establishment, food, point_of_interest, store",,,,OPERATIONAL,Weligama Border,cafe,cafe,Top,False
ChIJW0RK5LwV4ToRzePOKZHmsvc,COCO Cafe Weligama,"620/1-A Matara Rd, Weligama 81700, Sri Lanka",5.9774312,80.42882879999999,,,,"cafe, establishment, food, point_of_interest",071 011 4495,,,OPERATIONAL,Weligama Border,cafe,cafe,Top,False
ChIJu7ThJL8V4ToRRmrzoHiHnao,Ballekta kanna Bari rice,"XCGH+XGG, Weligama, Sri Lanka",5.9774312,80.42882879999999,,,,"cafe, establishment, food, point_of_interest, store",,,,OPERATIONAL,Weligama Border,cafe,cafe,Top,False
ChIJXXx0PwwV4ToRxOYQdZT9GL4,Moochies Cafe & Restaurant,"32 Samaraweera Pl, Weligama, Sri Lanka",5.9726102,80.43021999999999,4.8,,,"cafe, establishment, food, point_of_interest, restaurant",076 538 5910,,Monday: 8:00 AM – 5:00 PM | Tuesday: 8:00 AM – 5:00 PM | Wednesday: 8:00 AM – 5:00 PM | Thursday: 8:00 AM – 5:00 PM | Friday: 8:00 AM – 5:00 PM | Saturday: 8:00 AM – 5:00 PM | Sunday: 8:00 AM – 5:00 PM,OPERATIONAL,Weligama Border,cafe,cafe,Top,False
ChIJh_dJ7_cV4ToRjnpVyKt0ApY,Caffena - Weligama,"NO 43/B Samaraweera Pl, Weligama 81700, Sri Lanka",5.972745799999999,80.430808,4.8,,,"cafe, establishment, food, point_of_interest",077 474 7126,,Monday: 6:00 AM – 10:00 PM | Tuesday: 6:00 AM – 10:00 PM | Wednesday: 6:00 AM – 10:00 PM | Thursday: 6:00 AM – 10:00 PM | Friday: 6:00 AM – 10:00 PM | Saturday: 6:00 AM – 10:00 PM | Sunday: 6:00 AM – 10:00 PM,OPERATIONAL,Weligama Border,cafe,cafe,Top,False
ChIJ5UB8r8IV4ToR-GTp5I1Opbc,MACO Weligama,"Weligama old road, Weligama 81700, Sri Lanka",5.972429399999999,80.4307872,4.9,,,"cafe, establishment, food, point_of_interest",076 403 8594,,Monday: 7:00 AM – 10:00 PM | Tuesday: 7:00 AM – 10:00 PM | Wednesday: 7:00 AM – 10:00 PM | Thursday: 7:00 AM – 10:00 PM | Friday: 7:00 AM – 10:00 PM | Saturday: 7:00 AM – 10:00 PM | Sunday: 7:00 AM – 10:00 PM,OPERATIONAL,Weligama Border,cafe,cafe,Top,False
ChIJTzdcDgAV4ToRzDf3SvByhls,Munsif 's home,"67/2 Buhari masjidh mw, Galbokka Rd, Weligama, Sri Lanka",5.9767253,80.4309799,,,,"cafe, establishment, food, point_of_interest, store",,,,OPERATIONAL,Weligama Border,cafe,cafe,Top,False
ChIJj5NwWWQV4ToRW-M7j4KyjZ4,Elements Sri Lanka,"No51 Samaraweera Pl, Weligama 81700, Sri Lanka",5.9731461,80.4313212,4.9,,,"cafe, establishment, food, point_of_interest",070 574 0333,,Monday: 7:00 AM – 9:00 PM | Tuesday: 7:00 AM – 9:00 PM | Wednesday: 7:00 AM – 9:00 PM | Thursday: 7:00 AM – 9:00 PM | Friday: 7:00 AM – 9:00 PM | Saturday: 7:00 AM – 9:00 PM | Sunday: 7:00 AM – 9:00 PM,OPERATIONAL,Weligama Border,cafe,cafe,Top,False
ChIJ1ZRBHAAV4ToRTmtvHwD6ehs,Chai hut-Weligama,"XCCJ+WCF, Weligama, Sri Lanka",5.9723245,80.4312824,5.0,,,"cafe, establishment, food, point_of_interest, store",070 531 1095,,Monday: 7:30 AM – 5:00 PM | Tuesday: 7:30 AM – 5:00 PM | Wednesday: 7:30 AM – 5:00 PM | Thursday: 7:30 AM – 5:00 PM | Friday: 7:30 AM – 5:00 PM | Saturday: 7:30 AM – 5:00 PM | Sunday: 7:30 AM – 5:00 PM,OPERATIONAL,Weligama Border,cafe,cafe,Top,False
ChIJU_MUDm4V4ToRtqNbkUVsR_4,Happy Hammocks,"Next to Cargills Food City, 287, Weligama 81700, Sri Lanka",5.972991299999999,80.4321054,4.8,,,"cafe, establishment, food, lodging, point_of_interest",077 834 0685,,,OPERATIONAL,Weligama Border,cafe,cafe,Top,False
ChIJsTyLHgAV4ToRlvuY0Wi4nk8,Cafe Keith,"486 Matara Rd, Weligama, Sri Lanka",5.973599600000001,80.4325953,4.9,,,"cafe, establishment, food, point_of_interest, restaurant",077 345 9450,,Monday: 8:00 AM – 11:00 PM | Tuesday: 8:00 AM – 11:00 PM | Wednesday: 8:00 AM – 11:00 PM | Thursday: 8:00 AM – 11:00 PM | Friday: 8:00 AM – 11:00 PM | Saturday: 8:00 AM – 11:00 PM | Sunday: 8:00 AM – 11:00 PM,OPERATIONAL,Weligama Border,cafe,cafe,Top,False
ChIJi8owXpEV4ToR-Se0AuZYXpU,KOPI,"475/2, Matara Road, Palana, Weligama 81700, Sri Lanka",5.9741947,80.4334886,4.7,,,"cafe, establishment, food, point_of_interest, store",071 042 4440,,Monday: 8:00 AM – 5:00 PM | Tuesday: 8:00 AM – 5:00 PM | Wednesday: 8:00 AM – 5:00 PM | Thursday: 8:00 AM – 5:00 PM | Friday: 8:00 AM – 5:00 PM | Saturday: 8:00 AM – 5:00 PM | Sunday: 8:00 AM – 5:00 PM,OPERATIONAL,Weligama Border,cafe,cafe,Top,False
ChIJe77Iv84V4ToRIdOJT2F7kVU,Nono’s Coffee & Bread,"28 1 Jankalapuwaththa, Weligama 81700, Sri Lanka",5.9730272,80.4333454,5.0,,,"cafe, establishment, food, point_of_interest, store",076 047 2828,,Monday: 8:00 AM – 12:30 PM | Tuesday: 8:00 AM – 12:30 PM | Wednesday: 8:00 AM – 12:30 PM | Thursday: 8:00 AM – 12:30 PM | Friday: 8:00 AM – 12:30 PM | Saturday: Closed | Sunday: Closed,OPERATIONAL,Weligama Border,cafe,cafe,Top,False
ChIJT3a4x24V4ToRd5OCnJaE9AU,Salty Heart - Surf House,"28 1 Jankalapuwaththa, Weligama 81700, Sri Lanka",5.973069499999999,80.4333817,5.0,,,"cafe, establishment, food, lodging, point_of_interest",076 047 2828,http://www.salty-heart.com/,,OPERATIONAL,Weligama Border,cafe,cafe,Top,False
ChIJbQ_FTUwV4ToRecseHrk03sU,Barista Bay Weligama,"No.55/12 ,By Pass Road, Main Street, Weligama 87100, Sri Lanka",5.9701762,80.42431239999999,5.0,,,"cafe, establishment, food, point_of_interest, store",071 337 3995,,Monday: 9:00 AM – 5:00 PM | Tuesday: 7:00 AM – 6:00 PM | Wednesday: 7:00 AM – 6:00 PM | Thursday: 7:00 AM – 6:00 PM | Friday: 7:00 AM – 6:00 PM | Saturday: 7:00 AM – 6:00 PM | Sunday: 9:00 AM – 5:00 PM,OPERATIONAL,Weligama Border,cafe,cafe,Top,False
ChIJyVY4M-IV4ToR28Pa7pnFu30,Restaurant weligama,"No.28 first cross road palana, Weligama 81700, Sri Lanka",5.9730123,80.43359799999999,4.8,,,"bar, cafe, establishment, food, point_of_interest, restaurant",,,Monday: 8:30 AM – 10:30 PM | Tuesday: 8:30 AM – 10:30 PM | Wednesday: 8:30 AM – 10:30 PM | Thursday: 8:30 AM – 10:30 PM | Friday: 8:30 AM – 10:30 PM | Saturday: 8:30 AM – 10:30 PM | Sunday: 8:30 AM – 10:30 PM,OPERATIONAL,Weligama Border,cafe,cafe,Top,False
ChIJvdWffQAV4ToRtzDLfZr-N9Y,The Picnic restaurant,"No 28 first cross road Pelana, beach, Weligama 81700, Sri Lanka",5.9729239,80.4336548,4.8,,,"bar, cafe, establishment, food, point_of_interest, restaurant",,,Monday: 7:00 AM – 11:00 PM | Tuesday: 7:00 AM – 11:00 PM | Wednesday: 7:00 AM – 11:00 PM | Thursday: 7:00 AM – 11:00 PM | Friday: 7:00 AM – 11:00 PM | Saturday: 7:00 AM – 11:00 PM | Sunday: 7:00 AM – 11:00 PM,OPERATIONAL,Weligama Border,cafe,cafe,Top,False
ChIJ36vahaIV4ToRE3e7oa4T5lk,Beach Break Surf Hostel & Restaurant,"520 Matara Rd, Weligama 81700, Sri Lanka",5.9740249,80.4339146,3.5,,,"bar, cafe, establishment, food, lodging, point_of_interest, restaurant",077 138 9633,https://www.instagram.com/beachbreaksurfhostel/?hl=en,,OPERATIONAL,Weligama Border,cafe,cafe,Top,False
ChIJU041i34V4ToRdQLbzPYqUYU,Surf's Up Hotel,"No 429 New Galle Rd, Weligama, Sri Lanka",5.9728539,80.4338054,4.4,,,"bar, cafe, establishment, food, lodging, point_of_interest, restaurant, store",8 (969) 039-07-19,https://surfs-up.ru/,Monday: 9:00 AM – 11:00 PM | Tuesday: 9:00 AM – 11:00 PM | Wednesday: 9:00 AM – 11:00 PM | Thursday: 9:00 AM – 11:00 PM | Friday: 9:00 AM – 11:00 PM | Saturday: 9:00 AM – 11:00 PM | Sunday: 9:00 AM – 11:00 PM,OPERATIONAL,Weligama Border,cafe,cafe,Top,False
ChIJ4cQ2MwAV4ToRf7k_i-g5k4I,Coffee n’ Kulfi,"254, 3 New St, Weligama, Sri Lanka",5.979814699999999,80.4313571,5.0,,,"cafe, establishment, food, point_of_interest, store",077 470 8487,,Monday: 1:30 – 10:00 PM | Tuesday: 1:30 – 10:00 PM | Wednesday: 1:30 – 10:00 PM | Thursday: 1:30 – 10:00 PM | Friday: 1:30 – 10:00 PM | Saturday: 1:30 – 10:00 PM | Sunday: 1:30 – 10:00 PM,OPERATIONAL,Weligama Border,cafe,cafe,Top,False
ChIJC_X9--wV4ToRii1xb7yfpBE,Lof Weligama,"Weligama By Pass Rd, Weligama 81700, Sri Lanka",5.9690477,80.42457449999999,4.9,,,"cafe, establishment, food, point_of_interest",077 462 0485,,Monday: 10:00 AM – 10:00 PM | Tuesday: 10:00 AM – 10:00 PM | Wednesday: 10:00 AM – 10:00 PM | Thursday: 10:00 AM – 10:00 PM | Friday: 10:00 AM – 10:00 PM | Saturday: 10:00 AM – 10:00 PM | Sunday: 10:00 AM – 10:00 PM,OPERATIONAL,Weligama Border,cafe,cafe,Top,False
ChIJxd6SV48V4ToRN4cr13ICbak,Little Beach Shack,"Beach Road, Weligama 81700, Sri Lanka",5.9724723,80.4343784,3.0,,,"cafe, establishment, food, point_of_interest",,,Monday: 8:00 AM – 5:00 PM | Tuesday: 8:00 AM – 5:00 PM | Wednesday: 8:00 AM – 5:00 PM | Thursday: 8:00 AM – 5:00 PM | Friday: 8:00 AM – 5:00 PM | Saturday: 8:00 AM – 5:00 PM | Sunday: 8:00 AM – 5:00 PM,OPERATIONAL,Weligama Border,cafe,cafe,Top,False
ChIJ_w0D0EcV4ToR7yEFlTHTzBo,Hangtime Rooftop Restaurant,"540 Weligama By Pass Rd, Weligama 81700, Sri Lanka",5.9730851,80.434604,4.5,,,"cafe, establishment, food, point_of_interest, restaurant",077 078 2025,https://www.hangtimehostel.com/best-restaurant-weligama/,Monday: 7:00 AM – 10:00 PM | Tuesday: 7:00 AM – 10:00 PM | Wednesday: 7:00 AM – 10:00 PM | Thursday: 7:00 AM – 10:00 PM | Friday: 7:00 AM – 10:00 PM | Saturday: 7:00 AM – 10:00 PM | Sunday: 7:00 AM – 10:00 PM,OPERATIONAL,Weligama Border,cafe,cafe,Top,False
ChIJdTdwc6QV4ToRbmjvVhxbqWE,Café Samaya Restaurant,"Kanakamage Watha, Weligama By Pass Rd, Weligama 81700, Sri Lanka",5.9730175,80.4349573,4.9,,,"bar, cafe, establishment, food, point_of_interest, restaurant, store",077 339 5212,https://casasamaya.com/restaurant.html,Monday: 8:00 AM – 11:00 PM | Tuesday: 8:00 AM – 11:00 PM | Wednesday: 8:00 AM – 11:00 PM | Thursday: 8:00 AM – 11:00 PM | Friday: 8:00 AM – 11:00 PM | Saturday: 8:00 AM – 11:00 PM | Sunday: 8:00 AM – 11:00 PM,OPERATIONAL,Weligama Border,cafe,cafe,Top,False
ChIJ1zZaUQAV4ToRmnPf_4UItaw,Bays Coffee and Cream,"XCFP+42Q, Weligama By Pass Rd, Weligama, Sri Lanka",5.972831999999999,80.4351152,5.0,,,"cafe, establishment, food, point_of_interest, store",,,Monday: Closed | Tuesday: 7:30 AM – 4:30 PM | Wednesday: 7:30 AM – 4:30 PM | Thursday: 7:30 AM – 4:30 PM | Friday: 7:30 AM – 4:30 PM | Saturday: 7:30 AM – 4:30 PM | Sunday: 7:30 AM – 4:30 PM,OPERATIONAL,Weligama Border,cafe,cafe,Top,False
ChIJnaRoBgAV4ToR2yFkUF8YzI4,Daddy's Chai,"278 New St, Weligama 81700, Sri Lanka",5.9809703,80.4320139,4.9,,,"cafe, establishment, food, point_of_interest, store",076 643 9772,,Monday: 4:30 PM – 12:59 AM | Tuesday: 4:30 PM – 12:59 AM | Wednesday: 4:30 PM – 12:59 AM | Thursday: 4:30 PM – 12:59 AM | Friday: 4:30 PM – 12:59 AM | Saturday: 4:30 PM – 12:59 AM | Sunday: 4:30 PM – 12:00 AM,OPERATIONAL,Weligama Border,cafe,cafe,Top,False
ChIJffb8sU0V4ToRlMURY7amWxs,Nutry Cafe,"13 Galle Road, Main Street, Weligama 81700, Sri Lanka",5.9683217,80.4240449,4.8,,,"cafe, establishment, food, point_of_interest, restaurant, store",077 555 8394,,Monday: 9:00 AM – 4:30 PM | Tuesday: 9:00 AM – 4:30 PM | Wednesday: 9:00 AM – 4:30 PM | Thursday: 9:00 AM – 4:30 PM | Friday: 9:00 AM – 4:30 PM | Saturday: 9:00 AM – 4:30 PM | Sunday: 9:00 AM – 4:30 PM,OPERATIONAL,Weligama Border,cafe,cafe,Top,False
ChIJYakS1qEV4ToRFjLe2YKdwM8,ceylon dlicious food,"Kohunugamuwa Rd, Weligama, Sri Lanka",5.981873999999999,80.4310021,4.7,,,"cafe, establishment, food, point_of_interest, store",0412 252 512,,Monday: 7:30 AM – 8:30 PM | Tuesday: 7:30 AM – 8:30 PM | Wednesday: 7:30 AM – 8:30 PM | Thursday: 7:30 AM – 8:30 PM | Friday: 7:30 AM – 8:30 PM | Saturday: 7:30 AM – 8:30 PM | Sunday: 7:30 AM – 8:30 PM,OPERATIONAL,Weligama Border,cafe,cafe,Top,False
ChIJ1eNrGcsV4ToR_W0HJpqV1RQ,"Co - Living Memories Hotel, hostel and restaurant","6 Hetti Weediya, Weligama 81700, Sri Lanka",5.9689615,80.4222419,4.6,,,"cafe, establishment, food, lodging, point_of_interest",076 706 0426,,"Monday: 8:30 AM – 3:00 PM, 6:00 – 10:00 PM | Tuesday: 8:30 AM – 3:00 PM, 6:00 – 10:00 PM | Wednesday: 8:30 AM – 3:00 PM, 6:00 – 10:00 PM | Thursday: 8:30 AM – 3:00 PM, 6:00 – 10:00 PM | Friday: 8:30 AM – 3:00 PM, 6:00 – 10:00 PM | Saturday: 8:30 AM – 3:00 PM, 6:00 – 10:00 PM | Sunday: 8:30 AM – 3:00 PM, 6:00 – 10:00 PM",OPERATIONAL,Weligama Border,cafe,cafe,Top,False
ChIJPbAlhkkV4ToRtud-KU8aAa0,Freedom Surf Villa,"Road, වැලිගම, Sri Lanka",5.9765719,80.43589109999999,5.0,,,"cafe, establishment, food, lodging, point_of_interest",076 986 4839,http://www.freedomsrilanka.com/,,OPERATIONAL,Weligama Border,cafe,cafe,Top,False
ChIJU0aq6I8V4ToRRDC_UXQgMQY,Java Lounge -Weligama Beach,"No 7 Dimari Road, maha street, Weligama 81700, Sri Lanka",5.9677802,80.42358709999999,4.5,,,"cafe, establishment, food, point_of_interest, store",070 188 8641,,Monday: 7:00 AM – 10:00 PM | Tuesday: 7:00 AM – 10:00 PM | Wednesday: 7:00 AM – 10:00 PM | Thursday: 7:00 AM – 10:00 PM | Friday: 7:00 AM – 10:00 PM | Saturday: 7:00 AM – 10:00 PM | Sunday: 7:00 AM – 10:00 PM,OPERATIONAL,Weligama Border,cafe,cafe,Top,False
ChIJrfHXGgAV4ToRVOCmd0ekvsE,Floating Boat restaurant,"XCGP+JCW, Gangarama Cross Rd, Weligama, Sri Lanka",5.9766981,80.436024,5.0,,,"cafe, establishment, food, point_of_interest, store",,,,OPERATIONAL,Weligama Border,cafe,cafe,Top,False
ChIJl2i-PAAV4ToRea2TvZTrcFs,KAIFF,"West, Sri Lanka",5.973408099999999,80.43635739999999,4.7,,,"bar, cafe, establishment, food, point_of_interest, store",077 671 9491,https://www.instagram.com/kaiff.weligama/,Monday: 9:00 AM – 1:00 AM | Tuesday: 9:00 AM – 1:00 AM | Wednesday: 9:00 AM – 1:00 AM | Thursday: 9:00 AM – 1:00 AM | Friday: 9:00 AM – 1:00 AM | Saturday: 9:00 AM – 1:00 AM | Sunday: 9:00 AM – 1:00 AM,OPERATIONAL,Weligama Border,cafe,cafe,Top,False
ChIJ90TIXgAV4ToRfkD7XSfJuZw,Welligama,"XC9C+HMR, Matara Rd, Weligama, Sri Lanka",5.968994599999999,80.42165589999999,,,,"cafe, establishment, food, point_of_interest, store",,,,OPERATIONAL,Weligama Border,cafe,cafe,Top,False
ChIJ510J5l0V4ToRUF7PvMUJo_8,The Delicious,"XCHP+785, Weligama, Sri Lanka",5.9781292,80.4358723,4.8,,,"cafe, establishment, food, point_of_interest",,,Monday: 7:00 AM – 10:00 PM | Tuesday: 7:00 AM – 10:00 PM | Wednesday: 7:00 AM – 10:00 PM | Thursday: 7:00 AM – 10:00 PM | Friday: 7:00 AM – 10:00 PM | Saturday: 7:00 AM – 10:00 PM | Sunday: 7:00 AM – 10:00 PM,OPERATIONAL,Weligama Border,cafe,cafe,Top,False
ChIJ9clVLk0V4ToRKszdisVN1iY,Rich Berry Cafe and Restaurant,"Polwath, Weligama 81730, Sri Lanka",5.9785225,80.4363122,5.0,,,"cafe, establishment, food, point_of_interest, restaurant, store",077 023 8151,,Monday: 8:30 AM – 9:00 PM | Tuesday: 8:30 AM – 9:00 PM | Wednesday: 8:00 AM – 9:00 PM | Thursday: 8:30 AM – 9:00 PM | Friday: 8:30 AM – 9:00 PM | Saturday: 8:00 AM – 9:00 PM | Sunday: 8:30 AM – 9:00 PM,OPERATIONAL,Weligama Border,cafe,cafe,Top,False
ChIJyd_-RwAV4ToRVUvt5Jqc1ZU,YO! - your better choice | All day breakfast,"XCFQ+G3H, Matara Rd, Weligama, Sri Lanka",5.97382,80.4377415,5.0,,,"cafe, establishment, food, point_of_interest, store",078 825 1707,,Monday: 8:30 AM – 5:30 PM | Tuesday: 8:30 AM – 5:30 PM | Wednesday: 8:30 AM – 5:30 PM | Thursday: 8:30 AM – 5:30 PM | Friday: 8:30 AM – 5:30 PM | Saturday: 8:30 AM – 5:30 PM | Sunday: 8:30 AM – 5:30 PM,OPERATIONAL,Weligama Border,cafe,cafe,Top,False
ChIJt_81GAAV4ToRfFgVGP_-O90,Mates Coffee Club,"XCFQ+G3H, Matara Rd, Weligama, Sri Lanka",5.9737947,80.4377525,4.7,,,"cafe, establishment, food, point_of_interest",,,Monday: 8:00 AM – 5:00 PM | Tuesday: 8:00 AM – 5:00 PM | Wednesday: 8:00 AM – 5:00 PM | Thursday: 8:00 AM – 5:00 PM | Friday: 8:00 AM – 5:00 PM | Saturday: 8:00 AM – 5:00 PM | Sunday: 8:00 AM – 5:00 PM,OPERATIONAL,Weligama Border,cafe,cafe,Top,False
